player,g,mp,pts,orb,drb,trb,ast,stl,blk,o_rtg,d_rtg,e_fg_percent,ft_percent
Mikal Bridges,82,3036,23.6,1.2,3.1,4.2,5,1.2,0.7,117,118,0.57,0.814
Josh Hart,77,2897,18,2.8,9.9,12.6,7.8,2,0.5,125,112,0.579,0.776
Anthony Edwards,79,2871,37.4,1,6.7,7.7,6.2,1.6,0.9,115,112,0.547,0.837
Devin Booker,75,2795,34,1.3,4.1,5.4,9.4,1.2,0.3,119,123,0.525,0.894
James Harden,79,2789,31.8,1,7.1,8.1,12.1,2.1,1,114,110,0.501,0.874
DeMar DeRozan,77,2768,30.2,0.9,4.4,5.3,6,1.1,0.6,120,119,0.509,0.857
Trae Young,76,2739,31.4,0.6,3.4,4,15,1.6,0.2,114,119,0.491,0.875
Tyler Herro,77,2725,33.7,0.6,6.7,7.3,7.8,1.3,0.3,117,115,0.563,0.878
OG Anunoby,74,2706,24.4,1.8,4.8,6.6,3,2,1.2,118,114,0.559,0.81
Jalen Green,82,2697,31.1,0.8,6,6.8,5.1,1.3,0.5,110,113,0.505,0.813
Christian Braun,79,2675,21.9,1.8,5.6,7.4,3.7,1.5,0.7,133,118,0.634,0.827
Bam Adebayo,78,2674,26.3,3.5,10.5,14,6.3,1.8,1,115,110,0.521,0.765
Ivica Zubac,80,2624,25.1,5.6,13.3,19,4,1,1.7,129,108,0.628,0.661
Jayson Tatum,72,2624,36.9,0.9,11,11.9,8.2,1.5,0.7,117,110,0.537,0.814
Jaden McDaniels,82,2614,18.9,2.4,6.4,8.9,3.1,2.1,1.4,115,110,0.537,0.813
Keegan Murray,76,2610,17.7,2.7,6.8,9.5,2,1.1,1.3,116,117,0.538,0.833
Zach LaVine,74,2602,31.6,0.4,5.4,5.8,5.7,1.1,0.2,116,119,0.609,0.825
Zach LaVine,42,1432,32.8,0.4,6.2,6.6,6.2,1.3,0.3,115,117,0.607,0.797
Zach LaVine,32,1170,30,0.4,4.3,4.7,5.1,0.8,0.1,117,121,0.611,0.874
Shai Gilgeous-Alexander,76,2598,45.9,1.2,5.8,7,9,2.4,1.4,129,107,0.569,0.898
Michael Porter Jr.,77,2593,25.9,2.6,7.5,10,3.1,0.9,0.7,122,118,0.596,0.768
Derrick White,76,2574,24.3,1.3,5.3,6.6,7,1.4,1.6,123,112,0.58,0.839
Dyson Daniels,76,2571,19.5,2.3,5.9,8.2,6.1,4.2,1,110,111,0.536,0.593
Nikola Jokić,70,2571,38.7,3.7,12.9,16.7,13.4,2.4,0.8,133,111,0.627,0.8
Austin Reaves,73,2550,28.5,1.2,5.2,6.3,8.1,1.6,0.4,122,117,0.556,0.877
Toumani Camara,78,2548,16.8,3.3,5.3,8.6,3.3,2.2,1,117,115,0.552,0.722
Pascal Siakam,78,2548,29.8,2.5,7.7,10.2,5,1.3,0.8,120,115,0.572,0.734
Brook Lopez,80,2546,19.8,2.1,5.5,7.6,2.7,0.9,2.8,122,114,0.599,0.826
Karl-Anthony Towns,72,2517,34.7,4.2,14,18.1,4.4,1.4,1,122,110,0.584,0.829
Bub Carrington,82,2458,15.6,0.6,6,6.6,7,1,0.4,104,121,0.493,0.812
Cade Cunningham,70,2452,35.9,1.1,7.2,8.3,12.5,1.4,1,112,113,0.521,0.846
Tyrese Haliburton,73,2451,26.6,0.8,4.2,5.1,13.2,2.1,1,131,115,0.582,0.851
Coby White,74,2450,28.8,0.5,4.7,5.2,6.3,1.3,0.3,114,118,0.55,0.902
LeBron James,70,2444,34.4,1.4,9.5,11,11.6,1.4,0.8,117,114,0.571,0.782
Domantas Sabonis,70,2429,26.9,5.4,14.2,19.6,8.5,1,0.5,128,114,0.627,0.754
Jamal Murray,67,2418,28.6,0.9,4.3,5.2,8,1.8,0.7,120,118,0.543,0.886
Alperen Şengün,76,2395,29.5,5.3,10.7,16,7.6,1.7,1.2,116,108,0.505,0.692
Dillon Brooks,75,2388,21.5,1.5,4.1,5.6,2.6,1.2,0.3,117,114,0.533,0.818
Rudy Gobert,72,2388,17.9,5.5,10.7,16.2,2.6,1.2,2.1,138,109,0.669,0.674
Tobias Harris,73,2305,20.9,1.4,7.7,9,3.4,1.5,1.2,116,113,0.534,0.861
Darius Garland,75,2301,32.3,1,3.5,4.5,10.6,1.9,0.2,121,115,0.562,0.878
Jalen Brunson,65,2301,36.4,0.6,3.5,4,10.2,1.3,0.2,123,118,0.551,0.821
Jarrett Allen,82,2296,23.1,4.5,12.2,16.7,3.3,1.6,1.5,142,108,0.706,0.718
Chris Paul,82,2292,15.2,0.7,5.5,6.2,12.8,2.2,0.5,125,118,0.547,0.924
Anfernee Simons,70,2292,28.6,0.5,3.5,4,7.1,1.3,0.1,115,119,0.521,0.902
Giannis Antetokounmpo,67,2289,43,3.1,13.8,16.9,9.1,1.2,1.6,122,109,0.607,0.617
Malik Beasley,82,2283,28.1,1,3.5,4.5,2.9,1.5,0.1,116,117,0.579,0.679
Kentavious Caldwell-Pope,77,2279,14.7,0.7,3,3.7,3,2.2,0.7,115,112,0.543,0.863
Nikola Vučević,73,2278,27.6,3.6,11.4,15.1,5.2,1.2,1.1,122,113,0.592,0.805
Payton Pritchard,80,2271,25.3,2.3,4.5,6.8,6.2,1.5,0.3,131,114,0.62,0.845
Kevin Durant,62,2265,36,0.5,7.7,8.2,5.7,1.1,1.7,117,119,0.598,0.839
Shaedon Sharpe,72,2252,28.8,1.5,5.5,7,4.3,1.3,0.3,110,117,0.519,0.785
Stephen Curry,70,2252,37.1,0.9,5.8,6.7,9.1,1.7,0.6,120,113,0.572,0.933
De'Aaron Fox,62,2241,31.7,1.2,5.3,6.5,8.5,2,0.5,113,117,0.514,0.827
De'Aaron Fox,45,1663,33.1,1.3,5.3,6.6,8.1,1.9,0.6,113,117,0.521,0.829
De'Aaron Fox,17,578,28,0.8,5.4,6.1,9.7,2.1,0.4,111,118,0.493,0.819
Jalen Williams,69,2237,32,1.3,6.7,7.9,7.6,2.4,1,116,107,0.537,0.789
Donovan Mitchell,71,2232,36.7,1.2,5.7,6.9,7.6,2,0.4,118,113,0.531,0.823
Harrison Barnes,82,2230,21.9,2.1,4.6,6.7,2.9,0.8,0.3,132,122,0.622,0.809
Julius Randle,69,2226,28.5,3.2,7.6,10.8,7.2,1,0.4,117,113,0.542,0.806
Amen Thompson,69,2225,21.2,4.2,8.1,12.3,5.8,2.1,1.9,123,108,0.575,0.684
Jaren Jackson Jr.,74,2207,34.6,1.9,6.9,8.8,3.1,1.9,2.4,115,111,0.548,0.781
Desmond Bane,69,2205,28,1.3,7.5,8.8,7.8,1.7,0.6,119,113,0.565,0.894
Naz Reid,80,2200,25.5,2.1,8.7,10.8,4.1,1.3,1.6,115,110,0.556,0.776
Tyus Jones,81,2174,18.9,0.9,3.5,4.5,9.8,1.6,0.2,124,122,0.57,0.895
Myles Turner,72,2174,24.8,2,8.4,10.4,2.5,1.2,3.2,113,112,0.577,0.773
Evan Mobley,71,2167,29.2,3.6,11,14.6,5,1.4,2.5,124,108,0.604,0.725
Taurean Prince,80,2166,14.6,0.8,5.6,6.4,3.5,1.7,0.3,114,115,0.6,0.813
Stephon Castle,81,2162,26.6,2,4.6,6.6,7.4,1.7,0.5,106,119,0.476,0.724
Deni Avdija,72,2161,27.4,2.5,9.3,11.7,6.3,1.6,0.8,116,113,0.55,0.78
Jaylen Brown,63,2158,32.5,1.9,6.6,8.6,6.6,1.7,0.4,112,112,0.515,0.764
Tim Hardaway Jr.,77,2153,18.9,0.4,3.7,4.1,2.7,0.8,0.2,117,118,0.529,0.855
Bennedict Mathurin,72,2149,25.9,1.9,6.6,8.6,3,1.1,0.5,110,116,0.516,0.831
Spencer Dinwiddie,79,2136,19.7,0.4,4.3,4.7,7.9,1.6,0.4,116,119,0.496,0.802
Scottie Barnes,65,2134,28.2,2.5,8.9,11.3,8.5,2.1,1.4,107,112,0.482,0.755
Max Christie,78,2127,17.2,0.9,5,5.9,3.4,1.5,0.7,111,117,0.525,0.855
Max Christie,46,1154,16.6,1.1,4.2,5.2,2.8,1.5,0.9,117,117,0.549,0.851
Max Christie,32,973,17.8,0.6,6.1,6.7,4,1.4,0.5,106,118,0.502,0.862
Josh Giddey,70,2117,22.5,2.8,9.7,12.5,11.1,1.9,1,115,113,0.531,0.781
Fred VanVleet,60,2111,19.5,0.7,4.4,5.1,7.7,2.2,0.6,117,112,0.483,0.81
Keyonte George,67,2109,25.6,0.6,5.2,5.8,8.6,1,0.2,109,123,0.485,0.818
Dennis Schröder,75,2105,22.7,0.6,4,4.6,9.4,1.5,0.3,111,117,0.483,0.838
Dennis Schröder,23,772,27.3,0.3,4.1,4.4,9.8,1.7,0.3,116,118,0.542,0.889
Dennis Schröder,24,628,19.7,0.8,3.6,4.3,8.1,1.9,0.2,99,114,0.448,0.744
Dennis Schröder,28,705,20.6,0.9,4.2,5,10,1,0.3,117,117,0.442,0.833
Damian Lillard,58,2093,33.4,0.7,5.6,6.3,9.5,1.6,0.2,122,115,0.547,0.921
Russell Westbrook,75,2092,22.8,2.3,6.2,8.5,10.5,2.4,0.9,105,115,0.505,0.661
Kelly Oubre Jr.,60,2078,21.5,2.3,6.4,8.7,2.6,2.2,0.7,111,118,0.518,0.751
Nickeil Alexander-Walker,82,2073,18.4,1.3,5,6.3,5.3,1.2,0.8,116,114,0.553,0.78
Luguentz Dort,71,2073,16.6,2.1,4.7,6.8,2.7,1.8,0.9,120,110,0.578,0.717
Onyeka Okongwu,74,2064,22.4,5,10,15,3.8,1.6,1.5,129,114,0.602,0.759
Malik Monk,65,2054,26.6,0.7,5.1,5.8,8.6,1.5,0.9,110,117,0.513,0.865
Jaylen Wells,79,2043,18.7,2,4.1,6.1,3.1,1,0.2,117,118,0.527,0.822
Jalen Duren,78,2034,21.7,6.5,12.5,19.1,4.9,1.3,2.1,134,109,0.692,0.669
Jalen Wilson,79,2031,18.4,1.8,4.8,6.6,3.6,1,0.1,110,119,0.495,0.818
Miles Bridges,64,2029,31.5,1.7,9.9,11.7,6,1.1,1.1,110,116,0.495,0.87
Davion Mitchell,74,2027,14.2,0.8,3.2,4,8.8,1.7,0.4,113,117,0.557,0.69
Davion Mitchell,44,1080,12.4,0.7,3.1,3.8,9,1.4,0.4,106,118,0.52,0.676
Davion Mitchell,30,947,16.3,1,3.3,4.3,8.4,2.2,0.4,121,115,0.595,0.702
Franz Wagner,60,2023,35.8,1.4,7.1,8.4,7,1.9,0.5,113,110,0.507,0.871
Quentin Grimes,75,2013,26.5,1.4,6.4,7.9,5.5,1.8,0.5,113,118,0.565,0.757
Quentin Grimes,47,1070,21.7,1.4,6.7,8.1,4.6,1.4,0.5,114,117,0.573,0.765
Quentin Grimes,28,943,32,1.5,6.1,7.6,6.6,2.2,0.6,112,118,0.559,0.752
Jordan Poole,68,2001,33.1,0.7,4.1,4.8,7.2,2,0.6,109,120,0.544,0.883
Draymond Green,68,1983,15,1.8,8.3,10.2,9.4,2.4,1.7,107,109,0.503,0.687
Devin Vassell,64,1983,25.4,0.8,5.4,6.2,4.5,2,0.8,109,118,0.532,0.792
Klay Thompson,72,1965,24.7,1.1,5,6.1,3.6,1.2,0.7,108,119,0.535,0.905
Tyrese Maxey,52,1960,34.4,0.4,4,4.4,8,2.3,0.5,114,119,0.511,0.879
Norman Powell,60,1958,32.8,0.5,4.2,4.8,3.1,1.8,0.2,116,113,0.578,0.804
Yves Missi,73,1956,16.5,6.3,8.6,14.9,2.5,0.9,2.4,120,119,0.547,0.623
Keon Ellis,80,1948,16.7,1.5,3.8,5.3,3,3,1.6,125,114,0.639,0.849
Bilal Coulibaly,59,1948,17.8,2.2,5,7.2,4.9,1.9,1,103,120,0.472,0.746
Kyle Kuzma,65,1936,23.9,1.3,7.8,9.2,3.8,0.9,0.5,96,118,0.493,0.634
Kyle Kuzma,32,887,26.1,1.4,8.5,9.9,4.2,1.1,0.4,93,120,0.469,0.602
Kyle Kuzma,33,1049,22,1.2,7.3,8.5,3.4,0.7,0.6,100,116,0.52,0.663
Julian Champagnie,82,1932,20.4,1.7,6.3,8,2.8,1.5,0.9,113,118,0.549,0.904
Keon Johnson,79,1925,21.7,1.6,6.1,7.7,4.5,2.1,0.8,100,115,0.47,0.77
Naji Marshall,69,1919,23,1.9,6.4,8.3,5.2,1.8,0.3,115,117,0.551,0.813
Jrue Holiday,62,1896,18.1,2,5,7,6.3,1.7,0.7,121,113,0.538,0.909
Guerschon Yabusele,70,1895,20,3.5,6.8,10.3,3.9,1.5,0.6,122,119,0.593,0.725
Gary Trent Jr.,74,1893,21,0.5,3.8,4.3,2.2,1.8,0.1,115,116,0.568,0.848
Anthony Black,78,1887,19.5,1.4,4.7,6.1,6.4,2.3,1.3,103,110,0.473,0.761
Josh Green,68,1887,13.2,1.5,3,4.5,2.8,1.9,0.4,109,119,0.543,0.681
Nic Claxton,70,1882,19.2,4.2,9.5,13.6,4.2,1.6,2.6,115,112,0.568,0.513
Andrew Nembhard,65,1881,16.7,0.9,4.7,5.5,8.3,2,0.3,111,116,0.506,0.794
Cason Wallace,68,1876,14.5,1.8,4,5.9,4.4,3.1,0.9,118,108,0.55,0.811
Derrick Jones Jr.,77,1873,20.5,2.4,4.5,6.9,1.6,2.1,0.9,118,112,0.593,0.703
Rui Hachimura,59,1869,20.4,2.1,5.7,7.8,2.2,1.2,0.7,123,117,0.597,0.77
RJ Barrett,58,1869,31.5,1.6,7.9,9.4,8.1,1.2,0.4,108,116,0.523,0.63
Buddy Hield,82,1863,23.8,1.3,5.6,6.9,3.5,1.8,0.6,108,113,0.546,0.828
Trey Murphy III,53,1854,29.4,1.2,5.8,7,4.9,1.5,1,118,121,0.548,0.887
Zaccharie Risacher,75,1843,23.9,2.2,4.6,6.8,2.3,1.3,0.9,108,118,0.537,0.711
Andrew Wiggins,60,1842,28.7,2.4,4.8,7.2,4.2,1.6,1.3,113,113,0.526,0.763
Andrew Wiggins,43,1296,28.3,2.5,4.9,7.4,3.8,1.5,1.2,116,114,0.524,0.777
Andrew Wiggins,17,546,29.5,2.1,4.5,6.6,5.1,1.8,1.6,107,113,0.53,0.731
Isaiah Collier,71,1839,16,0.8,5.3,6.1,11.6,1.7,0.4,99,121,0.459,0.682
Keldon Johnson,77,1838,25.7,2.9,6.8,9.8,3.3,1.3,0.6,115,119,0.538,0.773
Royce O'Neale,75,1837,18.3,1.4,8,9.4,4.4,1.8,0.9,115,118,0.58,0.731
P.J. Washington,57,1835,22,2.2,9.5,11.7,3.5,1.7,1.6,107,114,0.521,0.722
CJ McCollum,56,1832,31.3,1.1,4.5,5.6,6,1.2,0.6,110,123,0.53,0.717
Haywood Highsmith,74,1818,13.1,2,4.9,6.9,3.1,1.9,1,116,114,0.572,0.721
Dorian Finney-Smith,63,1818,14.9,2.2,4.5,6.7,2.4,1.6,0.6,118,117,0.597,0.667
Dorian Finney-Smith,20,579,17.9,2.7,5.2,7.8,2.7,1.5,1,120,117,0.607,0.625
Dorian Finney-Smith,43,1239,13.5,1.9,4.2,6.2,2.3,1.6,0.4,116,117,0.591,0.714
Alex Sarr,67,1814,22.8,3.3,8.2,11.4,4.2,1.2,2.6,99,117,0.457,0.679
Kyrie Irving,50,1804,33.1,1.6,4.8,6.4,6.2,1.8,0.6,118,118,0.549,0.916
Kyshawn George,68,1802,15.6,1.3,6.2,7.5,4.5,1.8,1.3,100,118,0.476,0.753
Cameron Johnson,57,1800,29.6,1.5,5.3,6.8,5.4,1.5,0.7,122,117,0.582,0.893
Duncan Robinson,74,1785,22.8,0.5,4.2,4.7,4.9,1.1,0.2,112,117,0.581,0.887
Kris Dunn,74,1783,13.1,1.5,5.5,6.9,5.8,3.5,0.7,111,108,0.525,0.682
Luka Dončić,50,1769,38.9,1.1,10.2,11.3,10.6,2.5,0.6,116,112,0.536,0.782
Luka Dončić,22,785,38.1,1,10.3,11.3,10.6,2.7,0.6,115,112,0.544,0.767
Luka Dončić,28,984,39.4,1.2,10.1,11.3,10.5,2.2,0.6,116,112,0.53,0.791
Scoot Henderson,66,1759,23.1,1.4,4,5.5,9.3,1.9,0.4,107,117,0.496,0.767
Wendell Carter Jr.,68,1758,17.6,4.3,9.7,14,3.8,1.5,1.2,115,109,0.498,0.737
Collin Sexton,63,1758,31.6,1.6,3,4.7,7.2,1.3,0.2,115,124,0.543,0.865
Mike Conley,71,1756,16.4,0.9,4.2,5.1,9,2.2,0.4,125,113,0.535,0.9
Amir Coffey,72,1748,19.6,0.9,3.6,4.5,2.2,1.1,0.2,122,115,0.57,0.891
Jimmy Butler,55,1746,27.2,3.5,4.8,8.3,8.4,2.2,0.5,136,113,0.531,0.842
Jimmy Butler,25,766,27.7,3.6,4.9,8.5,7.8,1.8,0.7,136,114,0.565,0.801
Jimmy Butler,30,980,26.7,3.5,4.7,8.2,8.8,2.5,0.4,136,113,0.504,0.87
Aaron Wiggins,76,1744,25.2,2.2,5.9,8.1,3.7,1.7,0.5,119,110,0.577,0.831
Walker Kessler,58,1740,17.7,7.3,12.2,19.5,2.7,1,3.8,130,115,0.671,0.52
De'Andre Hunter,64,1740,29.6,1.2,5.8,7,2.5,1.4,0.4,120,117,0.573,0.846
De'Andre Hunter,37,1064,30.9,1.2,5.2,6.4,2.5,1.4,0.2,118,119,0.56,0.858
De'Andre Hunter,27,676,27.5,1.2,6.8,8,2.5,1.4,0.6,125,113,0.596,0.821
Ochai Agbaji,64,1739,18.5,1.7,5,6.7,2.7,1.6,0.8,117,116,0.593,0.708
Brandin Podziemski,64,1716,21.2,1.8,7.4,9.2,6.2,2,0.4,116,112,0.537,0.758
Jabari Smith Jr.,57,1716,19.8,3,8.3,11.3,1.7,0.7,1.2,118,112,0.525,0.825
Anthony Davis,51,1706,36.3,3.9,13.1,17,5.2,1.7,3.2,118,108,0.536,0.775
Anthony Davis,42,1440,36.9,4.1,13,17,4.8,1.8,3.1,120,108,0.546,0.788
Anthony Davis,9,266,32.7,2.7,13.8,16.5,7.3,0.9,3.6,107,110,0.484,0.688
Bradley Beal,53,1702,26.2,1,4.2,5.1,5.7,1.7,0.8,114,121,0.571,0.803
Georges Niang,79,1697,22,1.3,6.3,7.6,3.1,0.8,0.4,115,117,0.595,0.793
Georges Niang,51,1053,20.3,1.6,7.1,8.6,3.1,0.8,0.3,117,115,0.606,0.793
Georges Niang,28,644,24.6,0.9,5.1,6,3.2,0.8,0.5,111,120,0.581,0.793
Jakob Poeltl,57,1686,23.5,5.4,10.2,15.6,4.5,1.9,2,122,110,0.628,0.674
Scotty Pippen Jr.,79,1683,21.5,1.8,5.4,7.2,9.6,2.8,0.8,118,112,0.553,0.713
Kevin Huerter,69,1679,19.4,0.9,5,5.8,4.4,1.9,0.7,109,117,0.535,0.714
Kevin Huerter,43,899,18.4,1,5.5,6.5,4,2,0.9,106,116,0.513,0.714
Kevin Huerter,26,780,20.5,0.7,4.4,5.1,4.9,1.8,0.4,112,117,0.558,0.714
Santi Aldama,65,1660,22.7,2.6,9,11.6,5.3,1.5,0.8,123,113,0.576,0.691
A.J. Green,73,1659,15.8,0.5,4.5,5.1,3.1,1.1,0.2,119,117,0.612,0.815
Al Horford,60,1659,16.3,2.4,8.8,11.2,3.9,1.1,1.5,121,111,0.547,0.895
Terry Rozier,64,1658,20.4,1.3,5.8,7.2,5,1.1,0.4,103,116,0.462,0.852
Peyton Watson,68,1656,16,1.4,5.4,6.8,2.7,1.4,2.7,113,116,0.533,0.693
Moses Moody,74,1649,21.4,1.5,4,5.6,2.8,1.7,0.9,116,114,0.544,0.797
Tristan Da Silva,74,1629,16.3,2.2,5.3,7.5,3.5,1,0.6,109,113,0.495,0.873
Donte DiVincenzo,62,1606,22.2,1,6,7,6.9,2.2,0.5,115,111,0.568,0.778
Isaiah Joe,74,1604,22.6,1.2,4.6,5.9,3.6,1.4,0.3,125,112,0.604,0.821
Corey Kispert,61,1602,20.9,1.1,4.3,5.4,3.1,0.8,0.4,112,123,0.558,0.852
Caris LeVert,64,1596,23.1,1.2,4.8,6,6.4,1.7,1,119,115,0.556,0.71
Caris LeVert,38,904,20.6,1.2,4.5,5.7,7.4,1.8,1,119,114,0.554,0.699
Caris LeVert,26,692,26.2,1.3,5.2,6.5,5.1,1.6,0.9,119,117,0.558,0.722
Miles McBride,64,1593,19,1.5,3.6,5,5.8,2.1,0.5,117,116,0.511,0.813
Isaiah Hartenstein,57,1590,19.2,4.9,13.5,18.4,6.6,1.4,1.9,124,104,0.581,0.675
Gradey Dick,54,1587,23.6,1.3,4.5,5.9,3,1.5,0.3,107,117,0.498,0.858
Paolo Banchero,46,1582,37.6,1.6,9.3,10.9,6.9,1.1,0.9,109,110,0.5,0.727
Patrick Williams,63,1576,16.8,1.3,5.7,7,3.7,1.4,0.9,100,117,0.49,0.723
Obi Toppin,79,1545,25.9,1.7,8.2,9.9,4,1.4,0.9,122,114,0.621,0.781
Grayson Allen,64,1544,21.8,1.1,5.1,6.2,4.4,1.7,0.6,119,120,0.6,0.816
Sam Hauser,71,1541,19.7,1.4,5.9,7.3,2.1,1.3,0.4,128,113,0.627,1
Ziaire Williams,63,1541,20.4,2,7.3,9.3,2.7,2,0.9,109,114,0.511,0.821
Gabe Vincent,72,1527,14.8,0.6,2.3,3,3.2,1.6,0.4,108,118,0.53,0.714
Victor Wembanyama,46,1527,35.3,2.6,13.4,16,5.3,1.6,5.6,109,108,0.559,0.836
Jerami Grant,47,1524,21.6,0.8,4.4,5.2,3.2,1.3,1.5,109,117,0.467,0.849
Jonas Valančiūnas,81,1524,26.6,6,13.8,19.8,5.2,1.2,1.4,118,114,0.557,0.879
Jonas Valančiūnas,49,983,27.3,5.8,13.7,19.6,5.2,1.1,1.4,115,115,0.556,0.896
Jonas Valančiūnas,32,541,25.2,6.3,13.8,20.2,5.1,1.4,1.6,125,112,0.559,0.847
Kyle Filipowski,72,1522,21.8,3.5,10.3,13.9,4.4,1.5,0.7,115,118,0.576,0.65
Ja Morant,50,1519,35.5,1,5.2,6.3,11.1,1.9,0.4,113,115,0.504,0.824
Matas Buzelis,80,1511,21.3,1.7,6.9,8.6,2.4,0.9,2.3,108,115,0.541,0.815
LaMelo Ball,47,1505,38.7,1.5,6,7.6,11.3,1.8,0.4,108,117,0.494,0.843
Dalton Knecht,78,1494,23.2,1.2,5.9,7.1,2.2,0.8,0.3,117,118,0.576,0.762
Kevin Porter Jr.,75,1482,25.4,1.4,7.8,9.2,8.4,2.7,0.4,105,110,0.492,0.769
Kevin Porter Jr.,45,884,23.3,1.6,7.3,8.9,8,2.4,0.6,96,110,0.455,0.645
Kevin Porter Jr.,30,598,28.5,1.1,8.5,9.5,9.1,3.1,0.2,118,110,0.553,0.871
D'Angelo Russell,58,1480,24.5,0.7,4.7,5.4,9.9,1.9,0.8,109,116,0.479,0.834
D'Angelo Russell,29,763,23.1,0.5,4.6,5.2,8.8,1.5,0.3,110,117,0.505,0.849
D'Angelo Russell,29,717,25.9,0.8,4.9,5.7,11.2,2.3,1.3,107,115,0.454,0.826
Lauri Markkanen,47,1476,29,2.3,6.7,9,2.3,1.1,0.6,115,122,0.521,0.876
Luke Kennard,65,1472,18.2,1.2,4.6,5.8,6.8,1.6,0.2,127,116,0.609,0.895
Jamal Shead,75,1467,17.5,1,2.8,3.8,10.4,1.9,0.3,104,117,0.476,0.768
Aaron Gordon,51,1447,24.9,2.7,5.5,8.2,5.5,0.8,0.5,129,120,0.607,0.81
Isaiah Stewart,72,1434,14.6,4.4,9,13.4,4.1,0.9,3.4,125,110,0.586,0.759
Brice Sensabaugh,71,1432,25.9,1.4,5.6,7,3.7,1.5,0.3,111,122,0.59,0.89
Goga Bitadze,70,1430,17.5,5.8,10.3,16.2,4.8,1.7,3.4,127,105,0.615,0.639
Kel'el Ware,64,1422,20.9,4.1,12.5,16.6,2.1,1.4,2.5,118,108,0.592,0.687
Tari Eason,57,1420,23.5,4.4,8,12.4,2.8,3.3,1.7,119,106,0.543,0.76
Zach Edey,66,1416,20,7.6,10.4,18,2.1,1.2,2.8,124,110,0.6,0.709
T.J. McConnell,79,1415,24.5,1.5,5.1,6.6,11.9,2.8,0.7,113,113,0.531,0.74
Terance Mann,67,1414,17.6,2.3,4.4,6.8,4.1,1.6,0.5,120,116,0.569,0.691
Terance Mann,37,732,15,2.2,5,7.2,4,1.9,0.7,113,112,0.513,0.719
Terance Mann,30,682,20.2,2.5,3.8,6.3,4.3,1.3,0.3,127,120,0.619,0.667
Ryan Dunn,74,1410,17.9,3.2,6.1,9.4,2,1.5,1.4,107,119,0.516,0.487
Sam Merrill,71,1401,17.5,1.3,4.1,5.4,3.7,1.8,0.5,122,114,0.567,0.966
Ayo Dosunmu,46,1394,19,0.9,4.5,5.4,7,1.4,0.6,117,118,0.561,0.785
Ty Jerome,70,1392,30.3,1.7,4.3,6,8.2,2.7,0.1,128,113,0.606,0.872
Julian Strawther,65,1384,20.4,0.6,4.3,4.9,2.9,1.4,0.6,109,119,0.529,0.822
Nick Smith Jr.,60,1369,21.2,0.5,4.1,4.6,5.2,0.6,0.2,100,121,0.482,0.935
Jaime Jaquez Jr.,66,1368,20.8,3.1,7.5,10.6,6.1,2.2,0.5,108,112,0.501,0.754
Nicolas Batum,78,1367,11.3,1.7,6.2,7.9,3,1.9,1.3,126,111,0.622,0.81
Jose Alvarado,56,1366,20.5,1,3.9,4.8,9.2,2.6,0.5,110,120,0.498,0.811
Jeremy Sochan,54,1364,21.9,4.5,8,12.5,4.5,1.6,1,116,117,0.565,0.696
Luke Kornet,73,1361,16.2,7,7.3,14.3,4.3,1.3,2.6,152,110,0.668,0.691
Trey Lyles,69,1349,16.3,2.9,8.6,11.5,3,1.5,0.8,117,116,0.528,0.7
Jake LaRavia,66,1349,16,3.1,5.9,9,5.5,2.2,0.8,117,114,0.564,0.678
Jake LaRavia,47,982,16.2,3.2,6.5,9.7,6.3,2.1,0.9,119,113,0.573,0.698
Jake LaRavia,19,367,15.3,3.1,4.1,7.2,3.3,2.4,0.4,111,116,0.542,0.579
Bogdan Bogdanović,54,1348,20.8,0.9,4.8,5.7,5.2,1.5,0.4,110,116,0.534,0.879
Bogdan Bogdanović,24,598,18.8,0.9,4.2,5.2,3.8,1.6,0.5,98,118,0.469,0.882
Bogdan Bogdanović,30,750,22.5,0.8,5.3,6.1,6.4,1.4,0.3,120,113,0.588,0.875
Justin Champagnie,62,1340,19.3,4,8.5,12.5,2.1,2.3,1.4,119,116,0.601,0.685
Paul George,41,1334,24.6,0.9,7.2,8.1,6.6,2.8,0.7,104,116,0.514,0.814
Ausar Thompson,59,1328,21.5,4,7,11,4.9,3.5,1.4,115,108,0.547,0.641
Donovan Clingan,67,1324,16,8,11.4,19.3,2.8,1.2,4,120,109,0.56,0.596
Jordan Hawkins,56,1321,22.1,0.9,4.9,5.8,2.4,1.1,0.8,101,123,0.471,0.816
Tyrese Martin,60,1315,19.8,2.2,6.1,8.3,4.6,1.3,0.3,105,118,0.513,0.793
Mason Plumlee,74,1300,12.7,4.4,12.9,17.3,5.1,1.3,1.8,131,115,0.619,0.648
Jonathan Mogbo,63,1286,14.6,4.1,7.6,11.6,5.5,2.1,1.3,108,113,0.462,0.732
Jalen Johnson,36,1284,24.8,2.3,10.8,13.1,6.6,2,1.3,110,113,0.541,0.746
Max Strus,50,1273,17.8,2,6.2,8.2,6,1,0.5,125,115,0.594,0.824
Johnny Juzang,64,1270,21.6,1.6,5.4,7,2.6,1.5,0.3,117,122,0.554,0.849
Ron Holland,81,1266,19.8,1.5,6.8,8.3,3.1,1.9,0.6,107,113,0.517,0.754
Javonte Green,68,1258,13.3,2.3,6.1,8.4,2.2,2.5,1.2,114,117,0.509,0.724
Javonte Green,50,1092,12.8,2.2,5.7,7.9,2,2.4,1.3,117,119,0.531,0.758
Javonte Green,18,166,17.1,2.9,8.7,11.6,3.2,2.9,0.3,102,109,0.429,0.5
Nick Richards,57,1256,20.8,5.8,12.5,18.3,1.9,0.6,2.2,120,115,0.591,0.744
Nick Richards,21,440,20.9,5.7,12,17.7,3.1,0.8,2.9,116,113,0.561,0.678
Nick Richards,36,816,20.7,5.9,12.8,18.7,1.3,0.4,1.8,122,117,0.605,0.822
Dean Wade,59,1252,12.3,2,7.6,9.6,2.9,1.6,0.8,123,112,0.561,0.533
Ricky Council IV,73,1250,21,2,6.4,8.4,3.8,1.3,0.5,106,120,0.442,0.804
Tidjane Salaün,60,1244,14,2.8,8.3,11.1,2.9,1.1,0.6,97,117,0.414,0.713
Bobby Portis,49,1244,26.4,3.5,12.5,16,4,1.4,1,111,110,0.52,0.836
Moussa Diabaté,71,1241,16,7.4,9.9,17.4,2.2,1.8,1.6,122,113,0.596,0.595
Jeremiah Robinson-Earl,66,1239,16.3,4.3,8,12.3,3.4,1.5,0.3,117,120,0.536,0.836
Simone Fontecchio,75,1237,17.3,2,6.3,8.4,2.5,1.2,0.5,109,115,0.504,0.833
Cole Anthony,67,1234,25.5,1.9,6.4,8.3,7.7,1.8,1.3,106,110,0.494,0.823
Ben Sheppard,63,1228,13,1.7,5.2,6.9,3.3,1.5,0.5,119,116,0.537,0.889
Daniel Gafford,57,1226,27.7,6.1,9.2,15.3,3.2,0.9,4,137,113,0.702,0.689
John Collins,40,1220,29.8,3.5,9.4,12.9,3.1,1.5,1.6,116,118,0.583,0.848
Caleb Martin,45,1218,14.3,2.1,5,7.1,3.8,1.9,0.9,105,119,0.485,0.622
Caleb Martin,31,943,14.7,2.2,4.9,7.1,3.6,1.8,1,107,119,0.506,0.622
Caleb Martin,14,275,13.2,1.8,5.5,7.2,4.6,2.1,0.5,98,116,0.417,0.625
Kristaps Porziņģis,42,1210,33.9,2.8,9,11.8,3.6,1.3,2.6,125,109,0.572,0.809
Brandon Clarke,64,1207,20.6,4.9,7.7,12.6,2.5,2,1.4,131,112,0.622,0.701
Deandre Ayton,40,1206,23.2,5,11.4,16.4,2.6,1.2,1.6,115,112,0.573,0.667
Jarace Walker,75,1187,18.7,1,8.3,9.3,4.5,2.2,1,106,112,0.576,0.667
Kawhi Leonard,37,1180,33.2,1.5,7.7,9.1,4.8,2.5,0.7,114,109,0.56,0.81
Clint Capela,55,1176,19.4,6.9,11.7,18.7,2.5,1.4,2.1,120,113,0.559,0.536
Cody Martin,53,1173,15,2.2,7.2,9.4,4.4,2.4,1.3,106,115,0.485,0.705
Cody Martin,39,967,15.6,2,6.9,9,4.5,2.2,1.3,109,115,0.507,0.694
Cody Martin,14,206,12.5,3.1,8.4,11.5,3.8,3.1,1.4,96,114,0.377,0.75
Mark Williams,44,1171,28.2,5.5,13.2,18.8,4.6,1.3,2.3,127,111,0.604,0.804
Precious Achiuwa,57,1170,16.1,4.3,9.2,13.4,2.3,2,1.8,112,111,0.517,0.594
Nikola Jović,46,1156,21.3,1.1,6.6,7.8,5.7,1.6,0.6,115,114,0.56,0.828
Justin Edwards,44,1155,19,2,4.4,6.3,2.9,1.9,0.7,109,120,0.546,0.696
Vit Krejci,57,1153,16.7,0.9,5.4,6.3,6,1.5,1.1,127,117,0.651,0.711
Jonathan Kuminga,47,1144,30.6,2.4,6.8,9.2,4.4,1.6,0.9,108,112,0.495,0.668
Kevon Looney,76,1142,14.7,7.9,11.8,19.7,5,2,1.6,128,108,0.518,0.566
Kenrich Williams,69,1132,18.5,2.8,7.5,10.2,4.1,1.8,0.4,122,109,0.576,0.718
Julian Phillips,79,1123,15.2,2.8,4.2,7,1.6,1.6,0.8,118,117,0.533,0.789
Aaron Nesmith,45,1123,23.2,1.6,6,7.6,2.3,1.5,0.7,124,116,0.617,0.913
Dalano Banton,67,1120,24.3,1.3,4.6,5.9,6.9,1.9,1.5,103,115,0.462,0.728
Ben Simmons,51,1120,11.3,2.1,8.6,10.7,12.6,1.7,1,110,113,0.52,0.727
Ben Simmons,33,825,12.3,1.8,8.6,10.4,13.8,1.6,1,109,115,0.547,0.692
Ben Simmons,18,295,8.7,2.8,8.7,11.5,9.3,2,1.2,115,109,0.434,0.857
Ja'Kobe Walter,52,1103,19.6,2.6,4.4,7,3.5,1.9,0.4,108,116,0.487,0.795
Jaxson Hayes,56,1093,17.2,3.5,8.6,12.1,2.6,1.4,2.3,135,112,0.722,0.622
Cameron Payne,72,1090,22.8,0.6,4.1,4.7,9.2,1.8,0.7,115,116,0.506,0.907
Jonathan Isaac,71,1090,17.4,5.5,8.9,14.4,1.8,2.8,3.7,113,103,0.474,0.682
DaQuan Jeffries,47,1071,14.5,1.7,4.5,6.2,2.4,1.2,1.1,105,119,0.5,0.8
Jusuf Nurkić,51,1063,21,3.9,14.5,18.5,5.3,1.9,1.6,105,112,0.523,0.664
Jusuf Nurkić,25,592,18,3.8,15.3,19.1,3.9,1.9,1.3,101,112,0.512,0.696
Jusuf Nurkić,26,471,24.9,4.1,13.6,17.6,7.1,1.8,1.9,110,111,0.532,0.627
Seth Curry,68,1062,20.6,1.1,4.1,5.2,2.8,1.3,0.3,120,120,0.599,0.846
Cody Williams,50,1060,10.4,1.2,3.9,5.1,2.7,1,0.7,89,123,0.391,0.725
Isaac Okoro,55,1053,15.4,2.2,3.7,5.9,3.1,1.5,0.7,125,115,0.569,0.717
Oso Ighodaro,61,1045,12.1,3.1,7.4,10.5,3.4,1.3,1.4,121,119,0.604,0.58
Jared Butler,60,1044,25.2,1.2,4,5.1,10.3,2,0.6,112,120,0.514,0.824
Jared Butler,32,362,28.9,1.8,3.5,5.4,10.8,1.6,0.7,114,122,0.526,0.778
Jared Butler,28,682,23.2,0.8,4.2,5,10,2.2,0.6,110,119,0.507,0.87
Jamison Battle,59,1042,19.4,1.7,5.6,7.3,2.4,0.8,0.5,118,118,0.581,0.889
Noah Clowney,46,1042,20.1,2.1,6.6,8.6,1.9,1.1,1,102,117,0.474,0.838
Alex Caruso,54,1041,17.6,1.8,5.6,7.3,6.3,4,1.4,122,104,0.541,0.824
Kris Murray,69,1040,13.4,3.6,5,8.5,3.2,1.6,0.8,103,116,0.468,0.456
Dejounte Murray,31,1012,25.9,0.8,8.8,9.6,10.9,3,0.6,101,116,0.445,0.823
Jalen Suggs,35,1002,28.3,1.1,5.9,7,6.4,2.5,1.6,101,108,0.489,0.882
Kyle Anderson,61,1002,17.5,2.6,7.5,10.1,7.1,2,1.6,119,111,0.51,0.738
Kyle Anderson,36,541,17,2.4,7.5,9.9,7.3,2.3,1.8,118,109,0.506,0.667
Kyle Anderson,25,461,18.2,2.8,7.6,10.4,6.9,1.5,1.4,122,112,0.515,0.789
Brandon Boston Jr.,42,993,21.9,1.4,5.2,6.5,4.5,2.6,0.4,107,120,0.5,0.788
Dalen Terry,73,987,15.4,1.8,4.1,5.9,4.6,2.1,0.7,108,116,0.517,0.71
Andre Jackson Jr.,67,980,11.3,3.2,5.8,9,4.1,1.7,0.7,107,114,0.553,0.5
Zach Collins,64,977,19.7,4.9,9,14,5.4,1.4,1.4,122,115,0.56,0.885
Zach Collins,36,425,19,4.3,7.2,11.5,5.9,1.6,1.7,119,116,0.515,0.886
Zach Collins,28,552,20.3,5.4,10.4,15.8,5,1.3,1.2,124,114,0.594,0.884
Trayce Jackson-Davis,62,967,20.5,6.1,9.5,15.6,5.2,1.2,1.9,125,111,0.576,0.578
Thomas Bryant,66,963,21.5,4.2,8.4,12.6,2.7,1.4,2.1,125,113,0.583,0.859
Thomas Bryant,10,115,17.8,2.6,11.3,13.9,1.7,0.4,3.9,131,109,0.536,1
Thomas Bryant,56,848,22,4.4,8,12.4,2.8,1.5,1.8,125,113,0.587,0.83
Jalen Smith,64,962,25.4,4.3,13,17.3,3.2,0.8,2.1,120,112,0.554,0.809
Jordan Clarkson,37,962,29.9,1.2,4.6,5.9,6.9,1.5,0.4,107,122,0.493,0.797
Gary Payton II,62,927,21,2.8,6.9,9.7,4.4,2.7,0.9,124,110,0.626,0.711
Brandon Miller,27,924,30.2,1.3,5.6,7,5.2,1.5,1.1,104,117,0.509,0.861
Bruce Brown,41,922,17.8,2.1,6.5,8.6,4.4,1.8,0.5,107,118,0.464,0.815
Bruce Brown,18,353,20.6,2.3,7,9.3,3.8,2.3,0.4,106,114,0.477,0.897
Bruce Brown,23,569,16.1,2,6.2,8.2,4.8,1.4,0.6,107,121,0.455,0.75
Immanuel Quickley,33,918,29.6,0.8,5.3,6.1,10,1.2,0.2,119,117,0.517,0.867
Trendon Watford,44,913,24.5,2,6.7,8.7,6.3,1.5,0.7,105,116,0.51,0.762
KJ Martin,43,912,14.6,1.6,5.1,6.7,2.6,0.9,1.2,124,122,0.59,0.787
KJ Martin,24,480,15.8,2.2,5.2,7.4,2,1.1,1.6,134,120,0.657,0.828
KJ Martin,19,432,13.3,1,4.9,5.9,3.2,0.7,0.7,113,124,0.525,0.722
Jaden Hardy,57,907,26.5,0.5,4.3,4.7,4.3,1.5,0.3,99,119,0.527,0.698
Day'Ron Sharpe,50,907,21.8,8.2,9.9,18.1,5,2.3,2.3,117,111,0.538,0.757
Adem Bona,58,905,18.4,5,8.3,13.3,1.5,1.4,3.8,123,115,0.703,0.67
Tre Jones,46,905,17.3,1.6,4.5,6.1,10.1,1.9,0.5,134,118,0.578,0.821
Tre Jones,28,450,13.2,1.6,4.6,6.2,11.2,1.9,0.5,128,119,0.527,0.758
Tre Jones,18,455,21.2,1.6,4.3,6,9,1.9,0.5,139,117,0.61,0.882
Jaden Ivey,30,898,28.3,2.1,4.5,6.6,6.4,1.5,0.6,108,115,0.536,0.733
Kelly Olynyk,44,891,20.8,3.4,7.8,11.2,6.9,1.8,1,115,116,0.562,0.769
Kelly Olynyk,24,383,21.5,3.1,8,11.2,7,2,1,115,113,0.581,0.791
Kelly Olynyk,20,508,20.3,3.5,7.6,11.2,6.9,1.6,1,115,119,0.547,0.754
Chet Holmgren,32,877,26.2,2.6,11.4,14.1,3.4,1.3,3.9,116,103,0.554,0.754
Neemias Queta,62,863,18,5.2,8.5,13.7,2.6,1,2.4,132,110,0.65,0.754
Alec Burks,49,863,20.6,0.9,6.3,7.2,3.2,1.6,0.4,117,114,0.587,0.776
Chris Boucher,50,862,28,3.9,8.6,12.5,1.8,1.3,1.4,123,114,0.586,0.782
Zion Williamson,30,857,41.7,4.3,7.9,12.2,9,2.1,1.5,117,118,0.57,0.656
Khris Middleton,37,843,25.1,0.7,7.1,7.8,8.6,2,0.5,117,115,0.546,0.857
Khris Middleton,23,534,26.3,0.5,7.2,7.7,9.2,1.5,0.5,121,114,0.595,0.848
Khris Middleton,14,309,23.1,1.2,6.8,8,7.4,2.8,0.5,109,117,0.464,0.868
KJ Simpson,36,842,16.5,2.3,4.1,6.4,6.5,2,0.4,95,118,0.4,0.82
Shake Milton,57,837,18.6,1.8,4.3,6.2,6,1.5,0.2,115,118,0.528,0.797
Shake Milton,27,492,20.1,1.6,3.5,5.2,6.5,1.5,0.1,120,119,0.554,0.758
Shake Milton,30,345,16.5,2.1,5.4,7.6,5.4,1.4,0.4,109,117,0.485,0.846
Dereck Lively II,36,833,18.2,6,9.6,15.7,4.9,1.2,3.3,138,113,0.702,0.63
Garrison Mathews,47,830,19.9,0.7,4.2,4.9,3.4,1.5,0.8,119,118,0.562,0.821
Cam Whitmore,51,827,28.1,2.1,6.8,8.9,2.9,1.8,0.8,112,111,0.525,0.75
Ryan Rollins,56,820,20.6,1.2,5.1,6.4,6.1,2.5,1,113,112,0.577,0.8
Marcus Sasser,57,811,22.2,1.1,3,4.1,7.9,2.2,0.2,117,115,0.561,0.843
Steven Adams,58,794,13.8,10.2,9.9,20,4,1.3,1.7,118,109,0.545,0.462
Aaron Holiday,62,792,20.9,0.8,4,4.8,5.1,1.2,0.7,121,114,0.571,0.829
Karlo Matković,42,791,19.9,3.9,8.9,12.8,2.8,1.3,2.5,120,117,0.619,0.773
Caleb Houstan,58,788,15.1,1.2,3.5,4.8,2.2,1.4,0.4,123,114,0.589,0.882
Vasilije Micić,41,785,16.9,1.3,4.3,5.6,8,0.9,0,92,121,0.43,0.829
Vasilije Micić,36,764,17.3,1.3,4.3,5.6,8.2,1,0,93,121,0.43,0.829
Vasilije Micić,5,21,0,0,4.7,4.7,2.4,0,0,19,125,NA,NA
Jaylin Williams,47,784,17,2.9,13.1,16,7.3,1.3,1.8,127,104,0.577,0.767
Pelle Larsson,55,782,16,1.8,4.1,5.9,4.1,2,0.4,114,114,0.517,0.672
Cam Thomas,25,781,38.2,1,4.3,5.3,6,1,0.1,111,120,0.513,0.881
Lindy Waters III,52,778,16,1.2,5.6,6.9,3.2,1.7,0.7,107,113,0.498,0.727
Lindy Waters III,38,655,15.5,1.2,5.9,7.1,3.1,1.6,0.7,105,113,0.49,0.727
Lindy Waters III,14,123,18.4,1.6,3.9,5.5,3.9,2,0.4,115,115,0.534,NA
Lonzo Ball,35,777,16,1.5,5.6,7.1,6.9,2.8,1,110,113,0.504,0.815
Orlando Robinson,44,770,19,5.6,8.2,13.8,4.8,1.1,1,110,115,0.477,0.771
Orlando Robinson,9,57,16.3,2.6,9.4,12,7.7,2.6,0.9,103,112,0.441,0.571
Orlando Robinson,35,713,19.2,5.8,8.1,13.9,4.6,0.9,1,111,115,0.48,0.794
Eric Gordon,39,768,17.1,0.5,2.4,3,4.2,1.7,0.8,116,122,0.564,0.75
Gui Santos,56,762,14.5,4.6,6.4,11,5.1,1.6,0.6,118,113,0.553,0.69
Landry Shamet,50,762,18.6,0.7,3.3,4,1.8,1.5,0.1,114,118,0.596,0.667
Svi Mykhailiuk,38,760,21.1,1.4,4.3,5.7,4.8,1.2,0.4,103,123,0.507,0.8
Andre Drummond,40,751,19.2,7.2,13.2,20.4,2.2,2.6,1.2,108,112,0.506,0.622
Jabari Walker,60,749,20.3,3.8,9.9,13.7,2.4,2.1,0.4,120,112,0.576,0.69
Jay Huff,64,748,27.3,1.9,6.2,8,2.4,1,3.5,126,112,0.648,0.786
Drew Eubanks,61,746,18.1,3.9,10.7,14.6,3.5,0.8,2.5,120,115,0.601,0.662
Drew Eubanks,37,568,18.2,3.4,10.8,14.2,3.8,0.8,2.7,121,117,0.617,0.632
Drew Eubanks,24,178,18,5.5,10.5,16,2.5,0.6,1.9,117,110,0.551,0.786
Talen Horton-Tucker,58,724,24.4,1.2,5.2,6.4,5.4,1.4,0.7,112,117,0.527,0.735
Gary Harris,48,711,10.2,1.4,3.1,4.5,2.1,1.8,0.8,107,112,0.519,0.583
Micah Potter,38,705,11,2.9,8.2,11.2,2.1,1,1,110,121,0.537,0.85
Jett Howard,60,701,19,1.4,3.6,5,3.1,0.9,0.8,97,114,0.479,0.696
DeAndre Jordan,56,691,14.5,5.8,13.9,19.8,3.7,1.1,1.9,121,112,0.65,0.422
Quinten Post,42,686,24.1,2.5,8,10.5,4,1.1,1.3,116,112,0.582,0.778
Blake Wesley,58,683,15.4,1.2,3.1,4.3,8.1,2.6,0.4,102,118,0.481,0.623
Sandro Mamukelashvili,61,681,27.3,4.4,8.9,13.3,3.4,1.6,1.2,126,116,0.609,0.741
Marcus Smart,34,680,21,1.2,3.7,5,7.5,2.7,0.6,107,116,0.488,0.761
Marcus Smart,19,400,19.2,1.6,3.4,5,8.3,2.7,0.7,105,114,0.456,0.833
Marcus Smart,15,280,23.8,0.7,4.2,4.9,6.5,2.7,0.5,109,119,0.532,0.686
Jalen Pickett,49,666,14.4,1.1,4,5.1,7.7,1.4,0.4,120,119,0.539,0.75
Tosan Evbuomwan,28,665,20,2.4,6.6,9,4.1,1.8,0.7,105,116,0.482,0.753
Antonio Reeves,44,660,22.4,1.3,3.3,4.6,2.9,1.5,0.3,111,123,0.558,0.8
Kyle Lowry,35,659,10.3,0.8,4.2,5,7.2,2.5,0.8,119,118,0.474,0.818
Reed Sheppard,52,654,17,1.2,4.6,5.8,5.6,2.6,1.3,101,110,0.452,0.813
Herbert Jones,20,648,15.3,1.6,4.2,5.8,4.9,2.8,0.7,108,119,0.5,0.825
AJ Johnson,29,639,16.4,0.6,3.8,4.4,5.7,0.9,0.2,98,123,0.441,0.865
AJ Johnson,7,44,22,0,7.7,7.7,7.7,1.1,0,95,115,0.5,0.5
AJ Johnson,22,595,16,0.6,3.5,4.2,5.5,0.9,0.2,98,124,0.436,0.886
Maxi Kleber,34,637,7.8,1.9,5.3,7.2,3.3,0.7,1.3,104,119,0.453,0.762
Delon Wright,40,635,9.6,2.1,3,5.1,5.9,2.7,0.9,105,114,0.42,0.6
Delon Wright,26,405,7.8,1.8,3.7,5.5,5.7,2.7,1.1,94,113,0.341,0.563
Delon Wright,14,230,12.9,2.6,1.7,4.3,6.3,2.6,0.6,124,116,0.551,0.667
Jericho Sims,53,632,7.6,5.5,9.8,15.3,2.6,0.8,1.5,121,113,0.634,0.615
Jericho Sims,39,422,7.5,6,9.2,15.2,2.6,0.9,1.2,122,114,0.609,0.615
Jericho Sims,14,210,7.8,4.6,11.1,15.7,2.5,0.5,2.1,118,112,0.68,NA
Josh Okogie,40,625,22.3,3.6,5.4,8.9,2.6,3.8,1.4,114,113,0.519,0.741
Josh Okogie,25,351,21.1,4.5,5.6,10.1,2,3,1.4,116,116,0.561,0.688
Josh Okogie,15,274,23.9,2.3,5,7.4,3.4,4.8,1.4,111,110,0.469,0.774
Jeff Dowtin Jr.,41,621,22.6,1,3.8,4.8,6.2,1.9,1,122,120,0.548,0.733
Daniel Theis,38,621,12.6,3.4,9.4,12.8,4.7,1.4,1.6,119,118,0.508,0.838
Cory Joseph,50,612,14.4,1.4,4.7,6,5.9,2.1,0.3,118,111,0.529,0.778
Zeke Nnaji,57,608,14.6,2.6,4.5,7.1,1.8,2,3,120,114,0.557,0.614
Kessler Edwards,40,608,13.4,1.8,7.4,9.1,3.3,1.5,1.6,122,115,0.578,0.923
Pat Connaughton,41,603,17.3,1.5,7.2,8.7,5.6,0.7,0.9,116,115,0.542,0.774
Ajay Mitchell,36,597,18.8,1.4,4,5.5,5.1,2,0.3,117,111,0.557,0.829
Brandon Ingram,18,595,32.6,1.4,6.8,8.1,7.6,1.3,0.9,104,121,0.53,0.855
Jared McCain,23,592,29.3,1.1,3.6,4.7,5,1.2,0,113,123,0.553,0.875
Cam Reddish,33,589,8.8,1.4,4.1,5.5,1.8,2.8,0.8,106,114,0.473,0.615
Jae'Sean Tate,52,588,15.6,4.1,5.5,9.7,3.9,2.2,0.6,122,111,0.527,0.681
Olivier-Maxence Prosper,52,584,16.6,3.6,6.8,10.4,3.3,2.2,0.5,111,116,0.437,0.645
Jarred Vanderbilt,36,581,12.4,5.8,9.7,15.4,3.5,3,0.8,115,110,0.525,0.556
Joel Embiid,19,574,38.8,3.1,10.2,13.3,7.3,1.2,1.5,114,116,0.481,0.882
Monte Morris,45,571,20.2,1,4.8,5.8,6.3,1.7,0.3,115,121,0.505,0.857
Moritz Wagner,30,564,34.2,3.5,9.6,13.1,3.7,2.1,1.1,118,108,0.616,0.718
Malcolm Brogdon,24,564,25.7,1.8,5.9,7.7,8.3,1.1,0.4,113,121,0.467,0.88
John Konchar,46,558,9.3,3.1,9.5,12.6,3.5,2.5,1.2,128,110,0.577,0.875
Dwight Powell,55,551,10,4.1,6.2,10.4,4.8,1.6,1.8,144,115,0.705,0.651
Dillon Jones,54,551,11.8,2.6,7.9,10.5,5.1,1.4,0.3,103,109,0.444,0.607
Jordan Goodwin,29,543,14.6,3.4,6.7,10.1,3.8,2.7,1,111,112,0.528,0.818
Richaun Holmes,31,534,20.5,5.5,10.2,15.8,3.7,0.8,2,139,117,0.647,0.833
Mouhamed Gueye,33,533,17.3,3.9,8.3,12.2,2.4,2.5,2.9,114,111,0.482,0.762
Bismack Biyombo,28,528,13.2,3.9,10.5,14.5,2.8,1.5,2.1,111,114,0.588,0.4
Jaylen Clark,40,522,15.4,2.5,2.6,5,2.5,3.4,0.2,130,111,0.558,0.784
Rob Dillingham,49,516,20.9,1.1,3.6,4.8,9.4,1.9,0.1,99,114,0.5,0.533
Colby Jones,39,515,14.6,2,6.1,8.1,4.1,2.4,1.2,109,116,0.519,0.657
Colby Jones,24,130,9.8,3,5.6,8.7,2.6,2.3,2.6,98,113,0.5,NA
Colby Jones,15,385,16.2,1.6,6.3,7.9,4.6,2.5,0.7,112,118,0.524,0.657
Craig Porter Jr.,51,513,17.6,1.8,4.5,6.3,6.7,1.6,1.4,116,113,0.589,0.719
Tristan Vukcevic,35,513,30.6,2.4,9.6,12.1,3.6,1,2.1,110,117,0.574,0.776
Elfrid Payton,24,511,8.1,1.4,6.1,7.5,15.8,2.3,1,89,118,0.332,0.571
Elfrid Payton,18,388,9.9,1.7,6.5,8.2,18.2,2.2,1,93,119,0.371,0.571
Elfrid Payton,6,123,2.4,0.4,4.8,5.2,8,2.4,1.2,62,116,0.143,NA
Jamal Cain,37,502,18.9,2.6,5.6,8.2,2.1,2.2,0.9,109,120,0.513,0.68
Keaton Wallace,31,501,15.7,0.7,4,4.7,7.6,2.6,0.8,103,116,0.485,1
Jock Landale,42,500,19.5,5.5,7.9,13.3,3.6,1.3,1,126,111,0.569,0.675
Vince Williams Jr.,27,499,16.7,2,7.1,9.1,5.1,1.1,0.7,104,115,0.479,0.792
Wendell Moore Jr.,36,499,14.6,2.9,6.3,9.3,4.1,2,0.5,110,115,0.524,0.818
Wendell Moore Jr.,20,219,13.8,2.4,7.2,9.7,5.1,2.2,0.7,119,112,0.5,0.929
Wendell Moore Jr.,16,280,15.3,3.3,5.6,9,3.3,1.8,0.4,103,118,0.539,0.625
Brandon Williams,33,487,27.3,1.2,4.6,5.8,7.5,2.4,0.5,120,116,0.585,0.833
A.J. Lawson,26,486,23.4,2,6.5,8.5,3.1,1.3,0.6,113,116,0.508,0.683
Grant Williams,16,479,17,1.8,6.6,8.4,3.8,1.8,1.3,112,116,0.549,0.838
Lonnie Walker IV,20,477,25.5,0.6,5.9,6.5,5.2,1,0.5,108,121,0.526,0.8
Duop Reath,46,469,20.1,4.6,5,9.5,2.7,1.2,1.5,120,116,0.524,0.909
Reece Beekman,36,469,9.9,1.4,2.8,4.1,6.7,3.5,0.2,95,115,0.36,0.762
Reece Beekman,2,4,24.3,12.2,0,12.2,12.2,12.2,0,216,93,1,NA
Reece Beekman,34,465,9.7,1.3,2.8,4.1,6.6,3.4,0.2,94,115,0.354,0.762
Kai Jones,40,468,20.6,4.2,8.9,13,2.6,1.6,2.4,147,111,0.803,0.719
Kai Jones,28,208,14.4,3.6,7.3,10.9,2.4,1.4,3.1,131,108,0.722,0.75
Kai Jones,12,260,25.5,4.7,10,14.7,2.8,1.7,1.9,158,113,0.842,0.7
Larry Nance Jr.,24,463,20.5,2.3,8.1,10.4,3.8,2,1.3,125,114,0.626,0.692
Collin Gillespie,33,461,20.8,2.4,6,8.4,8.4,2.3,0.5,126,119,0.554,0.864
Rayan Rupert,52,460,16.4,2.7,4.6,7.4,2.6,1.7,0.4,99,117,0.465,0.767
GG Jackson II,29,459,21.2,2.7,6.6,9.3,2.9,1.2,0.5,99,115,0.452,0.725
Jaylon Tyson,47,453,17.7,3.9,6.3,10.2,4.7,1.4,0.3,111,114,0.497,0.792
Bol Bol,36,448,26.9,2.2,9.3,11.5,2.4,1,2.8,117,117,0.612,0.769
Paul Reed,45,438,20.2,4.4,9.1,13.5,4.8,4.3,2.7,118,103,0.535,0.762
Colin Castleton,26,432,13.7,5.9,7.7,13.6,3.1,0.9,1.1,114,116,0.48,0.763
Colin Castleton,10,46,14.1,3,6.1,9.1,0,1,1,112,115,0.2,0.909
Colin Castleton,11,288,13.2,5.7,7,12.7,3,1,1.3,106,115,0.516,0.722
Colin Castleton,5,98,15.1,8,10.6,18.6,5,0.5,0.5,138,119,0.5,0.667
Trevelin Queen,31,430,17.7,3,3.3,6.3,4.4,3.6,1.2,103,108,0.456,0.857
Malaki Branham,47,427,26.6,0.8,5,5.8,4.3,1.2,0.2,104,120,0.547,0.818
Jordan Miller,37,420,17.8,2.7,4.1,6.8,4,2,0.6,103,112,0.463,0.8
Mo Bamba,32,413,16.4,3.8,13.4,17.2,2.1,1.1,3.7,111,106,0.531,0.704
Mo Bamba,28,352,17.9,3.6,13.1,16.8,2.2,1.3,3.9,110,104,0.539,0.68
Mo Bamba,4,61,7.9,4.8,15.1,19.9,1.6,0,2.4,123,117,0.444,1
David Roddy,33,410,17.6,1.5,8.2,9.6,4,1.6,1,109,115,0.532,0.769
David Roddy,27,346,16.5,1.5,8,9.5,4.1,1.6,1.1,112,115,0.559,0.818
David Roddy,3,29,30.6,3.4,11.9,15.3,5.1,3.4,0,102,112,0.474,NA
David Roddy,3,35,18.1,0,7,7,2.8,0,1.4,96,114,0.423,0.5
Taj Gibson,37,409,12.9,6.1,8.3,14.4,2.5,1.1,2.2,105,115,0.5,0.6
Ousmane Dieng,37,405,16.8,2.1,7.5,9.6,3.7,2,0.8,109,108,0.524,0.688
Jordan Walsh,52,403,10.2,2.9,5.7,8.6,2.4,1.5,1.4,99,112,0.452,0.583
Hunter Tyson,51,400,16.1,3,6.4,9.4,2.4,1.2,0.7,109,118,0.471,0.75
Anthony Gill,51,397,15.5,2.2,5.8,7.9,1.9,1.1,0.2,119,122,0.545,0.66
Devin Carter,36,396,17,2.3,7,9.4,5.1,2.6,0.5,104,114,0.441,0.591
Jeff Green,32,396,21.1,1.4,5.8,7.1,2.5,0.7,0.5,134,114,0.624,0.808
Trey Jemison,38,392,11.8,5.5,7.6,13.1,2,1.1,1.9,104,116,0.554,0.394
Trey Jemison,16,166,11.1,6.4,6.4,12.8,2.9,2,1.8,100,118,0.469,0.381
Trey Jemison,22,226,12.4,4.8,8.5,13.3,1.3,0.4,2,108,115,0.619,0.417
Reggie Jackson,31,384,17.5,1,4.4,5.4,5.8,2.1,0.4,104,120,0.485,0.778
Baylor Scheierman,31,384,14.8,2.5,6,8.5,4.3,2.2,0.3,111,111,0.473,0.75
Quenton Jackson,28,381,20.4,1.8,3.8,5.6,6.7,2.6,0.6,121,114,0.537,0.775
Alex Len,46,380,9.5,4.9,7.3,12.2,4.9,1.2,2.7,114,114,0.524,0.471
Alex Len,36,258,9.9,4.7,7.4,12.1,5.7,1.5,3.4,124,113,0.549,0.538
Alex Len,10,122,8.9,5.2,7.3,12.5,3.2,0.4,1.2,96,117,0.477,0.25
Johnny Furphy,50,379,13.1,2.9,6.1,9,2.4,2.3,1.4,108,113,0.462,0.818
Charles Bassey,36,376,20.2,7.2,12.3,19.5,2.2,1.8,3.9,118,110,0.581,0.636
Dominick Barlow,35,375,18.5,4.4,6.2,10.6,2.4,1.1,2,129,116,0.562,0.636
Dante Exum,20,372,22.6,0.5,3.8,4.3,7.3,1.6,0.4,116,119,0.563,0.742
Damion Baugh,15,370,14.5,1.9,4.8,6.6,7.4,2,0.3,87,118,0.369,0.867
Jaden Springer,43,365,14.6,2.3,5.5,7.8,4.4,3.2,0.5,110,114,0.456,0.711
Jaden Springer,26,141,16,1.4,7.1,8.5,3.6,4.3,0.4,115,106,0.441,0.714
Jaden Springer,17,224,13.7,2.8,4.5,7.3,4.9,2.6,0.6,107,119,0.464,0.706
Robert Williams,20,351,16.1,4.8,11.5,16.3,2.9,1.8,4.6,130,107,0.647,0.882
Doug McDermott,42,342,21,0.4,2.7,3.1,1,0.6,0.3,119,122,0.615,0.6
Christian Koloko,37,342,12.9,5,8.2,13.2,2.3,1.2,2.3,128,113,0.606,0.714
Terrence Shannon Jr.,32,339,20.1,1.5,5.4,6.8,4.7,1,0.7,114,114,0.531,0.81
Keion Brooks Jr.,14,332,20.7,1.8,6.7,8.5,1.9,1.5,1.5,114,120,0.55,0.733
Tristan Thompson,40,328,10.1,4.7,15,19.6,3.5,0.3,1.6,100,109,0.437,0.233
Maxwell Lewis,28,327,17.6,2.7,5.6,8.4,2.9,1.4,1.1,104,117,0.505,0.7
Maxwell Lewis,7,29,6.8,3.4,0,3.4,3.4,1.7,0,78,120,0.333,NA
Maxwell Lewis,21,298,18.7,2.7,6.2,8.9,2.8,1.3,1.2,106,116,0.515,0.7
Jevon Carter,36,321,22.2,0.6,5.1,5.7,5.8,1.9,0.4,107,117,0.497,0.8
Patty Mills,29,321,16.7,0.6,2.7,3.3,3.9,2,0.5,105,121,0.51,0.929
Patty Mills,17,260,13.7,0.6,3.3,3.9,3.9,2.2,0.6,92,121,0.454,1
Patty Mills,12,61,29.9,0.8,0,0.8,4,0.8,0,156,118,0.725,0.889
Tre Mann,13,319,28.2,1.8,4,5.9,6,1.1,0.6,105,120,0.509,0.905
Jalen Hood-Schifino,15,315,16.6,0.5,3.8,4.2,5.8,0.8,1.1,100,122,0.449,0.857
Jalen Hood-Schifino,2,14,14.1,3.5,0,3.5,3.5,0,3.5,152,119,1,1
Jalen Hood-Schifino,13,301,16.7,0.3,3.9,4.3,5.9,0.8,1,99,122,0.443,0.842
Torrey Craig,26,314,16.8,4.2,7.2,11.4,2.6,1.2,1.9,121,112,0.556,0.667
Torrey Craig,9,113,25.6,3.3,7,10.3,2.1,0.8,0.4,138,118,0.656,0.75
Torrey Craig,17,201,11.5,4.7,7.2,12,3,1.5,2.7,110,109,0.456,0.625
Jordan McLaughlin,46,314,15.2,0.9,3.7,4.7,7.9,2.5,0.2,122,118,0.563,0.773
Jordan McLaughlin,28,190,13.6,1,4.4,5.4,6.2,2.8,0,106,116,0.477,0.688
Jordan McLaughlin,18,124,17.5,0.8,2.7,3.5,10.5,1.9,0.4,148,120,0.696,1
Matisse Thybulle,15,312,17.4,2.2,5.9,8.1,4.4,5.1,1.4,119,107,0.597,0.467
Isaac Jones,40,304,21.6,3.5,5.6,9.2,1.9,0.8,1.6,124,118,0.669,0.639
Tyler Kolek,41,296,13.6,1.3,3.2,4.5,11.7,2,0.7,109,116,0.415,0.765
Mitchell Robinson,17,290,14.9,8.9,8.4,17.3,2.2,2.7,3.1,143,108,0.661,0.684
Josh Minott,46,276,21.3,2.1,6.3,8.4,3.2,2.7,2.1,121,108,0.567,0.895
Kobe Brown,40,272,13.9,3.4,8.3,11.8,4.3,1.3,0.7,110,111,0.5,0.714
Dru Smith,14,268,16.2,2.2,4.5,6.7,4.3,3.9,1.1,115,109,0.639,0.75
Isaiah Wong,20,265,22.3,2.6,3.3,5.9,5.2,2,0,103,119,0.452,0.735
Marvin Bagley III,31,265,24.2,6.8,8.2,14.9,2,1.6,1.4,117,115,0.533,0.657
Marvin Bagley III,19,166,26.7,7.7,8.3,16,2,2,1.4,113,116,0.549,0.652
Marvin Bagley III,12,99,20.2,5.2,8,13.1,1.9,0.9,1.4,125,114,0.5,0.667
Oscar Tshiebwe,14,255,20.1,8.7,14.3,23,1.7,2.4,0.2,135,114,0.6,0.742
Drew Timme,9,254,21.4,3.3,9.4,12.7,3.9,0.8,0.2,100,117,0.485,0.625
Marcus Bagley,10,253,13.1,4.5,9.2,13.6,1.9,1.8,2.3,105,115,0.428,0.8
Cam Spencer,25,252,19.6,2.2,3.3,5.5,6.3,1.7,0.2,134,117,0.53,1
Kevin Love,23,251,24.2,4.4,14.3,18.7,4.4,3,0.8,103,106,0.461,0.696
Pat Spencer,39,250,19.1,2.9,6,9,9.3,2.7,0.6,103,111,0.431,0.733
JT Thor,20,249,13.6,3.8,5.4,9.2,1.1,1.5,1.7,106,118,0.475,0.682
JT Thor,9,42,32.1,3.4,3.4,6.9,1.1,2.3,3.4,114,110,0.7,0.875
JT Thor,11,207,9.9,3.9,5.7,9.7,1.1,1.4,1.4,103,120,0.398,0.571
Branden Carlson,32,246,23.8,3.3,7.2,10.5,2.7,1,4.1,122,106,0.557,0.778
Dariq Whitehead,20,246,23.1,0.8,5.1,5.9,2.4,1.2,0.2,102,118,0.578,0.6
Johnny Davis,34,242,15.7,2,5.5,7.5,2.2,2.9,1.2,99,117,0.455,0.6
Jaylen Martin,16,239,15.5,2.2,6.6,8.8,3.4,1.8,0,99,120,0.466,0.9
Jaylen Martin,3,5,29.9,0,0,0,0,0,0,137,124,0.75,NA
Jaylen Martin,13,234,15.2,2.2,6.7,8.9,3.5,1.8,0,99,120,0.458,0.9
Bones Hyland,24,239,30.7,1,4.1,5.2,6.6,3.7,0.8,107,108,0.534,0.885
Bones Hyland,20,222,31.9,1.1,4.2,5.3,6.2,4,0.9,105,107,0.526,0.885
Bones Hyland,4,17,14.5,0,2.9,2.9,11.6,0,0,146,119,0.833,NA
Xavier Tillman Sr.,33,231,7.4,2.2,7.2,9.3,1.5,2.4,1.1,67,109,0.292,0.75
Garrett Temple,28,227,11.2,1.9,4.2,6.1,6.6,3.6,0.4,98,112,0.35,0.917
Jared Rhoden,14,227,25.1,3,5.9,8.9,3.4,2.1,0.4,122,115,0.552,0.88
Jared Rhoden,4,12,16.4,8.2,8.2,16.4,8.2,4.1,0,72,111,0.25,NA
Jared Rhoden,10,215,25.5,2.7,5.8,8.5,3.1,2,0.4,127,115,0.582,0.88
Luka Garza,39,219,31.1,7,5.2,12.2,2.5,1.4,0.7,118,114,0.543,0.686
Ariel Hukporti,25,217,11,3.2,8.5,11.7,2.5,0.2,3.4,95,113,0.677,0.462
Alex Reese,15,216,17.3,2.1,8.7,10.7,0.9,2.3,2.3,122,114,0.62,0.75
Alex Reese,1,2,48,24,0,24,0,0,0,212,119,1,NA
Alex Reese,14,214,17,1.8,8.8,10.6,0.9,2.3,2.3,121,114,0.613,0.75
Dario Šarić,16,210,12.8,3.2,8.2,11.4,5.3,1.6,0.2,97,116,0.422,0.7
Adam Flagler,37,203,15.4,1.7,4.7,6.4,2.8,1.9,0.7,80,110,0.333,0.5
Chuma Okeke,9,196,13.3,5.3,6.5,11.8,3.8,1.3,1,144,119,0.638,0.667
Chuma Okeke,7,171,13.8,5.8,6.6,12.4,3.7,1.4,0.9,151,119,0.697,0.667
Chuma Okeke,2,25,9.6,1.9,5.8,7.7,3.8,0,1.9,101,116,0.357,NA
Drew Peterson,25,186,14.6,2.4,8.4,10.8,3.5,1.3,0.5,119,112,0.573,0.778
Markelle Fultz,21,184,16.2,1.6,3.7,5.3,7.2,2.7,0.5,93,116,0.448,1
Lester Quiñones,13,183,22.8,1.1,4,5,6.4,0.8,0.5,102,124,0.481,0.846
Lester Quiñones,4,17,26.1,8.7,2.9,11.6,2.9,0,0,84,126,0.5,1
Lester Quiñones,9,166,22.5,0.3,4.1,4.4,6.7,0.9,0.6,105,124,0.479,0.833
Bronny James,27,181,16.8,1.1,3.8,4.9,6,2.4,0.8,89,115,0.381,0.786
Enrique Freeman,22,181,12.2,2.9,5,8,2.4,0.8,0.8,109,118,0.446,0.684
Cole Swider,10,169,16.8,1.4,6.3,7.7,0.9,1.1,0.6,93,116,0.468,0
Cole Swider,2,13,0,0,7.4,7.4,3.7,0,0,15,118,0,NA
Cole Swider,8,156,18.2,1.5,6.2,7.7,0.6,1.2,0.6,100,116,0.509,0
Jaylen Nowell,8,168,19.3,1.7,4,5.8,5.2,0.3,1.2,94,125,0.411,0.636
Markieff Morris,15,165,16.6,0.9,5.9,6.8,6.2,0.6,0.9,91,118,0.364,0.833
Markieff Morris,7,41,14.2,0,9.4,9.4,4.7,1.2,1.2,63,115,0.273,NA
Markieff Morris,8,124,17.5,1.2,4.8,6,6.7,0.4,0.8,103,119,0.406,0.833
Killian Hayes,6,162,16.6,1.5,4,5.5,9.5,1.2,1.2,119,118,0.512,0.833
MarJon Beauchamp,35,156,24.6,3.4,10.3,13.7,3.4,1.2,0.3,99,113,0.492,0.75
MarJon Beauchamp,26,122,20.6,2.8,9.9,12.7,3.2,1.2,0.4,90,113,0.457,0.75
MarJon Beauchamp,3,17,34.8,5.8,2.9,8.7,5.8,0,0,133,118,0.714,0.5
MarJon Beauchamp,6,17,43.8,5.8,20.4,26.3,2.9,2.9,0,122,104,0.5,1
Lamar Stevens,17,155,22.2,1.2,10.2,11.4,2.4,1.5,0.9,103,112,0.524,0.727
Tyson Etienne,7,151,18.1,1,2,3,4,1,0.3,98,121,0.452,0.8
Josh Richardson,8,150,10.6,2,2,4,4,2.7,0.3,87,114,0.368,1
Jeenathan Williams,20,147,21.5,1.7,2.6,4.3,3,2.6,1.3,92,111,0.484,0.625
Bruno Fernando,17,147,19,6.9,9.8,16.7,5.9,1.3,2.9,108,111,0.531,0.75
Damion Lee,25,144,28.5,1,5.8,6.9,3.8,2.1,0,98,120,0.426,0.952
Oshae Brissett,6,142,18.1,2.4,5.2,7.6,1.4,1.4,1,105,120,0.564,0.571
Elijah Harkless,10,138,11.1,3.1,4.2,7.3,2.8,3.5,0.3,103,118,0.414,0.5
Pete Nance,13,138,13.4,1.8,5.7,7.4,3.5,0.7,0.7,117,119,0.578,0.5
Pete Nance,7,68,10.9,1.4,5.8,7.2,2.2,0.7,0,112,122,0.467,0.5
Pete Nance,6,70,15.9,2.1,5.5,7.6,4.8,0.7,1.4,121,116,0.676,NA
Vlatko Čančar,13,136,8.5,2.1,9.2,11.3,3.2,1.1,0.7,83,116,0.462,NA
Kylor Kelley,11,126,13.1,4.6,10.4,15,1.9,0.4,1.2,129,118,0.636,0.6
Kylor Kelley,8,67,17.3,5.8,9.4,15.2,1.4,0,1.4,159,117,0.769,0.667
Kylor Kelley,3,59,8.2,3.3,11.5,14.8,2.5,0.8,0.8,95,119,0.444,0.5
Alex Ducas,21,125,13.8,3.5,6.5,10,1.9,1.9,0,120,110,0.567,1
Spencer Jones,20,125,10,3.1,3.5,6.5,1.9,1.9,1.9,86,116,0.338,1
Kobe Bufkin,10,124,20,1.9,6,7.9,6.4,1.1,0.8,103,118,0.426,0.722
Tyler Smith,23,122,26.6,2.4,7.5,9.9,1.6,1.2,1.6,110,113,0.61,0.75
De'Anthony Melton,6,121,24.9,2.4,5.6,8,6.8,2.8,0.8,106,110,0.528,0.625
Moses Brown,13,119,30.8,4.9,13,17.8,0.8,2.4,1.6,116,109,0.694,0.727
Moses Brown,9,46,30.3,4.2,9.4,13.6,0,2.1,1,98,112,0.65,0.6
Moses Brown,4,73,31.1,5.3,15.2,20.5,1.3,2.7,2,130,107,0.724,0.833
TyTy Washington Jr.,16,118,14.7,1.7,3.8,5.4,6.7,1.3,0,92,123,0.356,0.5
Trey Alexander,24,117,13.2,0.4,4.5,4.9,4.5,0.8,0.4,84,120,0.354,0.75
Joe Ingles,19,114,6.5,0.9,3.9,4.8,10,0.9,0,86,116,0.326,NA
Sidy Cissoko,22,114,13.6,3.4,5.5,8.9,6.4,0.9,0.4,91,119,0.483,0.333
Sidy Cissoko,17,54,19.7,2.7,6.3,9,5.4,0.9,0,110,121,0.583,0.167
Sidy Cissoko,5,60,8.1,4.1,4.9,8.9,7.3,0.8,0.8,75,118,0.333,0.667
Tony Bradley,14,113,25.9,7.7,10.2,17.9,2.6,0.9,3.8,127,111,0.656,0.333
Jaylen Sims,6,112,18.4,1.3,1.3,2.6,5.3,1.3,0.4,113,121,0.536,0.8
Pacome Dadiet,18,111,13.4,1.3,6.7,8,2.2,1.3,0.9,94,115,0.419,0.667
Patrick Baldwin Jr.,24,107,23.6,2.2,8.9,11.1,1.3,1.3,0.9,122,118,0.729,0.5
Patrick Baldwin Jr.,22,101,22.1,2.4,8,10.4,0.9,1.4,0.9,116,119,0.682,0.5
Patrick Baldwin Jr.,2,6,49.2,0,24.6,24.6,8.2,0,0,285,105,1.5,NA
Chris Livingston,21,106,13.7,4.6,11.4,16,2.3,2.3,0,97,110,0.333,0.75
Jae Crowder,9,103,10.9,2.8,6.6,9.5,2.8,1.4,0,103,118,0.409,0.833
Justin Minaya,19,101,8.7,2.4,2.4,4.8,3.4,2.9,0.5,89,115,0.429,0
Keshad Johnson,16,98,21.9,3.1,11.2,14.3,2,2.5,2,128,107,0.75,0.444
Yuki Kawamura,22,93,18,0,6,6,9.5,1,0,117,117,0.483,0.778
JD Davison,16,93,17.8,1.1,5.9,7,7,2.7,0.5,82,110,0.412,0.714
Luke Travers,12,88,6.6,4.4,6.6,10.9,4.4,0.5,0.5,76,115,0.25,1
Stanley Umude,22,86,8.4,2.2,7.3,9.6,2.2,1.7,3.4,68,110,0.25,0.5
Kevin Knox,14,84,26.6,4.1,5.8,9.8,2.9,1.2,2.3,116,112,0.556,0.75
Isaiah Jackson,5,84,20,6.3,9.7,16,2.9,1.7,4.6,119,108,0.609,0.5
Marcus Garrett,4,79,17.4,0.6,3.1,3.7,8.1,1.9,1.2,99,118,0.463,0.75
Jacob Toppin,17,76,14.7,1.9,7.7,9.6,3.8,1.3,0,103,117,0.523,NA
Jacob Toppin,16,49,6.1,2,9.1,11.1,4.1,2,0,79,113,0.3,NA
Jacob Toppin,1,27,29.4,1.7,5.2,6.9,3.5,0,0,130,122,0.708,NA
Emoni Bates,10,75,23.7,0,4.5,4.5,5.1,0.6,0.6,105,117,0.487,NA
Taylor Hendricks,3,75,9,3.2,6.4,9.6,1.3,3.2,2.6,88,114,0.306,0.75
Chris Duarte,17,74,22.7,3.2,9.5,12.6,5.7,0,0,136,119,0.577,0.75
Daeqwon Plowden,6,72,27.9,2.6,4.5,7.1,1.3,0,0,135,122,0.82,1
RayJ Dennis,11,70,20.6,1.4,6.9,8.2,9.6,4.8,1.4,97,107,0.424,1
Josh Christopher,14,69,20.2,0,6.5,6.5,5.8,3.6,2.2,82,107,0.387,0.667
Matt Ryan,19,68,20.4,0,5.8,5.8,2.2,1.5,0,88,117,0.419,1
Armel Traoré,9,67,10.3,1.5,9.5,11,0.7,2.9,1.5,65,109,0.316,0.286
PJ Hall,19,66,24,4.4,11.7,16,2.9,0,2.9,131,114,0.625,0.75
Nae'Qwan Tomlin,5,63,27.5,6.9,9.2,16,1.5,0,0.8,112,115,0.438,0.727
Jamaree Bouyea,5,62,13.3,0.8,3.1,3.9,7.8,3.1,1.6,94,112,0.542,0.667
Cam Christie,13,59,15,2.5,7.5,10,5,4.2,0.8,86,105,0.333,0.5
P.J. Tucker,3,58,7.7,3.4,3.4,6.8,0,0.9,0.9,129,118,0.643,NA
Jazian Gortman,16,57,20.4,0.8,3.4,4.2,5.1,1.7,0.8,91,118,0.478,0.5
Liam Robbins,13,57,7.6,5.9,4.2,10.2,1.7,1.7,1.7,79,114,0.25,0.5
E.J. Liddell,12,53,18.5,2.6,5.3,7.9,2.6,0.9,0.9,126,118,0.633,1
Jackson Rowe,6,52,20.6,2.8,7.5,10.3,3.7,3.7,0,121,108,0.559,0.5
N'Faly Dante,4,51,22.9,5.7,14.3,20,1.9,1,4.8,150,103,0.769,0.8
Isaiah Crawford,15,46,13.8,1.1,7.4,8.5,1.1,1.1,2.1,103,116,0.5,0.5
Mason Jones,10,45,25,2.2,7.6,9.8,12,0,1.1,134,119,0.528,0.8
Phillip Wheeler,5,44,9,2.2,6.7,9,2.2,1.1,2.2,51,118,0.143,1
Malachi Flynn,4,44,17.9,3.4,4.5,7.8,7.8,3.4,0,105,115,0.423,0.833
Jack McVeigh,9,43,15.8,2.3,3.4,5.7,1.1,0,2.3,89,115,0.412,NA
Bobi Klintman,8,42,17.2,1.1,6.9,8,8,2.3,1.1,145,111,0.7,0.5
James Johnson,12,37,10.4,0,7.8,7.8,5.2,0,2.6,64,115,0.364,0
PJ Dozier,9,35,9.9,1.4,5.6,7,7,1.4,0,126,114,1,0.167
Harrison Ingram,5,35,5.5,2.8,9.7,12.4,4.1,4.1,0,117,111,0.5,NA
Miles Norris,3,35,10,2.9,10,12.9,0,2.9,1.4,91,106,0.333,0.5
David Duke Jr.,6,34,22.7,1.4,5.7,7.1,5.7,1.4,0,106,120,0.536,0.5
D.J. Carton,4,33,4.4,0,5.8,5.8,4.4,2.9,0,43,114,0.143,1
Bryce McGowens,13,32,19.7,3,1.5,4.6,3,1.5,0,79,120,0.286,0.833
Leonard Miller,13,32,30.8,4.6,12.3,17,0,3.1,1.5,111,104,0.4,1
Ulrich Chomche,7,32,7.5,6,6,12,3,0,1.5,96,118,0.4,0.5
Jalen Bridges,8,30,14.8,0,6.6,6.6,0,0,0,69,124,0.429,0.75
Jahmir Young,6,30,17.1,1.6,3.1,4.7,9.3,0,0,175,123,0.9,1
Kevin McCullar Jr.,4,29,10.3,0,13.7,13.7,3.4,1.7,1.7,98,109,0.286,1
Trentyn Flowers,6,27,20.1,1.8,5.5,7.3,0,0,0,92,117,0.364,1
Emanuel Miller,6,25,18.7,7.5,7.5,14.9,3.7,1.9,0,141,116,0.5,1
Daniss Jenkins,7,23,14.6,0,4.2,4.2,6.3,0,0,75,120,0.35,0
Anton Watson,9,22,18,2.3,4.5,6.8,4.5,2.3,0,86,115,0.444,NA
Tolu Smith,1,22,30.6,8.7,8.7,17.5,0,0,0,120,117,0.667,0.667
Malevy Leons,6,21,4.6,2.3,4.6,6.9,2.3,0,0,71,115,0,0.5
Adama Sanogo,4,21,17.8,11.1,2.2,13.3,2.2,0,0,126,123,0.571,NA
Taze Moore,2,20,14.6,9.7,9.7,19.4,2.4,4.9,0,73,107,0.25,0.5
Ron Harper Jr.,1,17,11.3,11.3,8.5,19.8,5.7,0,0,91,117,0.125,1
Isaiah Mobley,1,17,17.4,2.9,8.7,11.6,14.5,2.9,2.9,114,112,0.357,0.5
Yuri Collins,2,16,6.1,6.1,3,9.1,12.2,6.1,0,141,105,0.333,NA
Tristen Newton,8,16,9.1,6.1,6.1,12.2,6.1,3,0,55,111,0.125,1
Tristen Newton,5,8,18,0,0,0,6,0,0,52,123,0.167,1
Tristen Newton,3,8,0,12.3,12.3,24.7,6.2,6.2,0,62,99,0,NA
Daishen Nix,3,13,3.8,0,15.2,15.2,11.4,0,0,44,111,0,0.5
Skal Labissière,4,12,20.4,4.1,8.2,12.2,4.1,0,0,143,120,0.625,NA
Braxton Key,3,11,13.3,4.4,4.4,8.8,0,8.8,0,54,99,0,0.5
Cui Yongxi,5,10,14.9,0,10,10,0,0,0,44,119,0.143,0.5
Mac McClung,2,10,0,0,5,5,15,0,0,75,116,0,NA
Quincy Olivari,2,10,14.8,0,0,0,4.9,0,0,62,124,0.3,NA
Terence Davis,1,8,0,0,6.1,6.1,6.1,0,0,34,122,0,NA
Jalen McDaniels,4,7,0,0,0,0,6.8,6.8,0,233,113,NA,NA
Riley Minix,1,7,0,0,13.8,13.8,0,0,0,0,118,0,NA
Isaiah Stevens,3,6,0,0,16.6,16.6,0,8.3,0,0,93,0,NA
Terry Taylor,3,6,0,8.2,0,8.2,16.3,0,0,122,125,0,NA
Jesse Edwards,2,5,0,0,0,0,9.9,0,0,237,120,NA,NA
James Wiseman,1,5,57.7,0,9.6,9.6,0,0,0,127,118,0.5,1
Alondes Williams,1,4,60.1,0,0,0,12,0,0,246,122,1.25,NA
Zyon Pullin,3,3,0,0,0,0,0,0,0,0,123,0,NA
Jahlil Okafor,1,3,0,0,16,16,16,0,0,230,114,NA,NA
League Average,NA,NA,NA,NA,NA,NA,NA,NA,NA,NA,NA,0.543,0.78
