Name,Age,AgeClass,BodyweightKg,Squat,Bench,Deadlift,TotalKg,Place,Dots,Wilks,Glossbrenner,Goodlift,Date,AgeClassInd
Lola Le Glevic,15,13-15,70.1,70,32.5,80,182.5,3,184.41,181.38,159.88,37.48,2018-12-15,0
Chelsea Ballard,14.5,13-15,48,43.09,31.75,70.31,145.15,1,187.31,192.24,171.11,31.31,2002-04-06,0
Mariam Miyzed,13,13-15,49.8,63.5,31.7,86.1,181.3,1,227.82,233.61,207.48,47.56,2022-06-25,0
Lyla Zuniga,13,13-15,47.5,42.5,27.5,60,130,1,169.05,173.5,154.54,35.66,2025-12-06,0
Taylor Doyle,14.5,13-15,57.66,35,25,72.5,132.5,1,150.67,152.37,134.71,30.82,2019-02-09,0
Darya Ivanova #9,14.5,13-15,51.55,65,32.5,82.5,180,4,220.74,225.9,200.31,36.88,2014-10-25,0
Radhika Hurria,14,13-15,51.3,87.5,42.5,107.5,237.5,4,292.24,299.18,265.34,60.68,2022-04-09,0
Aleigha Lashbrook,14.5,13-15,51.5,52.5,32.5,72.5,157.5,5,193.27,197.81,175.41,40.1,2017-11-18,0
Ruby Christian,14.5,13-15,78.2,75,42.5,75,192.5,1,183.47,178.44,156.67,37.46,2023-10-14,0
Addison Meckley,14.5,13-15,74.2,110,52.5,120,282.5,17,276.72,270.38,237.93,56.34,2024-03-02,0
Naomi Gray,15,13-15,82.5,97.52,61.23,136.08,294.84,1,273.65,265.35,232.27,56.08,2023-01-23,0
Magdalen Beach,15,13-15,80.74,110,42.5,107.5,260,1,243.87,236.7,207.47,49.9,2018-07-29,0
Alesia Corteaux,14.5,13-15,53.2,80,45,92.5,217.5,6,260.97,266.39,235.94,43.61,2016-11-19,0
N. Bedrin,14.5,13-15,49.4,95,35,100,230,4,290.69,298.17,264.93,48.57,2017-04-02,0
Darya Nasonova,13.5,13-15,56.6,110,45,120,275,2,316.52,320.87,283.77,52.95,2018-06-07,0
Natalya Tkachyova,14.5,13-15,58.7,85,60,100,245,2,275.4,277.84,245.56,56.24,2021-02-28,0
Alana Malone,12.5,13-15,56.5,35,27.5,65,127.5,1,146.92,148.98,131.75,30.11,2018-05-05,0
Katherine Seitz,12.5,13-15,47.54,80,47.5,80,207.5,3,269.66,276.76,246.51,56.88,2021-06-14,0
Annie Hennen,14.5,13-15,66.5,95,60,117.5,272.5,1,283.78,281.13,248.06,57.66,2019-04-13,0
Varvara Kryuchkova,14.5,13-15,84,100,42.5,120,262.5,4,241.54,234.08,204.64,49.57,2017-02-08,0
Lina Egenolf,16.5,16-17,99.65,65,40,85,190,2,162.36,158.35,136.1,33.92,2018-09-08,0
Jimisha Thomas,16.5,16-17,65.74,180,75,180,435,4,456.07,452.57,399.4,76.7,2021-05-27,0
Veronika Letkepová,16.5,16-17,56.5,85,55,87.5,227.5,1,262.16,265.82,235.09,43.85,2011-02-05,0
Lyudmila Semenova,15.5,16-17,47.4,65,30,60,155,1,201.87,207.18,184.57,42.61,2013-10-08,0
Queen Underwood,16.5,16-17,67.5,130,67.5,162.5,360,1,371.66,367.42,324.12,62.59,2002-02-09,0
Gloria Beltrami,16.5,16-17,56.94,110,60,120,290,3,332.48,336.79,297.81,68.08,2025-02-15,0
Addison Mack,16,16-17,75.5,105,52.5,122.5,280,1,271.76,265.08,233.12,55.38,2023-11-11,0
Emily Pelky,17,16-17,59.8,127.5,60,152.5,340,3,377.7,380.04,335.8,63.28,2012-03-23,0
U. Mamenova,16.5,16-17,90.8,80,50,100,230,5,204.25,198.02,171.97,35.14,2017-10-02,0
Meliame Langi,16.5,16-17,74.8,75,35,92.5,202.5,1,197.51,192.83,169.64,40.23,2025-05-03,0
Anastasiya Ilyinykh,17,16-17,67.5,95,60,100,255,1,263.26,260.26,229.58,53.49,2014-07-03,0
Ankita Dutta,15.5,16-17,102.5,107.5,52.5,115,275,9,232.47,227.38,194.72,48.73,2024-06-06,0
Isabella Koos,16,16-17,74.42,102.5,50,110,262.5,2,256.72,250.77,220.65,43.49,2025-04-10,0
Viktoriya Likhota,16.5,16-17,59.9,60,30,80,170,5,188.65,189.78,167.68,31.61,2017-04-21,0
Venizeia Anne Carlo,17,16-17,59.1,112.5,65,127.5,305,2,341.36,344.06,304.05,57.17,2018-03-16,0
Dia Vedpathak,17,16-17,82.9,125,42.5,135,302.5,3,280.11,271.56,237.63,57.43,2025-05-20,0
Jenna Swisher,16,16-17,79.1,75,40,92.5,207.5,1,196.63,191.08,167.68,40.17,2025-04-05,0
Anna Klinshova,15.5,16-17,62.6,55,25,57.5,137.5,3,148.46,148.38,131.04,24.91,2013-12-14,0
Gabriella Kupecz,16.5,16-17,77.05,60,35,75,170,2,163.26,158.96,139.67,27.72,2017-10-14,0
Madeline Schieble,16,16-17,57.7,130,92.5,130,352.5,5,400.66,405.15,358.17,67.05,2025-04-10,0
Yuliya Shevchenko #2,18.5,18-19,57.5,110,57.5,120,287.5,7,327.52,331.34,292.94,54.81,1992-10-09,0
Svetlana Shedko,18.5,18-19,55,80,45,105,230,4,269.82,274.47,242.88,45.11,1999-03-18,0
Lauren Sparks,18.5,18-19,61.15,112.5,62.5,107.5,282.5,5,309.46,310.37,274.17,63.03,2021-05-27,0
Sara Gardner,17.5,18-19,86,75,35,102.5,212.5,7,193.39,187.35,163.49,33.12,2017-01-14,0
Amina Abdelatey,18.5,18-19,94.3,155,72.5,155,382.5,1,334.23,324.6,280.8,69.38,2017-04-22,0
Brenda Garcia,19,18-19,59.28,181.44,117.93,131.54,430.91,2,481.35,484.94,428.54,80.62,2020-03-07,0
Nicole Sperbeck,18.5,18-19,60,120,80,132.5,332.5,7,368.59,370.7,327.53,61.76,2001-09-11,0
Anzhelika Komarova,17.5,18-19,51.9,70,40,105,215,3,262.41,268.43,237.95,54.38,2017-03-10,0
Kyah Fischer,17.5,18-19,65.8,97.5,47.5,120,265,2,277.68,275.52,243.14,56.43,2022-12-03,0
Mariya Chuschina,17.5,18-19,54.9,140,72.5,160,372.5,1,437.52,445.15,393.93,73.14,2003-02-15,0
Anna Beregovaya,18.5,18-19,70.75,70,40,100,210,5,211.1,207.4,182.77,35.65,1993-04-16,0
Daniela Herrera,18.5,18-19,80.6,65,37.5,90,192.5,1,180.71,175.41,153.77,36.97,2024-11-16,0
Romane Rozier,17.5,18-19,61.47,85,55,110,250,1,272.97,273.57,241.64,55.59,2017-04-29,0
Taiya Hansen,17.5,18-19,42.55,80,45,100,225,1,318.06,323.81,291.62,69.34,2021-05-27,0
RoseMarie Colley,17.5,18-19,101.5,135,55,142.5,332.5,2,282.12,275.66,236.36,49.01,2019-12-13,0
Prachi Vig,18.5,18-19,82.86,130,47.5,122.5,300,1,277.86,269.38,235.73,47.44,2009-05-02,0
Maggen Millin,18,18-19,79.2,142.5,90,165,397.5,2,376.43,365.78,320.96,64.05,2002-09-25,0
Raquel Calzado Garcia,17.5,18-19,56.9,127.5,70,125,322.5,11,369.91,374.74,331.37,75.75,2025-11-28,0
Agathe Herblot,17.5,18-19,66.86,87.5,45,105,237.5,2,246.55,244.07,215.34,50.1,2017-04-29,0
Sehajnoor Kaur,17.5,18-19,66.5,120,65,140,325,1,338.45,335.3,295.85,68.77,2023-06-08,0
Nerea Ostolaza León,20.5,20-23,82.6,140,70,147.5,357.5,1,331.61,321.54,281.43,67.97,2022-07-03,0
Irina Kondakova,19.5,20-23,65,90,57.5,100,247.5,2,261.23,259.65,229.19,43.91,2013-05-12,0
Jayna Van Buiten,22,20-23,56,60,42.5,95,197.5,1,228.93,232.38,205.55,46.95,2019-10-12,0
Amaya Ramos,20.5,20-23,89.4,182.5,92.5,145,420,1,375.55,363.93,316.53,77.52,2025-04-19,0
Gabriella Templeton,19.5,20-23,70.5,105,65,112.5,282.5,1,284.55,279.67,246.49,57.84,2019-03-17,0
Terisha Poudel,21.5,20-23,53.65,112.5,37.5,120,270,1,322.1,328.52,290.9,66.41,2022-10-22,0
Penelope Amado,20.5,20-23,74.34,137.5,65,140,342.5,17,335.15,327.41,288.1,56.77,2023-04-13,0
Jennifer Galdamez,23,20-23,51.71,130,52.5,172.5,355,3,434.4,444.47,394.07,90.07,2020-12-12,0
Darya Kremenskaya,21.5,20-23,62.7,55,37.5,67.5,160,2,172.58,172.46,152.29,28.96,2013-12-14,0
Hanna Young,21,20-23,62.22,157.5,82.5,170,410,1,444.33,444.51,392.57,90.43,2019-06-08,0
Luisa Beyermann,22.5,20-23,83.65,152.5,72.5,170,395,4,364.18,352.98,308.68,74.72,2023-11-17,0
Alice Brooks,20,20-23,62.08,115,72.5,132.5,320,1,347.28,347.53,306.93,70.68,2025-03-08,0
Jazmine Buendia,20,20-23,81.8,166,70,150,386,1,359.74,348.95,305.61,73.68,2023-10-07,0
Darya Sanina,20.5,20-23,88.85,125,57.5,122.5,305,1,273.47,264.98,230.6,46.96,2016-03-26,0
Tatyana Nefedkova,21.5,20-23,76.8,85,50,75,210,3,202.02,196.75,172.9,41.2,2018-04-01,0
Chloe Kauffman,21,20-23,65.2,135,75,160,370,1,389.81,387.29,341.83,79.23,2024-12-15,0
Leah Micek,23,20-23,107.8,182.5,87.5,185,455,1,377.67,371.58,316.52,79.66,2019-12-07,0
Katka Feckova,22.5,20-23,59.4,140,80,170,390,2,435.09,438.21,387.23,72.88,2002-05-19,0
Jenna Robinson,21.5,20-23,60,107.5,55,115,277.5,2,307.62,309.38,273.35,62.73,2019-02-23,0
Danielle O'Shea,23,20-23,87.3,130,55,150,335,2,302.77,293.31,255.65,62.35,2016-05-07,0
Jacalyn Keller,25,24-34,98.9,142.5,80,162.5,385,1,329.96,321.61,276.66,68.87,2025-04-12,0
Juana Maria Perez Lopez,28.5,24-34,55.97,130,57.5,140,327.5,1,379.75,385.5,340.99,77.89,2022-07-02,0
Tiarna Cupello,24,24-34,70.25,145,80,180,405,2,408.74,401.92,354.26,83.08,2019-11-07,0
Krystle Pagarigan,28.5,24-34,71.5,102.5,47.5,117.5,267.5,2,267.34,262.31,231.1,54.36,2018-01-20,0
Maria Santos,25.5,24-34,68.6,140,55,145,340,1,347.77,343.05,302.52,70.67,2025-07-12,0
Sophie Dobson,25,24-34,54.5,132.5,95,182.5,410,2,483.94,492.78,436.16,99.57,2026-02-13,0
Darya Bofonova,29.5,24-34,65.55,62.5,42.5,80,185,2,194.29,192.88,170.23,39.48,2021-11-05,0
Skylar Yanke,29,24-34,64.8,107.5,72.5,122.5,302.5,1,319.87,318.08,280.77,65.02,2023-05-27,0
Rachel Allen,32.5,24-34,116.5,75,60,110,245,8,198.29,196.97,167.18,42.22,2025-08-17,0
Tatiana Koroleva,32.5,24-34,46.75,112.5,77.5,140,330,5,434.2,445.52,397.32,91.96,2019-11-29,0
Vanessa Alvarado,28.5,24-34,98.45,160,95,155,410,2,352.03,342.97,295.21,73.44,2024-05-04,0
Zulaikha AlZadjali,31,24-34,61.25,122.5,65,150,337.5,1,369.33,370.33,327.12,75.22,2025-08-20,0
Isabella Condie,27.5,24-34,93.55,127.5,75,152.5,355,1,311.24,302.14,261.59,64.55,2025-07-19,0
Silivia Fidalgo Rodríguez,27.5,24-34,56.3,100,65,105,270,1,311.86,316.36,279.8,63.93,2025-06-21,0
Keshenell Johnson,27.5,24-34,87.6,137.5,65,152.5,355,2,320.35,310.34,270.41,65.99,2024-05-12,0
Linda Almaguer,34.5,24-34,66.85,110,60,132.5,302.5,3,314.06,310.9,274.3,63.81,2022-04-16,0
Mariya Gelgorn,31.5,24-34,63,65,40,65,170,7,182.84,182.57,161.22,37.19,2018-04-01,0
Samantha White #4,26.5,24-34,61.3,120,57.5,132.5,310,3,339.07,339.95,300.28,69.05,2026-02-21,0
Jonna Voutilainen,31.5,24-34,101.86,150,82.5,175,407.5,12,345.29,337.51,289.26,72.32,2025-11-07,0
Felicia Beaver,25,24-34,68.6,132.5,80,157.5,370,1,378.46,373.31,329.21,76.9,2025-05-03,0
Linda Vobořilová,38.5,35-39,56.5,50,35,57.5,142.5,14,164.21,166.5,147.25,27.47,2013-10-05,0
Adele Tickle,36,35-39,51.35,117.5,72.5,145,335,1,411.93,421.69,373.98,85.52,2025-06-14,0
Abigail Rakocy,36,35-39,117.6,142.5,80,180,402.5,1,324.84,323.03,274.04,69.24,2019-02-24,0
Nicole Tompkins-Flagg,35,35-39,70.25,142.5,77.5,140,360,8,363.33,357.27,314.9,61.32,2023-06-17,0
Tiffany Tran #1,38,35-39,51.95,110,57.5,132.5,300,2,365.92,374.27,331.77,75.81,2025-11-08,0
Sam Henderson #5,38.5,35-39,73.75,150,82.5,170,402.5,3,395.55,386.73,340.4,80.52,2025-05-18,0
Sonia Williford-Gill,36.5,35-39,112.6,147.5,70,152.5,370,3,302.65,299.4,254.59,64.18,2018-09-22,0
Tynesha Talley,36.5,35-39,142.2,137.5,70,185,392.5,2,303.89,304.37,256.19,65.79,2025-03-29,0
辻本 香緒里,35.5,35-39,60.35,92.5,52.5,125,270,5,298.21,299.67,264.75,60.79,2022-03-12,0
Zainab Lakdawala,35,35-39,72.15,122.5,72.5,160,355,5,353.04,346.02,304.77,71.81,2023-04-01,0
Allison Janes,38,35-39,79.4,85,55,117.5,257.5,1,243.54,236.61,207.59,49.77,2022-05-14,0
Victoria McFarland,37,35-39,65.77,120.2,88.45,147.42,356.07,1,373.21,370.32,326.81,75.84,2024-12-07,0
Gloria Vera,36,35-39,66.5,145,60,165,370,2,385.31,381.72,336.82,78.29,2023-06-10,0
Amber Colbert,35,35-39,97.3,85,65,145,295,1,254.48,247.69,213.5,53.01,2020-01-25,0
Christina Saldana,38,35-39,71.75,90,57.5,95,242.5,2,241.89,237.24,208.99,49.19,2023-11-18,0
Jennifer Danei,37,35-39,97.6,95,42.5,95,232.5,1,200.32,195.02,168.04,41.75,2024-12-08,0
Megann Galehouse,35,35-39,81.4,92.5,70,145,307.5,1,287.27,278.71,244.17,58.81,2025-10-04,0
Amna Al Mahri,35,35-39,68.78,120,70,127.5,317.5,7,324.28,319.75,281.97,65.89,2022-12-02,0
Paula Housten,35.5,35-39,67.3,170,95,182.5,447.5,6,462.79,457.7,403.78,77.93,1997-06-18,0
Tracy Sommerville,39,35-39,58.7,110,75,140,325,2,365.33,368.56,325.74,74.61,2024-05-11,0
Laura Delavan,42.5,40-44,73.25,85,72.5,147.5,305,1,300.83,294.34,259.14,61.22,2026-02-21,0
LaToneya Burwell Cumberbatch,44.5,40-44,90.8,122.5,72.5,182.5,377.5,9,335.24,325,282.26,69.31,2025-06-26,0
Chow Carol,41,40-44,62.63,95,60,112.5,267.5,1,288.74,288.57,254.83,58.75,2025-04-12,0
Jessica Gionet,41.5,40-44,63,75,35,110,220,1,236.61,236.27,208.63,48.13,2016-01-16,0
Grace Ventolero,41,40-44,72.5,132.5,75,152.5,360,1,357.06,349.77,308.03,72.64,2021-03-27,0
Natalie Day,41,40-44,72,115,45,147.5,307.5,3,306.15,300.13,264.37,62.27,2022-04-22,0
Evgeniia Chizhevskaia,43.5,40-44,59.7,155,90,135,380,3,422.58,425.31,375.81,70.79,2019-10-07,0
Tika Tika,42.5,40-44,48.48,100,50,110,260,1,333.1,341.83,304.06,55.67,2017-05-01,0
Emily Aryeetey,43,40-44,77.5,145,90,175,410,1,392.57,382.06,335.61,80.11,2025-11-01,0
Jessica Morley,42.5,40-44,68.25,100,57.5,122.5,280,1,287.24,283.53,250.06,58.37,2025-11-08,0
Sayaka Ishii,43.5,40-44,56.4,120,65,135,320,3,369.18,374.42,331.14,75.66,2024-07-13,0
See Huay Lan,43.5,40-44,74.5,120,67.5,163,350.5,1,342.59,334.61,294.41,69.77,2026-01-25,0
Jillian Humphreys,42.5,40-44,59.3,72.5,47.5,100,220,2,245.7,247.52,218.73,50.14,2025-11-15,0
Hiromi Takeuchi,44.5,40-44,46.45,95,47.5,107.5,250,1,330.51,339.08,302.55,70.12,2019-12-02,0
Elisabeth Ruggles,42,40-44,117.7,105,65,117.5,287.5,1,231.97,230.7,195.7,49.45,2023-07-01,0
Regina Sowell,40,40-44,59.6,145,85,157.5,387.5,1,431.38,434.27,383.73,88,2024-10-25,0
Jemma Hocking,41,40-44,75.2,85,45,112.5,242.5,1,235.86,230.15,202.43,48.05,2024-12-15,0
Neolanis Isiner,44.5,40-44,107.2,170,127.5,160,457.5,1,380.48,374.1,318.72,66.41,2018-07-06,0
Christine Blackwell,42.5,40-44,114.4,77.5,62.5,117.5,257.5,1,209.57,207.73,176.49,44.52,2017-07-15,0
Daniela Meisen,44.5,40-44,56.78,110,60,120,290,1,333.09,337.54,298.48,68.22,2025-12-06,0
Neeta Mehta,48,45-49,49.5,112.5,55,130,297.5,1,375.46,385.09,342.12,78.48,2025-08-02,0
Yee Tam Ho,49.5,45-49,50.1,75,62.5,92.5,230,1,287.78,295.02,261.94,60.01,2015-03-21,0
Marju Vaagen,49.5,45-49,51.1,67.5,37.5,100,205,4,252.94,259.02,229.76,52.56,2022-03-07,0
Luzmila Huertas,45.5,45-49,60.8,102.5,47.5,130,280,1,307.82,308.99,272.96,62.72,2023-09-06,0
糸井 千都春,46.5,45-49,51.88,90,52.5,110,252.5,10,308.27,315.34,279.54,63.88,2019-02-09,0
Sersia Stott,47.5,45-49,68,65,42.5,87.5,195,1,200.46,197.97,174.62,40.73,2020-01-11,0
Jenmy Espinal,46.5,45-49,56.55,105,52.5,130,287.5,2,331.1,335.69,296.88,67.84,2024-08-04,0
Valérie Baertsoen,47.5,45-49,68.5,85,50,107.5,242.5,1,248.25,244.92,216,50.44,2024-01-06,0
Carmen Chavez,45.5,45-49,56.5,80,50,110,240,3,276.56,280.42,248,46.26,2008-12-04,0
Sulochana C,46.5,45-49,62.8,120,50,137.5,307.5,1,331.36,331.04,292.32,67.41,2022-04-09,0
Tanya Mackrell,45,45-49,62.8,62.5,35,95,192.5,6,207.44,207.24,183,42.2,2025-02-02,0
Victoria Savage #3,47,45-49,52,72.5,45,92.5,210,1,255.97,261.79,232.06,53.03,2023-03-11,0
Christina Milie,45,45-49,65.5,82.5,52.5,110,245,3,257.42,255.58,225.57,52.31,2025-11-22,0
Cindy Stritzinger,49,45-49,90,107.5,65,150,322.5,2,287.52,278.66,242.22,59.39,2024-04-21,0
Michelle Renaud,49.5,45-49,70,87.5,55,117.5,260,1,262.93,258.66,228,53.44,2021-11-06,0
Sheridan Martin,45.5,45-49,55.8,102.5,67.5,110,280,1,325.32,330.37,292.25,66.75,2017-10-22,0
Micha Wisniewski,47.5,45-49,99.95,105,62.5,120,287.5,1,245.38,239.4,205.68,51.28,2021-09-04,0
Mandy Mcquade,46,45-49,65,110,57.5,127.5,295,1,311.37,309.49,273.17,63.29,2025-11-08,0
Morgen Leigh,49,45-49,72.2,67.5,75,132.5,275,1,273.37,267.92,235.97,55.61,2020-11-14,0
Rebecca Simpson,48,45-49,50.3,80,47.5,112.5,240,1,299.45,306.92,272.45,62.4,2022-04-23,0
Evie Houchen,11.5,5-12,55.14,50,40,75,165,1,193.23,196.51,173.88,39.7,2020-10-18,0
A. Gray,8.5,5-12,48,15.88,15.88,34.02,65.77,1,84.87,87.11,77.53,17.86,2001-02-03,0
Eliana Cupp,7.5,5-12,29.8,15,12.5,30,57.5,1,85.38,95.62,94.92,NA,2018-03-10,0
Charlee Davis,12,5-12,49.28,52.5,30,65,147.5,1,186.75,191.57,170.24,39.07,2025-10-04,0
Kyleigh Mallett,11,5-12,49.9,37.5,21.32,62.5,121.32,1,152.23,156.09,138.61,31.77,2024-03-16,0
Shrushti Kavathekar,12,5-12,70.1,85,32.5,90,207.5,10,209.67,206.23,181.78,42.62,2025-05-20,0
Lusi Korkis,10,5-12,37.2,47.5,15,62.5,125,1,185.6,193.87,178.85,45.64,2025-11-22,0
Bree Alexa N Bugante,7.5,5-12,29.8,40,12.5,50,102.5,2,152.19,170.45,169.2,NA,2025-08-19,0
Lena Guidice,9,5-12,NA,40,27.5,57.5,125,1,NA,NA,NA,NA,2024-07-14,0
Olga Nosonova,11.5,5-12,47.1,50,27.5,57.5,135,3,176.65,181.28,161.57,29.53,2007-12-07,0
Cara Jones,11.5,5-12,50.9,65,35,65,165,1,204.15,209.11,185.52,42.45,2022-01-16,0
Daisy Miller,10.5,5-12,36.7,30,22.5,45,97.5,1,144.77,152.17,140.83,36.29,2024-03-16,0
Euhanne Masangkay Cruz,6.5,5-12,16.95,32.5,15,30,77.5,1,115.07,130,129.76,NA,2025-04-09,0
Gabrielle Dick,8.5,5-12,46.1,15,12.5,35,62.5,1,83.1,85.23,76.09,17.67,2016-01-23,0
Jessica Day #2,9.5,5-12,46.4,40,25,60,125,1,165.39,169.67,151.4,35.1,2022-12-11,0
Alisa Fomina,10.5,5-12,36.15,45,22.5,55,122.5,3,181.89,192.47,178.79,33.56,2000-01-14,0
Lila Hobson,12,5-12,54.4,55,25,60,140,1,165.45,168.51,149.15,34.05,2025-12-13,0
Avery Schraeder,12,5-12,52.9,55,27.5,62.5,145,1,174.66,178.37,158.02,36.09,2025-09-20,0
Alexis Brooks,11,5-12,32.25,25,20,35,80,2,118.78,130.83,125.85,NA,2022-12-17,0
Anastasiya Glotova,11.5,5-12,46.6,40,22.5,55,117.5,2,154.97,159,141.83,32.85,2016-11-06,0
Ulrika Johansson,52,50-54,76.82,175,125,150,450,1,432.83,421.54,370.44,73.48,2025-11-01,0
Tracey Ridgway,52,50-54,79.9,90,47.5,112.5,250,1,235.71,228.91,200.77,48.19,2019-10-03,0
Danielle Senyschyn,50.5,50-54,123.4,170,85,155,410,1,326.48,326.24,276.01,69.96,2024-10-26,0
Lynette Moore,52.5,50-54,66.2,60,45,82.5,187.5,2,195.78,194.08,171.26,39.78,2017-01-21,0
Phyllis Delleney,50,50-54,60.7,80,47.5,100,227.5,1,250.36,251.37,222.07,51.02,2017-12-30,0
Tuija Raja,54.5,50-54,73.87,72.5,40,110,222.5,2,218.47,213.56,187.96,44.47,2025-06-14,0
Pamela Jerulle,50.5,50-54,54.53,70,45,100,215,1,253.68,258.3,228.62,52.19,2017-06-10,0
Leann McKinley,50,50-54,75,105,55,142.5,302.5,2,294.63,287.57,252.96,60.02,2026-01-03,0
Sandra Arechaederra,50.5,50-54,53.91,90,47.5,112.5,250,1,297.27,303.04,268.3,61.25,2018-02-17,0
Suzanne Turner,50.5,50-54,59.4,87.5,57.5,127.5,272.5,1,304.01,306.19,270.57,62.03,2023-08-12,0
Jennifer Jamison,51,50-54,69.9,92.5,47.5,115,255,1,258.08,253.94,223.85,52.45,2025-02-15,0
Megan Kranicki,50.5,50-54,69.25,110,60,155,325,1,330.66,325.75,287.21,67.2,2024-05-18,0
Linda Bengtsson,51,50-54,60.8,115,62.5,115,292.5,6,321.56,322.78,285.15,65.52,2025-11-21,0
Cheryl Glenny,52,50-54,72.9,67.5,45,92.5,205,1,202.72,198.46,174.74,41.25,2025-09-20,0
Marina Temnova,52.5,50-54,68.8,40,47.5,100,187.5,1,191.47,188.79,166.48,38.91,2019-12-15,0
Teresa Chapman,51,50-54,86.3,107.5,70,145,322.5,1,293.02,283.86,247.65,60.28,2025-10-05,0
Shelly Green,54,50-54,117.84,106.59,58.97,142.88,308.44,1,248.78,247.45,209.9,53.04,2025-11-01,0
Karen Willson,52,50-54,82,90,50,115,255,1,237.37,230.22,201.6,48.62,2025-02-16,0
堂山 明美,51.5,50-54,63.45,85,55,132.5,272.5,1,291.81,291.08,257.01,59.35,2017-09-16,0
Adriane Schwab,54.5,50-54,68.8,100,55,130,285,1,291.03,286.96,253.05,59.14,2025-04-11,0
Bithi Saha,56,55-59,74.46,95,52.5,110,257.5,7,251.76,245.91,216.37,51.27,2025-08-02,0
Marija Graham,55.5,55-59,83.4,162.5,70,192.5,425,4,392.4,380.36,332.69,80.49,2025-10-10,0
Kala Venktachalam,55,55-59,75,110,50,110,270,2,262.97,256.67,225.78,44.57,2019-05-27,0
Brenda Jenkins,58.5,55-59,122.2,97.5,55,120,272.5,4,217.55,217.21,183.86,46.57,2018-04-14,0
Mary Hall,55.5,55-59,81.35,135,75,152.5,362.5,1,338.75,328.67,287.95,69.35,2021-01-23,0
Nancy Krempasky,59,55-59,97.1,115,70,137.5,322.5,1,278.43,270.96,233.61,57.99,2024-05-04,0
Joann Mclaughlin,56,55-59,68.6,110,62.5,155,327.5,1,334.99,330.43,291.4,68.07,2025-07-12,0
Wendy Clow,57.5,55-59,69.5,100,65,130,295,1,299.52,294.94,260.03,60.87,2025-11-22,0
Caterina Tiraboschi,56.5,55-59,51.05,87.5,47.5,125,260,3,321.03,328.76,291.63,66.71,2022-11-25,0
Susan Littlehales,57,55-59,83.02,102.5,55,142.5,300,1,277.6,269.12,235.47,56.92,2025-11-15,0
Cathy Hannan,57.5,55-59,84.39,80,47.5,97.5,225,1,206.58,200.18,174.95,42.41,2017-06-10,0
Sara Soto Guzman,58.5,55-59,61.8,115,70,172.5,357.5,4,389.06,389.6,344.11,79.2,2025-10-10,0
Julia Sodd,59.5,55-59,69.05,117.5,52.5,135,305,1,310.82,306.32,270.1,63.16,2019-06-01,0
Terrie Redmore,55,55-59,68.78,160,85,162.5,407.5,1,416.2,410.39,361.89,84.57,2026-02-08,0
Linda Eggleston,56,55-59,66.68,65,52.5,105,222.5,1,231.34,229.1,202.14,47.01,2024-06-01,0
Christine Cedzo,57,55-59,76.2,75,50,150.5,275.5,3,266.11,259.35,227.99,54.25,2025-11-22,0
Kelly Murphy,56,55-59,71.85,83.91,45.36,115.67,244.94,1,244.14,239.4,210.89,49.65,2024-04-06,0
Lesa Sparrow,55,55-59,59.2,90,55,127.5,272.5,1,304.66,306.99,271.29,62.18,2025-09-13,0
Gillian Lomax,55,55-59,103,155,85,187.5,427.5,1,360.72,353.02,302.11,75.66,2025-11-29,0
Sheryl Franklin,56,55-59,102.06,70,62.5,105,237.5,1,201.09,196.6,168.45,42.13,2018-12-29,0
Anne Jansen,60.5,60-64,68.1,82.5,50,115,247.5,2,254.22,251.01,221.39,51.66,2025-06-21,0
Tatyana Puchkova,60.5,60-64,76.25,135,95,155,385,1,371.74,362.28,318.47,63.08,2020-01-26,0
Janet Mello,60.5,60-64,57.65,52.5,35,77.5,165,1,187.65,189.77,167.77,38.38,2024-05-04,0
Gracie Wadewitz,60,60-64,66.3,92.5,55,107.5,255,1,266.02,263.66,232.65,54.06,2019-05-18,0
K. Chongu,62.5,60-64,62.8,40,20,50,110,1,118.54,118.42,104.57,24.12,2022-10-12,0
Patricia Lavan,64,60-64,49.8,25,25,40,90,1,113.09,115.97,103,23.61,2025-10-11,0
Diane Kuhn,64,60-64,81.38,137.5,72.5,162.5,372.5,1,348.04,337.67,295.83,71.25,2023-03-03,0
Leisa Austin,63.5,60-64,64.4,65,55,135,255,1,270.64,269.37,237.79,55.02,2026-02-21,0
Deborah McGovern,63.5,60-64,56.44,62.5,40,102.5,205,1,236.39,239.73,212.02,48.45,2019-02-09,0
Benedita Do Nascimen,62.5,60-64,63.5,70,72.5,95,237.5,1,254.21,253.55,223.86,42.69,2007-08-07,0
Lene Einarsen,62,60-64,74.32,110,72.5,102.5,285,1,278.93,272.49,239.78,56.8,2025-08-31,0
Jeanette Urlich,60.5,60-64,64.55,95,47.5,110,252.5,1,267.61,266.27,235.05,44.97,2019-03-12,0
Doris Santos,60,60-64,60,25,45,80,150,2,166.28,167.23,147.76,33.91,2013-11-01,0
Maria Irene de Oliveira Barreto,63.5,60-64,88.9,65,40,120,225,1,201.69,195.43,170.06,41.61,2025-11-20,0
Denise Moore,61,60-64,71.2,78.5,35,117.5,231,1,231.4,227.16,200.15,47.05,2025-06-14,0
Arlene Dukes,64.5,60-64,54.3,65,35,85,185,1,218.91,222.99,197.39,45.06,2021-11-06,0
Diane Millan,64,60-64,106.2,95,50,122.5,267.5,1,223.21,219.21,186.82,46.99,2025-10-05,0
Alison Williams,61.5,60-64,61.4,85,50,120,255,1,278.63,279.28,246.69,56.74,2025-11-15,0
Loretta Barron,63.5,60-64,63,75,40,105,220,1,236.61,236.27,208.63,39.72,1997-11-08,0
Marzia Girardi,62,60-64,46.08,98,47.5,147.5,293,1,389.68,399.66,356.84,82.85,2026-02-08,0
Liz Doswell,67,65-69,90.65,72.5,45,155,272.5,1,242.17,234.76,203.92,50.06,2025-09-21,0
Marie-Christine Liège,68,65-69,66,90,65,115,270,1,282.42,280.09,247.17,57.39,2024-03-23,0
Dorathy Michaud,66,65-69,46.44,70,47.5,115,232.5,1,307.43,315.39,281.42,65.23,2023-09-16,0
Ibemhal Devi Takhelchangbam,65.5,65-69,53.64,28,25,55,108,1,128.86,131.43,116.38,26.57,2023-06-24,0
Linda Hendricksen,65,65-69,73.5,70,55,115,240,1,236.29,231.1,203.44,48.09,2026-02-14,0
Dorothy O'Keefe,65.5,65-69,53.6,47.5,32.5,77.5,157.5,1,188.01,191.78,169.82,38.77,2023-02-18,0
Debra Valentin,66,65-69,59.2,102.5,45.5,125,273,1,305.22,307.55,271.79,62.29,2025-11-22,0
Anta Bellant,65.5,65-69,63.75,35,40,70,145,1,154.83,154.34,136.26,31.48,2026-01-24,0
Sue Hallen,65.5,65-69,98.6,100,85,130,315,1,270.3,263.38,226.66,56.4,2023-03-18,0
Yōko Takagi,65,65-69,51.26,95,40,95,230,1,283.17,289.91,257.13,47.31,2002-06-01,0
Sharyn Malcolmson,65,65-69,62.4,70,55,105,230,1,248.82,248.81,219.73,41.75,2024-11-09,0
Suzanne D'Avalon,69.5,65-69,76.5,57.5,35,87.5,180,1,173.51,169.04,148.58,35.38,2025-11-08,0
Fara Stanley,65,65-69,58.8,75,60,115,250,1,280.72,283.13,250.23,57.32,2026-01-31,0
Renee Palin,67,65-69,43.1,47.5,40,87.5,175,1,244.91,249.79,224.59,53.15,2025-12-06,0
Maureen MacEwen,65,65-69,55.74,92.5,40,117.5,250,1,290.68,295.23,261.17,59.65,2025-02-08,0
Susan Beck,65,65-69,65.6,50,37.5,80,167.5,1,175.83,174.54,154.04,35.73,2015-10-24,0
Tonnie Dahl,69.5,65-69,62.1,85,47.5,107.5,240,1,260.41,260.58,230.14,53,2026-01-31,0
Pamela Parant,65,65-69,57.1,100,65,125,290,1,331.87,336.05,297.14,67.93,2025-10-11,0
Martine Parfait,68,65-69,56.56,102.5,70,132.5,305,1,351.22,356.08,314.9,58.75,2025-10-05,0
B. Shepard,69,65-69,60,81.65,43.09,120.2,244.94,1,271.53,273.08,241.28,45.49,1995-07-16,0
Shirley Cunningham,73.5,70-74,60.75,50,35,92.5,177.5,1,195.24,196,173.15,39.78,2018-02-03,0
Yosoko Tagaki,71.5,70-74,51,90,45,100,235,6,290.36,297.37,263.8,48.51,1995-10-03,0
Shari Shink,73.5,70-74,62.77,35,37.5,60,132.5,1,142.82,142.69,126.01,29.06,2022-10-01,0
Nancy Drewek,73.5,70-74,87.9,57.5,40,75,172.5,1,155.42,150.57,131.16,32.03,2021-08-21,0
Susan Townsend,71.5,70-74,81.9,57.5,32.5,92.5,182.5,1,169.98,164.87,144.39,34.82,2022-06-25,0
Stephanie Whiting,74.5,70-74,41.1,57.5,37.5,82.5,177.5,1,257.87,260.96,236.19,43.33,2023-12-09,0
Soili Koistinen,73.5,70-74,57.62,30,27.5,70,127.5,1,145.05,146.7,129.7,29.67,2021-11-19,0
Naoko Sugiyama,71.5,70-74,48.5,85,37.5,110,232.5,1,297.77,305.58,271.81,62.52,2021-07-23,0
Celeste Bertges,73,70-74,62.86,50,35,75,160,1,172.32,172.12,151.99,35.06,2025-12-11,0
Maryse Malicot,72,70-74,53.48,80,47.5,85,212.5,1,254.06,259.2,229.54,42.46,2019-02-23,0
Margie Matsomura,74,70-74,67.5,40,35,75,150,1,154.86,153.09,135.05,31.47,1997-08-30,0
嶋岡 民栄,73.5,70-74,59.55,60,50,80,190,1,211.63,213.07,188.28,43.17,2020-12-19,0
Charito A Kløvstad,73.5,70-74,51.46,83,40,123,246,1,302.04,309.15,274.15,62.68,2025-03-28,0
Shirley Witte,72.5,70-74,59,35,25,87.5,147.5,1,165.26,166.61,147.24,33.74,2016-11-05,0
Debra Stefan,72,70-74,65.9,90,52.5,112.5,255,1,266.97,264.82,233.7,54.25,2025-10-10,0
Joanne Lutz,70.5,70-74,57.3,57.5,35,85,177.5,1,202.67,205.12,181.36,41.47,2024-05-12,0
Lois Nadolny,71.5,70-74,63.5,45,35,77.5,157.5,1,168.58,168.14,148.46,34.28,2025-11-22,0
Marsha Morrison,70,70-74,97.9,90,57.5,127.5,275,1,236.64,230.44,198.49,49.33,2025-10-25,0
Sigríður Dagmar Agnarsdóttir,70.5,70-74,55.9,82.5,40.5,107.5,230.5,1,267.49,271.59,240.24,54.87,2023-11-18,0
Lorie Nilsen,70,70-74,77.07,25,30,80,135,1,129.63,126.22,110.9,26.44,2021-09-24,0
Catheri Helen,79,75-79,57.3,67.5,32.5,80.5,180.5,1,206.09,208.59,184.43,42.17,2025-11-15,0
Liz Moore,76,75-79,60.4,62.5,37.5,101,201,1,221.89,222.94,196.96,45.23,2025-03-22,0
Colleen Sweeney,79,75-79,62.3,57.5,30,87.5,175,1,189.51,189.54,167.39,38.57,2025-11-15,0
Jan Hunt,76.5,75-79,73.43,85,45,117.5,247.5,2,243.79,238.47,209.93,49.62,2026-02-08,0
Linda Giovinco,76,75-79,50.8,40,27.5,77.5,145,1,179.65,184.04,163.29,37.37,2025-11-08,0
Shimaoka Minei,77.5,75-79,60.9,70,47.5,85,202.5,2,222.39,223.18,197.16,45.31,2024-07-13,0
Jaya Vaidyanathan,78.5,75-79,65.56,60,32.5,80,172.5,1,181.15,179.83,158.71,36.81,2022-04-09,0
Gale Williams,77,75-79,67.35,97.5,60,135,292.5,1,302.36,299.01,263.78,61.44,2025-11-22,0
Helen Kostadinos,79.5,75-79,59.3,65,48,100,213,1,237.88,239.64,211.77,39.84,2023-09-23,0
Barbara DeAngelis,78,75-79,73.7,30,37.5,112.5,180,1,176.96,173.03,152.3,36.02,2022-10-08,0
Susie Rose,75,75-79,56.2,50,35,97.5,182.5,1,211.04,214.13,189.39,43.27,2017-08-31,0
Dulcie Duguid,75,75-79,54.85,65,35,95,195,1,229.18,233.2,206.37,47.12,2024-12-07,0
Deborah Wilson #2,75,75-79,80.75,37.5,40,77.5,155,2,145.37,141.1,123.67,29.74,2025-12-06,0
Cheryn Grant,77,75-79,58.4,52.5,30,70,152.5,1,171.99,173.63,153.47,35.14,2024-05-11,0
Mary Duffy,75.5,75-79,54.1,70,52.5,100,222.5,1,263.94,268.97,238.11,54.36,2025-05-17,0
Britten Fernström,76,75-79,56.45,70,52.5,107.5,230,1,265.19,268.93,237.84,54.35,2025-11-21,0
Kunjarani Devi Th,79,75-79,72.1,40,30,70,140,1,139.28,136.52,120.25,23.55,2019-05-27,0
Sally Alexander,78.5,75-79,54.6,45,35,70,150,1,176.83,180.03,159.33,36.38,2023-05-13,0
Annette Parlane,78,75-79,81.2,66,42,120,228,2,213.26,206.93,181.31,43.65,2024-12-07,0
Jennine Anderson,77.5,75-79,45.25,47.5,35,72.5,155,1,208.98,214.13,191.51,44.66,2025-11-15,0
