Name,Age,AgeClass,BodyweightKg,Squat,Bench,Deadlift,TotalKg,Place,Dots,Wilks,Glossbrenner,Goodlift,Date
Victor Kozlov,14.5,13-15,55.7,120,92.5,135,347.5,7,312.51,318.02,311.9,52.95,1996-06-10
LJ Pasion,13.5,13-15,57.8,105,72.5,135,312.5,1,272.14,275.95,270.04,52.28,2019-09-29
A Yildashev,14.5,13-15,50.5,90,55,115,260,3,256.13,263.18,259.62,43.01,2004-04-28
Vasily Yankovich,14,13-15,97.52,150,95,160,405,1,252.06,249.04,237.99,42.88,2011-09-26
Bogdan Martishko,13.5,13-15,85,112.5,62.5,125,300,3,199.88,197.5,189.78,41.03,2016-06-03
Yuriy Saraev,14.5,13-15,77,70,65,100,235,9,165.83,164.47,158.74,28.4,2013-11-23
Aaron Melkonyan,14.5,13-15,54.1,95,50,105,250,5,230.79,235.53,231.41,43.34,2017-11-22
Konstantin Tambovtsev,14,13-15,80.2,90,70,105,265,1,182.46,180.63,174.02,37.33,2020-05-16
Schohnazar Agullanazarov,14.5,13-15,53.45,105,70,140,315,6,294.04,300.43,295.39,54.96,2019-12-02
Tarrius Barksdale,15,13-15,59.95,125,80,150,355,9,299.84,303,295.9,51.05,2008-04-04
Luke Herchakowski,13,13-15,61.2,75,77.5,105,257.5,1,213.87,215.72,210.42,41.78,2025-03-15
Andrey Romanenkov,14.5,13-15,56,130,57.5,130,317.5,2,284.18,289.04,283.38,48.17,2003-03-22
A. Samatov,12.5,13-15,61.65,100,75,142.5,317.5,11,262.16,264.26,257.67,51.32,2017-10-02
Viktor Strelchenko,14.5,13-15,54,100,40,90,230,3,212.69,217.09,213.32,35.95,2005-11-26
Ayden Stevens,14.5,13-15,69.65,160,95,182.5,437.5,14,329.78,329.12,319.02,66.29,2022-12-10
Jon Morrison,14.5,13-15,52.9,75,65,95,235,1,221.48,226.52,222.86,41.23,2017-11-11
Ashton Bocock,14.5,13-15,72.4,40,25,65,130,2,95.44,94.99,91.93,19.3,2024-06-08
Rock Weddington,13,13-15,67.59,70,65,92.5,227.5,1,175.18,175.22,170.07,35.02,2012-04-14
Ivan Robulets,13.5,13-15,57.4,85,65,110,260,3,227.77,231.11,226.26,43.66,2015-11-21
Evgeniy Litovchenko,14.5,13-15,67.3,100,65,135,300,3,231.72,231.86,225.09,46.29,2014-01-23
Manuel Saldana,14.5,13-15,59.51,170.1,72.57,183.7,426.38,8,362.32,366.39,357.95,61.67,2015-03-14
Suren Chakmazov,14.5,13-15,58.5,100,70,120,290,9,249.98,253.19,247.6,42.5,1997-10-30
Robert Zawisza,14.5,13-15,80,120,92.5,140,352.5,1,243.07,240.65,231.87,49.72,2025-09-06
Maddox Metcalf,14.5,13-15,83.4,155,97.5,187.5,440,1,296.24,292.87,281.66,60.76,2024-09-14
Dominik Tusinski,13.5,13-15,71.4,140,85,157.5,382.5,2,283.44,282.39,273.43,57.21,2014-03-09
Gabriel Penaherrera,15,13-15,71.21,142.5,110,157.5,410,1,304.37,303.29,293.71,61.41,2009-08-01
Aleksandr Tursunov,12.5,13-15,47.9,50,60,90,200,7,207.73,214.57,212.24,34.67,2012-12-15
Nikita Karp,14.5,13-15,65.05,80,57.5,120,257.5,3,203.96,204.63,198.98,40.45,2020-11-06
Logan Vachon,14.5,13-15,87.35,97.5,70,122.5,290,2,190.42,188.06,180.47,39.13,2025-03-09
Matt Ballard,15,13-15,100,132.5,110,182.5,425,1,261.59,258.65,247.04,53.69,2013-07-13
Illya Volovikov,13.5,13-15,62.7,70,45,75,190,5,154.81,155.81,151.79,26.42,2010-12-10
Mikhail Poboynya,14.5,13-15,59,120,65,130,315,8,269.6,272.84,266.69,45.86,2012-04-14
Paul Coke,13.5,13-15,80.8,105,67.5,117.5,290,2,198.81,196.75,189.49,40.69,2025-07-13
Vernon Riggins,14.5,13-15,46.9,65,40,97.5,202.5,1,214.98,222.52,220.3,37.91,2021-07-17
Nealon Jones,13.5,13-15,62.5,70,35,92.5,197.5,1,161.32,162.41,158.24,31.69,2016-04-02
Alex Olsen,15,13-15,64.59,149.69,79.38,161.03,390.09,18,310.64,311.85,303.35,53.07,2007-03-09
Alan Wright,14,13-15,110,156.49,92.99,195.04,444.52,2,263.27,261.6,250.02,53.72,2001-07-27
Maksim Khikmatov,13.5,13-15,50.8,100,52.5,130,282.5,2,276.7,284.15,280.21,46.5,2005-11-26
Eddy Goldberg,14.5,13-15,64.25,80,70,87.5,237.5,1,189.89,190.71,185.56,37.55,2024-10-26
Peyton Willoughby,14.5,13-15,59.27,122.5,70,155,347.5,3,296.29,299.73,292.89,57.36,2022-03-23
Vladimir Kabatskiy,13.5,13-15,51.65,105,55,130,290,2,279.55,286.6,282.35,51.54,2017-11-20
Timur Kazymov,14.5,13-15,55.5,120,92.5,105,317.5,3,286.44,291.59,286.04,48.52,2010-12-18
Maksim Kharitonov,14.5,13-15,68.35,65,52.5,82.5,200,8,152.77,152.68,148.12,30.61,2019-04-05
Zakhar Kovyushenkov,14.5,13-15,64.7,70,50,90,210,9,167.01,167.64,163.06,33.08,2019-12-20
Evgeniy Palkin #2,14.5,13-15,47.3,77.5,45,110,232.5,4,244.65,253.02,250.41,43.33,2014-02-20
Dmitriy Gusarov,14.5,13-15,59.7,120,62.5,130,312.5,4,264.85,267.75,261.53,51.39,2018-12-22
Igor Belyaev #2,14.5,13-15,55.55,157.5,90,147.5,395,8,356.08,362.45,355.53,60.32,2008-04-11
Carlos Rodriguez #9,14.5,13-15,55.6,65,45,110,220,1,198.16,201.69,197.83,33.57,2017-01-21
Dawson Weyant,14,13-15,54.55,85,57.5,102.5,245,1,224.48,228.9,224.78,42.28,2025-11-09
Bryan Coley,13,13-15,67.13,60,47.5,117.5,225,2,174.11,174.25,169.18,34.76,2006-07-29
Nicolas Criado Pons,16.5,16-17,63.24,180,92.5,182.5,455,3,368.25,370.35,360.64,72.55,2025-04-26
Nick Miselem,16,16-17,86.41,172.37,90.72,204.12,467.2,26,308.53,304.76,292.62,52.72,2007-03-09
Niraj Panwar,17,16-17,82.1,150,70,170,390,12,264.91,262.03,252.18,45.33,2018-03-16
Adam Tobias Bajzík,15.5,16-17,92,230,122.5,212.5,565,1,361.37,356.77,341.62,74.31,2025-03-30
Mikhail Padin,16.5,16-17,72.25,100,100,130,330,15,242.6,241.51,233.73,41.54,2016-04-15
Ruslan Kamaletdinov,16.5,16-17,60,155,90,157.5,402.5,4,339.73,343.28,335.22,57.85,2002-05-21
Vincent Van,15.5,16-17,59.65,155,87.5,177.5,420,1,356.21,360.13,351.79,69.09,2023-01-21
Robert Chaidez,17,16-17,80.2,157.5,102.5,215,475,1,327.05,323.77,311.93,66.91,2024-05-11
Liam Hartson,16.5,16-17,72.18,120,92.5,155,367.5,11,270.34,269.14,260.48,54.66,2020-03-01
Carlo Valente,16.5,16-17,144.58,215,122.5,200,537.5,2,291.94,298.95,283.44,57.86,2024-11-21
Devin Bocook,16.5,16-17,72.4,150,107.5,172.5,430,10,315.68,314.21,304.06,63.85,2019-03-02
Ramil Chavadanov,16.5,16-17,48.8,130,75,135,340,3,346.51,357.26,353.07,57.97,2004-04-23
Jan Emil Thies,16.5,16-17,97.05,135,90,170,395,1,246.37,243.4,232.62,50.62,2025-05-17
Rahul Gowtam M,17,16-17,126.7,195,80,165,440,3,248.32,250.06,239.2,41.68,2019-05-27
K Rakhmatkaliev,16.5,16-17,51.5,95,75,150,320,5,309.33,317.22,312.57,52.05,1993-04-16
Jose Miguel Atencio Jacome,15.5,16-17,60,60,50,70,180,6,151.93,153.52,149.91,29.52,2025-04-12
Rasmus Kivak,15.5,16-17,58.35,80,57.5,110,247.5,2,213.81,216.61,211.86,41.2,2021-10-15
Michael Ozoa,16,16-17,82.4,187.5,110,150,447.5,3,303.34,300,288.68,51.9,2010-01-31
Trevor Eubanks,17,16-17,110,136.08,115.67,192.78,444.52,1,263.27,261.6,250.02,44.51,2006-04-22
Owen Krawiecki,15.5,16-17,62.05,170,110,197.5,477.5,1,392.26,395.16,385.17,76.91,2024-08-10
Aleksey Malyshev #1,17,16-17,58.5,160,120,192.5,472.5,1,407.3,412.53,403.42,78.54,2022-06-04
Aleksandr Razdorov,15.5,16-17,58.5,125,60,155,340,3,293.08,296.85,290.29,49.83,2012-05-26
Aleksey Filyushin,16.5,16-17,80.75,190,110,200,500,2,342.89,339.36,326.85,58.68,2013-11-17
Lukas Seefeldt,16,16-17,69.04,170.1,79.38,176.9,426.38,27,323.38,322.95,313.16,55.34,2007-03-09
Shijia Liu,17,16-17,76.45,185,130,200,515,3,365.03,362.18,349.66,74.34,2025-08-09
Breylen Hall,16,16-17,95.1,237.5,137.5,265,640,2,402.92,397.91,380.53,82.82,2026-01-17
Peyton Miller,16,16-17,97.7,210,162.5,250,622.5,1,387.1,382.49,365.5,79.52,2026-01-18
Kaiden Crawshaw,17,16-17,103.9,227.5,125,250,602.5,3,364.92,361.38,345.06,74.75,2025-05-23
Mohanad Mashhor Alharthi,16,16-17,91.2,152.5,80,170,402.5,4,258.54,255.25,244.5,53.16,2024-07-06
Vladislav Gutynin,16.5,16-17,66.5,145,85,160,390,19,303.88,304.34,295.63,51.96,2015-04-17
Oliver Okeefe,15.5,16-17,76.8,165,105,200,470,1,332.19,329.51,318.07,67.69,2025-10-05
Aleksey Sivovolov,16.5,16-17,74.35,185,110,170,465,6,335.47,333.37,322.23,57.45,2004-11-13
Danny O'Neill,16,16-17,73.21,147.42,90.72,165.56,403.7,2,294.19,292.62,283.04,50.38,2016-11-12
Robert O'Conner,17,16-17,78.4,160,100,187.5,447.5,1,312.32,309.49,298.47,63.77,2015-08-01
Iordanis Mposnakidis,15.5,16-17,81.8,243,125,260,628,1,427.47,422.87,407.04,87.57,2024-12-13
Daniil Okulov,16.5,16-17,67.75,110,80,160,350,6,269.04,269.06,261.13,53.81,2019-12-20
Mykhailo Miroshnyk,15.5,16-17,80.6,155,102.5,182.5,440,1,302.07,298.98,287.98,61.82,2025-12-13
Andrey Strelkov,16.5,16-17,92,185,112.5,227.5,525,3,335.79,331.52,317.43,57.26,1991-04-19
Lukáš Alois Neidl,16.5,16-17,101.3,170,92.5,185,447.5,3,273.92,270.96,258.76,56.19,2022-09-11
Grey Musumeci,16.5,16-17,68.7,95,75,122.5,292.5,3,222.62,222.4,215.71,44.64,2023-10-21
Paul Mourain,17,16-17,83,215,147.5,210,572.5,1,386.49,382.14,367.6,79.25,2025-11-08
Saul Diaz,16.5,16-17,61.6,130,87.5,170,387.5,1,320.17,322.75,314.71,62.66,2025-09-27
Joseph Mui,16.5,16-17,59.3,175,87.5,187.5,450,9,383.52,387.95,379.09,65.26,2015-03-27
Hugo Toledano Hernandez,16.5,16-17,64.02,155,77.5,162.5,395,7,316.68,318.16,309.62,62.58,2023-02-18
Thomas Chaput,16.5,16-17,52,147.5,122.5,155,425,1,407.06,417.04,410.71,68.57,1997-08-23
Johann Nate A Vallarta,16.5,16-17,64.5,120,67.5,150,337.5,7,269.04,270.13,262.78,45.96,2025-08-19
Luis Garcia #15,15.5,16-17,121.9,217.5,135,205,557.5,1,318.52,319.38,306.02,53.56,2021-02-06
Igor Okipnyy,15.5,16-17,59.1,162.5,85,165,412.5,7,352.55,356.74,348.65,59.98,2007-04-17
Ahmet Tarık Özpamuk,17,16-17,98.6,155,125,205,485,3,300.37,296.86,283.61,61.68,2020-02-15
Ruslan Novatskiy,17,16-17,73.69,155,105,190,450,5,326.53,324.66,313.94,66.21,2021-05-21
Joseph Kim,18.5,18-19,88.9,150,105,175,430,1,279.78,276.25,264.9,57.51,2026-02-22
Augustus Kurwitz,18.5,18-19,81.4,195,95,230,520,1,354.96,351.2,338.12,72.69,2023-04-22
Luis D. Acevedo,18,18-19,65.32,135,92.5,142.5,370,1,292.15,293.02,284.87,49.93,2009-05-30
Mitch Blokhuis,17.5,18-19,91.8,180,102.5,195,477.5,14,305.73,301.84,289.04,62.86,2022-03-05
Aaron Blair,18.5,18-19,91.4,227.5,112.5,240,580,1,372.16,367.42,351.9,76.52,2024-06-15
Roray Cheyne,18.5,18-19,80.7,150,92.5,205,447.5,9,307,303.85,292.65,62.83,2026-02-07
Noah Crofton,18,18-19,66.68,100,75,130,305,1,237.18,237.49,230.66,47.29,2018-07-29
Guillermo Ezpeleta Andres,17.5,18-19,65.34,200,107.5,225,532.5,1,420.36,421.61,409.88,83.45,2025-01-25
Jordy Vasquez,18,18-19,66.8,175,105,182.5,462.5,1,359.18,359.6,349.23,71.64,2024-05-11
Alexander Valencia,17.5,18-19,93,212.5,130,230,572.5,1,364.25,359.64,344.21,74.9,2019-09-14
Aleksey Pestovalov,17.5,18-19,89.25,140,110,175,425,24,275.97,272.48,261.25,47.11,2002-04-19
Dither Castro,17.5,18-19,65.6,127.5,80,160,367.5,1,289.25,290.01,281.89,57.47,2016-12-08
Alexander Pedersen,19,18-19,54.1,75,60,115,250,1,230.79,235.53,231.41,43.34,2011-10-22
Marcus Brown #5,18,18-19,92.6,190,137.5,75,402.5,19,256.62,253.37,242.54,52.77,2022-05-12
Ryan Roth #1,19,18-19,90.75,200,145,230,575,2,370.25,365.54,350.21,76.13,2025-11-01
QuRan Hughes,18.5,18-19,81.2,215,152.5,230,597.5,1,408.44,404.15,389.15,83.63,2018-02-10
Luis Santos,18,18-19,67,167.5,120,187.5,475,7,368.09,368.43,357.75,73.46,2023-07-10
Gabriel Forcella,18.5,18-19,86.6,182.5,117.5,220,520,5,343,338.79,325.26,70.46,2025-05-24
Cordova Ilaluque Kasster,17.5,18-19,73.24,160,97.5,205,462.5,26,336.95,335.15,324.16,68.26,2023-09-23
Thembanani Makubalo,17.5,18-19,57.42,140,65,180,385,8,337.17,342.11,334.92,57.26,2012-08-28
Vincenzo Ruiz,18,18-19,67.3,110,70,130,310,1,239.45,239.58,232.59,47.83,2025-03-22
Christian Belt,17.5,18-19,79.6,185,107.5,205,497.5,1,344.07,340.72,328.37,70.35,2022-02-13
Elijah Guerrero,19,18-19,104.4,202.5,122.5,200,525,1,317.36,314.35,300.17,64.99,2018-06-02
Nate Runde,18.5,18-19,81.7,215,97.5,227.5,540,5,367.83,363.88,350.28,62.94,2014-03-28
Nic Garcia,18.5,18-19,85.73,145.15,102.06,149.69,396.89,9,263.21,260.03,249.76,44.99,2016-02-11
Justin Tuinstra,18,18-19,82.5,249.48,172.37,231.33,653.17,1,442.45,437.56,421.02,75.69,2007-04-21
Victor Hugo Sampaio Pereira,18.5,18-19,92.4,210,105,265,580,2,370.18,365.48,349.89,76.12,2025-09-28
Brandon Manthey,18,18-19,57.65,147.5,70,170,387.5,2,338.2,343.02,335.73,57.45,2025-03-20
Jaarael Bell,18.5,18-19,67.5,150.14,102.51,205.02,457.67,3,352.75,352.87,342.53,60.34,2006-01-28
Erik Emgård,18,18-19,80.85,155,102.5,205,462.5,4,316.95,313.67,302.09,64.88,2025-05-31
Milton Gunther Ibarra Cruz,17.5,18-19,82,197.5,105,232.5,535,1,363.66,359.71,346.21,74.51,2025-12-13
Kevin Pham #3,18.5,18-19,80.5,197.5,105,200,502.5,1,345.23,341.72,329.16,70.65,2019-01-20
Brett Jensen,18,18-19,133.9,285,137.5,225,647.5,4,359.4,364.36,347.4,60.18,2005-04-01
Amari Archie,17.5,18-19,84.8,177.5,110,210,497.5,2,331.89,327.96,315.17,68.13,2025-12-20
Kirill Trudov,17.5,18-19,64.8,120,85,155,360,1,285.97,287.01,279.14,48.86,2019-05-18
Tristian Davila,19,18-19,65.65,225,172.5,280,677.5,1,532.94,534.31,519.32,105.91,2025-10-11
Thadeus Santos,17.5,18-19,81.55,160,122.5,210,492.5,4,335.83,332.25,319.86,68.79,2024-10-26
Elijah Valencia,19,18-19,71.94,145.15,97.52,170.1,412.77,5,304.32,303.04,293.33,52.11,2019-02-07
Narek Tunyan,18.5,18-19,65.6,175,105,180,460,5,362.06,363.01,352.84,61.88,2004-04-23
Roy Muriu,19,18-19,72.6,67.5,67.5,102.5,237.5,4,174.04,173.2,167.58,29.8,2010-11-06
Carter Briski,17.5,18-19,108.4,177.5,112.5,190,480,18,285.88,283.78,271.11,58.4,2023-03-04
Jayesh Wadvani,18.5,18-19,83.35,185,120,215,520,4,350.22,346.24,332.99,71.83,2021-04-18
Andreas Svane,17.5,18-19,75,135,90,165,390,4,279.79,277.9,268.52,47.92,2012-04-07
Appa Duggesh,17.5,18-19,81.6,225,120,217.5,562.5,3,383.43,379.33,365.17,65.61,2002-09-25
Christian Weaver,18.5,18-19,80.9,240,135,210,585,3,400.75,396.6,381.94,68.58,2021-12-04
Aaron Taliaferro,17.5,18-19,72.3,170,67.5,172.5,410,1,301.27,299.9,290.23,51.59,2018-04-28
Sergey Sokolov #18,18.5,18-19,98.75,225,140,230,595,14,368.25,363.96,347.71,62.6,2002-04-04
Nguyễn Danh Quyết,19,18-19,57.65,140,102.5,185,427.5,3,373.11,378.43,370.39,71.62,2024-01-13
Jacob Carlsen,18.5,18-19,83.4,172.5,102.5,197.5,472.5,31,318.12,314.5,302.46,65.25,2023-03-04
Kyle Palmisano,18.5,18-19,64.1,145,100,182.5,427.5,1,342.41,343.97,334.71,67.68,2019-06-22
Andrew Gale,20.5,20-23,66.2,137.5,82.5,145,365,6,285.35,285.89,277.76,56.81,2022-02-05
Jared Lau,22.5,20-23,80.95,180,115,240,535,1,366.37,362.56,349.15,75,2025-11-01
Bhavishya Chauhan,20,20-23,72.2,210,142.5,210,562.5,4,413.71,411.87,398.61,70.84,2025-11-02
Tadeo Cerdeira,19.5,20-23,92.5,212.5,150,260,622.5,1,397.1,392.06,375.32,81.65,2025-11-08
Vitaliy Pozyaev,20,20-23,75,137.5,112.5,177.5,427.5,1,306.7,304.62,294.34,62.33,2017-03-11
Evgeniy Kulenko,22.5,20-23,90.25,225,150,225,600,32,387.42,382.5,366.54,66.11,2015-05-24
Edward Dong,20.5,20-23,81.3,202.5,135,230,567.5,2,387.65,383.56,369.31,79.38,2023-06-24
Matthew Cumming,20,20-23,82.1,175,115,205,495,1,336.24,332.57,320.07,68.9,2023-03-18
Remi Smith,20.5,20-23,75.44,172.5,105,200,477.5,23,341.3,338.87,327.35,69.41,2022-10-15
Daniel Schlittler,22.5,20-23,91.2,201.9,152,238.1,591.9,1,380.2,375.36,359.55,78.18,2015-11-07
Lachlan Hubble,23,20-23,86.8,225,132.5,220,577.5,2,380.46,375.78,360.73,78.17,2025-11-01
René Poprocky,19.5,20-23,89.7,180,102.5,210,492.5,7,318.99,314.95,301.89,54.44,2024-09-28
Julius Guenthoer,19.5,20-23,99.25,182.5,137.5,242.5,562.5,4,347.36,343.37,328,71.32,2022-11-06
Joseph Dulog,19.5,20-23,65.8,150,112.5,185,447.5,3,351.42,352.25,342.34,69.87,2022-12-03
Gabriel Muñoz Álvarez,21.5,20-23,89,185,120,210,515,10,334.89,330.67,317.07,68.84,2018-10-05
Alex Lopez Trujillo,20.5,20-23,69.1,165,110,187.5,462.5,7,350.56,350.07,339.45,70.37,2025-06-14
Santiago Vazquez,23,20-23,107.3,240,165,290,695,1,415.57,412.25,393.77,84.95,2022-10-23
Mario Pérez Sexer,22.5,20-23,79.46,240,145,215,600,7,415.39,411.38,396.5,84.92,2024-01-20
Arvin John C Sullano,21.5,20-23,72.95,175,110,200,485,5,354.27,352.46,340.96,71.73,2025-01-19
Charles Noonan,20.5,20-23,88.7,210,137.5,215,562.5,1,366.41,361.8,346.98,62.56,2026-02-21
Jeff Calabrese,23,20-23,74.1,190,132.5,210,532.5,17,385.01,382.67,369.94,65.93,2011-04-01
Zach Appelbaum,19.5,20-23,63.8,175,130,200,505,16,405.94,407.95,397.07,69.32,2015-04-10
Josh Lescohier,19.5,20-23,108.4,220,142.5,265,627.5,3,373.72,370.98,354.42,76.34,2022-01-22
Declan Egbert,21.5,20-23,97.6,227.5,125,237.5,590,1,367.06,362.68,346.57,75.4,2023-04-29
Vu Le #2,22.5,20-23,53.83,162.5,107.5,162.5,432.5,7,401.1,409.54,402.49,75.18,2023-04-13
Harry Price,23,20-23,80.65,175,132.5,235,542.5,5,372.31,368.49,354.92,76.2,2023-12-16
Romain Lefevre,21.5,20-23,82.18,210,150,240,600,1,407.33,402.88,387.72,83.47,2021-06-12
Ben Muanza,20,20-23,121.6,247.5,142.5,242.5,632.5,1,361.66,362.55,347.4,73.1,2023-11-11
Jonathan Cruz #3,20.5,20-23,87.85,177.5,125,197.5,500,7,327.33,323.24,310.13,67.27,2023-12-09
Nico Diaz #2,21,20-23,86.65,232.5,147.5,227.5,607.5,2,400.59,395.67,379.86,82.3,2024-08-03
Liam Bauwens,21,20-23,103.86,210,137.5,202.5,550,4,333.18,329.93,315.04,68.25,2025-02-02
Emmanuel Velarde,21,20-23,81.9,200,122.5,212.5,535,2,363.91,359.98,346.49,74.56,2025-11-08
Sergey Chizhikov,21.5,20-23,65.4,230,132.5,220,582.5,4,459.52,460.84,448,91.24,2019-11-29
Kryštof Robin Sítek,20.5,20-23,89.4,190,125,200,515,12,334.13,329.9,316.27,68.69,2025-11-29
Isaiah Spicer,22,20-23,88.8,215,150,272.5,637.5,3,415.03,409.8,392.99,85.31,2024-02-17
Marcus Kovdal,20.5,20-23,76.47,180,107.5,190,477.5,17,338.4,335.75,324.14,68.92,2023-04-01
Piero Santiago,21.5,20-23,58.8,152.5,80,177.5,410,4,351.9,356.25,348.29,67.97,2025-09-20
Ricaurte Velásquez Cabrera,19.5,20-23,81.9,205,150,220,575,9,391.12,386.89,372.39,80.13,2024-05-02
Santeri Pasanen,22.5,20-23,118.3,310,200,302.5,812.5,7,468.87,468.71,449.05,95.04,2025-11-28
Christopher Rosen,20.5,20-23,88.95,167.5,120,195,482.5,5,313.85,309.89,297.15,64.52,2024-11-03
Andrew Greene #1,22.5,20-23,78.7,210,112.5,250,572.5,2,398.64,394.96,380.83,81.42,2025-12-20
Colm Hasara,20,20-23,101.7,257.5,160,255,672.5,3,410.96,406.59,388.26,84.28,2025-10-26
Carson Petrie,19.5,20-23,87,195,120,220,535,1,352.03,347.69,333.73,72.33,2025-02-15
Luke Brincat Stellini,20,20-23,92.1,227.5,137.5,230,595,3,380.36,375.52,359.55,78.21,2024-04-06
Dominic Iannella,19.5,20-23,73.3,187.5,107.5,232.5,527.5,2,384.1,382.02,369.49,77.83,2022-07-08
Frank Spinelli,20,20-23,132.45,208.65,167.83,208.65,585.13,4,325.82,329.87,314.74,65.23,2010-12-13
Alexandro Zamora Posadas,21.5,20-23,121.2,275,127.5,270,672.5,2,384.95,385.76,369.65,77.84,2025-09-06
Patrick Burger,20,20-23,93.3,155,107.5,240,502.5,3,319.22,315.19,301.63,54.4,2016-10-22
Vitaliy Konyk,20.5,20-23,94.4,260,190,240,690,7,435.9,430.44,411.75,74.25,2012-03-29
Jordan Vang,21.5,20-23,59.88,175,122.5,197.5,495,5,418.49,422.95,413.06,81.26,2023-09-14
Dmitro Pavlenko,28.5,24-34,119.1,337.5,185,335,857.5,4,493.71,493.87,473.21,100.01,2021-12-03
Pierre-Marie Baizet,32.5,24-34,82.25,175,125,220,520,5,352.85,348.99,335.84,72.31,2025-04-05
Nikita Zhigadlo,27,24-34,89.2,205,150,220,575,4,373.48,368.76,353.56,76.78,2022-04-02
Chris Cline #2,23.5,24-34,88.2,185,137.5,230,552.5,2,360.95,356.43,341.91,74.19,2018-04-07
Kiethen Lee,30,24-34,81.1,157.5,125,175,457.5,3,312.96,309.69,298.21,64.08,2023-02-25
Aivars Cimermanis,31.5,24-34,116.6,215,190,250,655,6,379.86,379.22,363.17,64.02,2001-10-13
Jeff Lopez,26.5,24-34,58.65,182.5,112.5,217.5,512.5,8,440.83,446.38,436.46,85.08,2019-10-16
Radek Juračka,30.5,24-34,117,240,200,260,700,1,405.48,404.92,387.82,68.32,2007-02-03
Danylo Sobol,24,24-34,102.8,272.5,160,257.5,690,5,419.76,415.48,396.72,86.04,2023-04-01
Stephen Chen #2,27.5,24-34,71.14,207.5,122.5,240,570,1,423.43,421.96,408.64,85.42,2020-11-08
Sam Birns,26,24-34,99.8,247.5,145,247.5,640,3,394.27,389.81,372.32,80.93,2021-11-20
Shayann Vaezzadeh,26,24-34,73.6,157.5,107.5,210,475,1,344.95,343,331.68,69.93,2018-12-15
Tanner Andres,24,24-34,81,185,110,215,510,3,349.12,345.49,332.7,71.48,2023-03-04
Michael Harris #1,27,24-34,92.25,242.5,160,250,652.5,1,416.78,411.49,393.96,85.7,2024-11-16
Taylor Meadows,25,24-34,117.4,240,157.5,230,627.5,2,363.05,362.67,347.39,73.65,2023-04-22
Aleksey Zinurov,34,24-34,90.6,280,200,305,785,2,505.89,499.46,478.55,104.02,2023-04-17
Nicolas Gallo,33.5,24-34,121.55,210,135,252.5,597.5,4,341.7,342.51,328.21,69.07,2025-05-24
Barramae Soeuth,28,24-34,58.7,150,115,162.5,427.5,1,367.45,372.05,363.76,70.93,2019-11-10
Leroi Williams,23.5,24-34,82.5,155,115,180,450,1,304.83,301.46,290.06,62.48,2014-03-23
Freddy Marin,26,24-34,131.8,237.5,140,240,617.5,3,344.34,348.41,332.54,68.98,2023-02-18
Devin Gordon,32,24-34,78.15,237.5,155,277.5,670,1,468.51,464.34,447.86,95.63,2025-06-21
Mykhailo Hrytsenko,25.5,24-34,97.16,252.5,175,280,707.5,13,441.06,435.75,416.45,90.62,2017-03-12
Benjamin Garel,27,24-34,73.3,185,117.5,237.5,540,2,393.21,391.07,378.24,79.67,2023-05-27
Edouard Renard,24,24-34,101.8,90,50,175,315,1,192.42,190.37,181.79,39.46,2019-11-23
Oliver Donaldson,24,24-34,95.2,155,107.5,210,472.5,5,297.32,293.63,280.8,61.11,2024-12-21
Anatoliy Amelichev,27.5,24-34,115.8,180,145,190,515,9,299.38,298.69,285.99,60.81,2018-11-04
Filian Schaper,24.5,24-34,82.4,210,150,265,625,2,423.66,419,403.18,86.83,2025-06-21
Isaiah Carrington,29,24-34,96.01,222.5,165,285,672.5,26,421.52,416.34,398.04,86.63,2025-04-03
Edward Minelli,29,24-34,118.4,272.5,180,307.5,760,1,438.45,438.33,419.96,88.87,2018-03-03
Tony Illes,27.5,24-34,92.62,205,142.5,220,567.5,13,361.79,357.19,341.93,74.39,2018-08-23
Oscar Ojeda,26.5,24-34,99.5,340,232.5,317.5,890,1,549,542.74,518.42,93.3,2017-04-29
Carlos Benito Jimenez,23.5,24-34,72.7,200,135,222.5,557.5,3,408.16,406.16,392.97,82.6,2021-05-08
Felix Moreno,27.5,24-34,115.5,245,177.5,257.5,680,1,395.66,394.66,377.84,80.39,2019-11-16
Daniel Kilpatrick,27.5,24-34,119.7,232.5,160,245,637.5,3,366.43,366.73,351.41,74.19,2014-12-13
Dustin Lebel,29.5,24-34,80.2,155,77.5,220,452.5,1,311.56,308.44,297.15,63.74,2015-02-21
Nikolay Skripin,30.5,24-34,93.45,180,140,185,505,2,320.56,316.51,302.88,54.63,2007-04-27
Jonas Reichl,32,24-34,82.05,187.5,120,232.5,540,20,366.93,362.94,349.31,75.19,2022-08-21
Fergus Clifton,23.5,24-34,102.2,182.5,132.5,230,545,3,332.36,328.89,314.05,68.14,2026-02-21
Tyler Goralski,30.5,24-34,89.2,183.7,147.4,231.3,562.5,3,365.36,360.75,345.87,75.11,2018-03-17
Shariyf Mitchell,28,24-34,153.7,105,97.5,192.5,395,3,211.04,217.8,205.39,41.54,2023-02-26
Matthew Karbowski,26.5,24-34,102.9,250,157.5,237.5,645,6,392.22,388.24,370.71,80.39,2018-05-12
Vaishaal Shankar,30.5,24-34,84.9,140,102.5,185,427.5,3,285.01,281.63,270.63,58.51,2024-08-17
Caleb Brown #5,24,24-34,107.7,252.5,165,275,692.5,2,413.47,410.26,391.9,84.5,2022-04-22
Luca Stea,24,24-34,74.6,160,115,250,525,3,377.94,375.49,362.9,76.75,2005-12-10
Adam Hodelin,33.5,24-34,94.15,230,147.5,245,622.5,12,393.75,388.81,371.96,80.95,2025-05-31
Ronald Varghese,29,24-34,74,300,180,255,735,1,531.88,528.7,511.14,91.09,2019-08-20
Nihar Nanavati,31,24-34,125.6,200,75,180,455,12,257.49,259.03,247.77,51.86,2022-10-12
Matthew Knor,33,24-34,103.5,120,70,160,350,2,212.32,210.22,200.73,43.5,2018-07-28
Anthony Harlowe,23.5,24-34,85.9,200,132.5,250,582.5,5,385.89,381.22,366.13,79.25,2023-01-07
Kang Min Cheon,27.5,24-34,114.46,222.5,120,230,572.5,3,334.18,333.07,318.77,67.95,2023-06-03
Matthew Hashimoto,37,35-39,99.25,220,140,285,645,1,398.31,393.73,376.11,81.77,2021-10-23
Sabre A Schnitzer,39,35-39,99.4,272.5,200,265,737.5,1,455.13,449.92,429.77,93.43,2008-10-18
Mario Hoyo García,37.5,35-39,72,165,90,190,445,6,327.9,326.5,316.03,66.27,2025-09-13
Rodrigo Pinho,36.5,35-39,115.9,170,120,180,470,2,273.14,272.53,260.95,55.48,2018-03-23
Terrence Poole,37,35-39,74.9,190,125,232.5,547.5,1,393.12,390.49,377.33,79.88,2019-06-15
Aneudy Cabral,36.5,35-39,81.45,175,105,220,500,3,341.18,337.56,324.99,69.88,2025-05-25
Glen Gothro,36.5,35-39,76.4,182.5,125,227.5,535,1,379.36,376.41,363.41,77.26,2026-01-31
Anatoliy Surin,36,35-39,90.2,210,117.5,242.5,570,7,368.15,363.48,348.32,75.69,2021-09-25
Chris Hintz,38,35-39,127.2,242.5,175,290,707.5,1,398.8,401.78,384.26,80.21,2024-04-27
Erik Karlsson #3,35.5,35-39,110.7,150,95,205,450,1,265.89,264.31,252.67,54.22,2025-09-27
Ruslan Myshko,36.5,35-39,72.5,155,120,165,440,5,322.72,321.2,310.8,65.29,2012-05-19
Anatoly Leonov,37.5,35-39,65.95,225,147.5,240,612.5,3,480.18,481.23,467.63,95.52,2024-05-20
Hung-Wei Chen,36,35-39,73.6,180,117.5,200,497.5,1,361.29,359.24,347.39,73.24,2023-02-18
Joel Santiago,37,35-39,89.81,215,197.5,227.5,640,2,414.27,409.01,392.03,70.7,2006-08-26
Casmir Hughes,36.5,35-39,80.9,272.5,162.5,310,745,1,510.36,505.07,486.41,104.48,2024-11-23
Daniel Jasso Jr,37.5,35-39,114.1,130,102.5,187.5,420,5,245.44,244.56,234.03,49.92,2016-11-12
Joseph Jordan #2,36,35-39,65.95,260,175,297.5,732.5,2,574.26,575.51,559.25,114.23,2025-11-22
James Leaver,35,35-39,82.2,205,160,250,615,1,417.46,412.9,397.35,85.55,2011-05-07
Michael Kuhns,36,35-39,59.3,210,122.5,190,522.5,1,445.31,450.46,440.16,86.23,2022-07-30
Brad Robinson,36,35-39,89.6,192.5,130,247.5,570,2,369.39,364.71,349.61,75.94,2024-11-23
Alfred Heller,35,35-39,137.67,165,160,170,495,1,272.56,277.32,263.91,54.32,2007-12-15
Pieter Cooper,35.5,35-39,70.9,105,77.5,147.5,330,7,245.71,244.91,237.22,49.54,2017-10-27
Yaroslav Borkovskiy,35.5,35-39,81.9,170,127.5,180,477.5,20,324.8,321.29,309.25,66.55,2019-12-18
Ross Sugiyama,38,35-39,73,197.5,132.5,225,555,5,405.22,403.13,389.97,82.06,2025-11-01
Alberto Luffi,36.5,35-39,158.35,285,195,297.5,777.5,1,412.14,426.88,401.1,80.88,2022-01-22
Michael Sanchez #14,37,35-39,81.3,202.5,122.5,237.5,562.5,1,384.24,380.19,366.06,78.69,2025-02-15
Derek Gelato,39,35-39,80.9,207.5,120,230,557.5,3,381.91,377.95,363.99,78.18,2025-11-22
Allan Bagalacsa,36.5,35-39,118.97,220,155,215,590,4,339.82,339.89,325.67,68.84,2019-08-17
Peter Baltus,39.5,35-39,141.9,270,180,325,775,2,423.12,432.21,410.4,70.73,2012-02-26
Laurence Nguyen,37,35-39,91.6,247.5,125,305,677.5,2,434.25,428.72,410.58,89.29,2025-05-31
Mark Jacobsen,38.5,35-39,84.7,142.5,92.5,200,435,4,290.38,286.96,275.77,59.6,2026-02-28
Lionel Moulare,38,35-39,104.1,235,172.5,252.5,660,1,399.44,395.59,377.74,81.81,2021-11-28
John Miller #23,39,35-39,123.83,182.5,115,227.5,525,1,298.44,299.75,287.05,60.21,2024-06-29
Viktor Polkopin,37.5,35-39,123.15,290,210,285,785,3,447.02,448.72,429.82,75.13,2005-07-08
Daniel Martinez #13,37.5,35-39,80.3,147.5,87.5,187.5,422.5,7,290.69,287.76,277.22,59.47,2015-07-25
Travis Wasser,37,35-39,118.75,205,152.5,227.5,585,1,337.15,337.16,323.04,68.32,2024-11-02
石井 智和,39.5,35-39,91.05,220,140,190,550,10,353.58,349.08,334.39,72.7,2017-09-09
Yaroslav Chopovskiy,38.5,35-39,55.36,225,110,220,555,3,501.84,510.98,501.34,85,2001-03-01
David Barnett,35.5,35-39,97.7,227.5,150,245,622.5,6,387.1,382.49,365.5,79.52,2023-05-27
Jeffrey Watson,39.5,35-39,115.03,242.7,165.6,290.3,698.5,1,407.01,405.84,388.48,82.73,2025-05-31
Aleksey Shulgin,39,35-39,98.2,170,125,215,510,2,316.42,312.69,298.76,64.99,2021-04-23
Haron S Datumanong,36.5,35-39,78.8,170,90,180,440,20,306.14,303.3,292.43,62.54,2024-02-20
Christopher Hoffman,36,35-39,97.07,176.9,120.2,235.87,532.97,1,332.4,328.39,313.85,68.29,2023-12-10
Bryon Woods,35,35-39,73.07,170,110,240,520,1,379.43,377.44,365.11,76.84,2017-09-15
Vadim Burulev,37.5,35-39,74,180,135,190,505,5,365.44,363.25,351.19,62.58,2017-11-24
Petros Triantafyllidis,37.5,35-39,131.6,300,160,265,725,2,404.47,409.17,390.58,81.04,2025-05-24
Jaime Contreras,39.5,35-39,89.3,192.5,110,192.5,495,12,321.34,317.27,304.18,66.06,2024-04-13
Scott Ledieu,36.5,35-39,71.85,140,100,190,430,4,317.29,315.98,305.87,64.1,2025-12-06
A. Potepnev,37.5,35-39,86.8,280,170,252.5,702.5,4,462.81,457.12,438.81,79.08,2017-10-02
Ahmed Kadry,35,35-39,82.2,227.5,140,240,607.5,8,412.37,407.86,392.51,84.51,2022-05-28
Singh Daljit,41.5,40-44,82.5,260,150,250,660,1,447.08,442.14,425.42,76.48,2021-11-12
Daniel Linhares,44,40-44,78.4,155,97.5,145,397.5,1,277.42,274.91,265.12,56.64,2025-07-19
Jamie Sinclair,41.5,40-44,82.45,172.5,140,205,517.5,1,350.67,346.8,333.7,71.88,2022-11-19
Nyondo Ibrahim,43.5,40-44,93,120,110,160,390,6,248.14,244.99,234.48,51.02,2021-05-22
Rainer Griebl,42.5,40-44,90,265,145,297.5,707.5,1,457.47,451.66,432.87,78.07,1989-08-11
Rusty Dixon,44,40-44,125,192.78,133.81,195.04,521.63,1,295.64,297.25,284.46,59.58,2006-08-19
Yousef Shahwan,43,40-44,105.9,190,145,210,545,4,327.57,324.7,310.09,67.02,2022-12-02
Mick Thomas,40,40-44,137.5,195,120,220,535,1,294.69,299.78,285.31,58.74,2024-02-17
Oscar Mejias,42.5,40-44,63.5,170,105,215,490,2,395.32,397.44,386.93,67.49,2007-06-20
Shane Copeland,44,40-44,91.4,152.5,135,190,477.5,1,306.39,302.49,289.71,63,2024-01-20
James Cox #5,40,40-44,100.3,202.5,125,245,572.5,1,351.93,348,332.37,72.22,2022-11-16
Jan Thøgersen,43.5,40-44,87.6,255,170,225,650,4,426.16,420.86,403.84,72.79,2010-03-13
Vladimír Pop,43.5,40-44,117.2,265,185,275,725,3,419.71,419.2,401.52,85.16,2019-03-05
Brandon Mabile,40.5,40-44,136.3,187.5,100,225,512.5,1,283,287.57,273.85,56.47,2024-02-03
Luis Eyzaguirre,43.5,40-44,109.1,215,155,235,605,1,359.44,356.95,341.07,73.39,2019-09-17
Shahzad Alam,40,40-44,90.94,295.5,170,300,765.5,1,492.41,486.14,465.71,101.25,2025-02-19
Mauricio Mendoza,41.5,40-44,65.1,210,107.5,220,537.5,4,425.49,426.87,415.07,72.71,2011-07-07
Aleksandr Popov #27,41.5,40-44,88.35,150,112.5,190,452.5,2,295.36,291.66,279.75,60.71,2020-12-18
Tommi Sulkala,41.5,40-44,76.82,160,120,180,460,2,325.07,322.45,311.24,66.24,2018-04-21
John Lynch #2,44,40-44,138.5,197.5,95,210,502.5,1,276.22,281.26,267.55,55.01,2025-11-29
Alejandro Campos Cardenas,42.5,40-44,73.6,175,120,212.5,507.5,3,368.55,366.46,354.38,74.72,2023-09-06
Michael Calelly,42.5,40-44,79.8,162.5,110,170,442.5,2,305.58,302.57,291.57,62.49,2021-05-08
Brad Webster #1,41.5,40-44,128.2,227.5,115,235,577.5,4,324.74,327.47,313.06,65.26,2018-10-11
Craig Schwarz,41.5,40-44,114.4,235,160,252.5,647.5,1,378.03,376.76,360.57,76.88,2015-02-28
John Cassimatis,40.5,40-44,80.55,205,140,220,565,1,388.03,384.07,369.95,79.41,2015-12-05
Raphael Glester M Formoso,42.5,40-44,70.85,155,97.5,165,417.5,3,311.01,310.02,300.28,62.7,2024-02-20
Jeffrey Herbst,40.5,40-44,144.2,250,162.5,305,717.5,4,389.99,399.21,378.58,77.31,2025-06-26
Pedro Wilfredo Sanchez Garavito,40,40-44,109.85,215,142.5,232.5,590,2,349.62,347.36,331.97,71.34,2021-08-17
Akiyama Tsugenori,44.5,40-44,118.25,210,160,252.5,622.5,1,359.28,359.14,344.07,72.83,2024-07-13
Magnus Henriksson,42.5,40-44,104.05,200,125,250,575,2,348.06,344.7,329.14,71.29,2023-10-14
Joshua Bogan,42,40-44,122.8,180,142.5,237.5,560,1,319.19,320.3,306.84,64.45,2020-07-18
Ethan Arrow,40.5,40-44,78.15,135,90,155,380,1,265.72,263.35,254.01,54.24,2024-10-26
Martin Christ,41,40-44,72.8,180,115,180,475,3,347.44,345.71,334.46,70.33,2025-06-20
Ed Caroll,42,40-44,75,87.5,110,137.5,335,1,240.34,238.71,230.65,48.84,2009-04-18
Christof Reitinger,42,40-44,63.8,160,85,185,430,2,345.65,347.37,338.1,68.25,2023-04-23
Ameya Tatake,40.5,40-44,80.45,165,107.5,217.5,490,2,336.77,333.35,321.11,68.91,2024-05-12
Eduard Galkov,43,40-44,90.9,215,195,235,645,1,414.99,409.71,392.5,85.33,2018-12-08
Mark Light,41,40-44,82.1,215.46,163.29,226.8,605.55,2,411.33,406.85,391.56,84.29,2002-05-10
Marcus Hofmeister,41,40-44,171.2,295,210,220,725,1,376.61,393.34,367.75,63.08,2017-12-02
Aleksey Vorotnikov,43,40-44,81.9,210,140,240,590,9,401.33,396.99,382.11,82.22,2023-12-16
Ulisses Dias De Lima,41.5,40-44,130.7,165,150,265,580,4,324.24,327.73,312.97,65.01,2024-03-08
Jarrod Stafford,42.5,40-44,74.75,170,110,155,435,1,312.75,310.69,300.24,63.53,2024-03-09
Pavol Rehák,44,40-44,100.29,270,205,280,755,3,464.13,458.96,438.33,78.84,2025-05-02
Bryant Channita,40.5,40-44,105.83,215,152.5,235,602.5,1,362.22,359.04,342.88,74.12,2024-12-21
Craig K Hirota,42,40-44,116.39,213.19,147.42,249.48,610.08,1,354.03,353.37,338.4,71.88,2008-11-15
Jon Brown-Schmidt,40.5,40-44,116.9,227.5,160,285,672.5,1,389.66,389.1,372.66,79.08,2018-01-20
Tipasa Faletagoai,40,40-44,132.7,320,215,290,825,1,459.13,464.95,443.57,91.9,2024-05-18
A Vosylius,40.5,40-44,106.9,320,242.5,320,882.5,1,528.45,524.12,500.59,89.48,2005-04-09
Tory Gisleson,40,40-44,74.93,175.77,113.4,199.58,488.75,1,350.85,348.49,336.74,71.29,2024-01-27
Vasiliy Volov,41.5,40-44,114.9,300,190,295,785,5,457.6,456.23,436.7,77.18,2002-01-24
Jeffrey Fariello,45,45-49,103.5,215,145,260,620,1,376.12,372.4,355.58,77.06,2024-03-23
Masashi Ozaki,45.5,45-49,85,195,52.5,210,457.5,5,304.81,301.19,289.41,62.58,2025-10-25
Chris Strawn,47.5,45-49,107.1,197.3,154.2,210.9,562.4,1,336.52,333.8,318.83,68.8,2014-12-13
William Wigmore,47,45-49,108.9,212.5,177.5,272.5,662.5,2,393.87,391.1,373.69,80.43,2010-03-05
Jesse Antosiewicz,47.5,45-49,108.6,177.5,137.5,205,520,3,309.48,307.24,293.55,63.21,2017-09-23
Olu Akanro,48,45-49,104.5,220,170,230,620,1,374.64,371.11,354.36,76.72,2025-10-25
V Ardavicius,47.5,45-49,96.1,220,170,220,610,6,382.18,377.49,360.89,65.05,2003-04-05
Michael Morabito,46.5,45-49,136.2,247.5,170,240,657.5,1,363.15,368.97,351.39,72.47,2016-02-27
Eduard Khaliulin,46,45-49,78.5,145,92.5,150,387.5,7,270.23,267.77,258.22,46.27,2019-11-16
Raj Agnihotri,49.5,45-49,116.45,215,125,210,550,5,319.11,318.53,305.04,53.78,2005-10-04
Hossein Zangiabadizadeh,46,45-49,102.77,225,120,235,580,6,352.88,349.28,333.51,72.33,2022-12-02
Simon Cottrell,47,45-49,107,242.5,145,270,657.5,1,393.57,390.37,372.85,80.47,2024-08-31
Jose Rodriguez #27,48.5,45-49,137.3,272.5,125,245,642.5,1,354.05,360.1,342.75,59.24,2016-05-07
Larry Sturdivant,46,45-49,100,233.6,170.1,217.72,621.42,1,382.49,378.19,361.21,78.5,2011-08-20
Bryan Vanderstelt,48.5,45-49,93,95,60,146,301,4,191.51,189.09,180.97,39.38,2019-09-15
Chad Runkle,47.5,45-49,93,170,112.5,182.5,465,2,295.86,292.11,279.58,60.83,2020-08-29
Anders Eriksson,48.5,45-49,87.5,317.5,160,300,777.5,1,510.06,503.72,483.37,87.13,2008-12-13
川合 正行,49.5,45-49,57.75,140,85,160,385,1,335.52,340.25,332.99,64.44,2019-05-12
Robert Seymour,47.5,45-49,82.5,150,105,175,430,7,291.28,288.06,277.17,49.83,1987-04-11
Jiři Klepáč,45.5,45-49,87.7,170,120,200,490,7,321.07,317.07,304.23,54.84,2007-05-19
Peter Morgan,46.5,45-49,127.6,270,150,200,620,3,349.14,351.88,336.48,58.58,2000-04-22
David Maring,46,45-49,118.05,180,140,200,520,1,300.29,300.13,287.53,50.58,2019-12-14
Larry Kappeller,47,45-49,NA,226.8,170.1,226.8,623.69,4,NA,NA,NA,NA,1990-05-05
Scott Duff,48.5,45-49,152,190,115,210,515,1,275.97,284.42,268.64,54.39,2018-10-28
Tatsufumi Nakano,48.5,45-49,81.8,260,147.5,265,672.5,5,457.76,452.83,435.88,78.33,1997-10-14
Karel Gärtner,47.5,45-49,92.27,200,142.5,230,572.5,5,365.64,361,345.62,75.18,2025-12-06
Jens Mosskov,45.5,45-49,128.2,215,147.5,252.5,615,2,345.83,348.73,333.39,58.01,2003-10-04
Ryan Eiger,46.5,45-49,103.1,220,162.5,245,627.5,2,381.28,377.44,360.4,78.14,2018-08-11
Nigel Bell,46.5,45-49,99.2,221,127,242,590,14,364.43,360.23,344.11,74.82,2020-09-26
A Senthil Vel Kumar,45,45-49,73.5,200,130,200,530,4,385.23,383.08,370.47,65.97,2018-07-26
James Wright #6,49,45-49,99.88,107.5,75,160,342.5,1,210.92,208.54,199.18,43.29,2021-03-06
J. Claude Le Huede,45.5,45-49,82.5,207.5,150,235,592.5,9,401.36,396.92,381.91,68.66,1988-07-28
飯田 善紀,49,45-49,69.76,165,120,190,475,2,357.65,356.9,345.93,71.91,2005-03-13
Lloyd Weinstein,49.5,45-49,66.9,232.5,127.5,237.5,597.5,1,463.52,464,450.59,79.27,2009-09-28
小ニ田 弘,46,45-49,74.3,220,145,265,630,3,454.71,451.87,436.79,77.87,2003-06-14
Morten Krohm,45,45-49,127.8,60,100,100,260,15,146.34,147.52,141.05,24.55,2017-07-02
James Tinney,49,45-49,82.8,150,105,190,445,1,300.82,297.46,286.17,61.67,2026-02-01
Mark Johnson #10,47,45-49,NA,182.5,125,255,562.5,3,NA,NA,NA,NA,2008-09-27
Jason Sims,48,45-49,116.35,260,187.5,265,712.5,2,413.51,412.74,395.24,83.96,2022-10-29
Frank Ferchlard,48,45-49,95.39,142.5,135,182.5,460,5,289.19,285.61,273.11,59.44,2016-10-06
J. Freeman,47.5,45-49,125,226.8,158.76,229.06,614.62,6,348.34,350.24,335.17,58.5,1995-03-05
Ron Horton,49.5,45-49,81,120,80,152.5,352.5,1,241.31,238.79,229.96,49.4,2018-12-08
Jacques Mocaer,47.5,45-49,81.4,185,147.5,222.5,555,1,378.85,374.83,360.88,77.59,2003-06-21
Valery Ugryumov,46,45-49,102.05,175,132.5,185,492.5,1,300.53,297.37,283.96,61.62,2009-10-01
Josef Lipka,48.5,45-49,92.63,210,147.5,260,617.5,3,393.64,388.64,372.03,80.94,2025-12-06
Riho Terras,49.5,45-49,103.7,200,137.5,250,587.5,1,356.12,352.63,336.71,72.96,2025-03-22
Fredrik Eriksson,47,45-49,143.65,200,120,220,540,1,293.82,300.62,285.17,58.27,2025-05-24
Igor Krasnobaev,45.5,45-49,103.4,270,210,285,765,3,464.27,459.65,438.9,78.75,2013-06-01
Mynor Marquez,46,45-49,51.53,140,92.5,175,407.5,1,393.69,403.71,397.79,72.52,2022-06-08
Paul Mamalian,49,45-49,97.7,162.5,100,170,432.5,2,268.95,265.75,253.94,55.25,2018-08-18
Roman Martynov,11.5,5-12,41.7,75,40,100,215,4,260.01,272.16,270.09,42.48,1994-12-23
Ruslan Kapin,11.5,5-12,37.58,45,32.5,57.5,135,4,171.6,180.28,178.79,28.45,2021-04-02
Zach Showalter,10.5,5-12,36.9,45,27.5,67.5,140,1,177.96,186.96,185.41,29.79,2023-04-30
Jeramiah Skinner,12,5-12,67.1,102.5,60,110,272.5,1,210.94,211.11,204.98,42.11,2026-02-07
Roman Trubitsin,11.5,5-12,41.7,55,30,67.5,152.5,1,184.43,193.04,191.58,30.41,2021-03-12
Jalil Parrott,11.5,5-12,40,70,35,97.5,202.5,1,257.4,270.42,268.18,41.29,2019-02-02
Jule Dolci III,12,5-12,82.5,165.56,97.52,181.44,444.52,1,301.11,297.79,286.53,61.72,2018-06-03
Alec Adams,8,5-12,35.5,40,20,57.5,117.5,2,149.36,156.91,155.61,25.52,2025-07-26
Samuel Knepp,12,5-12,59.2,75,45,105,225,1,192.03,194.28,189.86,37.16,2025-09-06
Maksim Shipov,11.5,5-12,40,50,32.5,55,137.5,2,174.78,183.62,182.1,28.33,2015-05-09
Zachary Tackett,11,5-12,108.41,70,40,70,180,1,107.2,106.41,101.66,21.9,2007-07-28
Louis Milgrim,10.5,5-12,29.1,47.5,32.5,67.5,147.5,1,187.49,196.97,195.34,NA,2025-03-15
Makar Selivanov,10,5-12,27.7,35,22.5,50,107.5,2,136.64,143.56,142.37,NA,2020-03-13
Oliver Jarecki,10.5,5-12,52.35,55,35,75,165,1,157.04,160.78,158.28,29.11,2025-06-14
Jason Reali,10.5,5-12,35,50,40,77.5,167.5,1,212.91,223.68,221.83,36.65,2022-11-19
Damir Usmangalin,10.5,5-12,46,55,30,65,150,6,162.54,168.56,167.01,28.38,2019-01-18
Noah Sitts,12,5-12,62,112.5,50,135,297.5,1,244.55,246.37,240.16,47.94,2025-06-07
Dylan Hartman,10.5,5-12,54.6,40,30,65,135,1,123.59,126.01,123.74,23.29,2026-02-07
Titus Pinkston,9.5,5-12,33.7,22.5,12.5,37.5,72.5,2,92.16,96.82,96.02,NA,2025-04-26
Stepan Pichugin,11.5,5-12,55.7,45,30,50,125,5,112.41,114.39,112.19,19.05,2015-05-17
Kirill Pavlogradskiy,11.5,5-12,32.9,65,27.5,70,162.5,1,206.56,217.01,215.21,NA,2012-03-01
Vladimir Kovlinets,10.5,5-12,37,62.5,32.5,70,165,5,209.73,220.34,218.52,35.06,2013-12-14
Nikita Grudinin,9.5,5-12,29,35,27.5,47.5,110,2,139.82,146.9,145.68,NA,2013-02-24
Ethan Marra,12,5-12,48,90.7,34.02,70.31,195.04,1,202.14,208.76,206.47,36.06,2022-02-27
Jhay Lord Quintana,10.5,5-12,28.98,40,15,55,110,5,139.82,146.9,145.68,NA,2023-03-04
Dmitriy Matskevich,10.5,5-12,32.1,50,32.5,60,142.5,6,181.13,190.3,188.72,NA,2015-11-21
Hudson Fowler,10.5,5-12,94.35,47.5,45,75,167.5,1,105.84,104.52,99.98,21.76,2025-09-14
Alex Theall,9.5,5-12,42,25,15,50,90,1,107.93,112.9,112.05,17.88,2017-06-24
Tyler Wiederman,9.5,5-12,46.6,55,30,80,165,1,176.35,182.65,180.88,31,2019-04-06
Mason Mattevi,11,5-12,40.2,62.5,40,92.5,195,1,246.37,258.72,256.61,39.65,2025-05-31
Nikita Kostin,10.5,5-12,39,40,27.5,60,127.5,4,162.07,170.27,168.86,26.35,2019-04-19
Cooper Rochel,12,5-12,95.4,120,62.5,137.5,320,1,201.17,198.67,189.98,41.35,2024-01-20
Jeremiah Cahill,12,5-12,43.09,45,30,72.5,147.5,1,171.75,179.23,177.86,28.9,2002-10-25
Liam Nelson,11.5,5-12,102.05,50,45,80,175,1,106.79,105.66,100.9,21.9,2026-01-31
Kolton May,12,5-12,58.4,82.5,45,112.5,240,1,207.18,209.87,205.26,39.93,2021-11-13
Sergiy Samoylenko,11.5,5-12,47.2,70,35,100,205,3,216.19,223.63,221.35,36.01,1994-12-23
Bradley Weber,9,5-12,38.46,42.5,22.5,57.5,122.5,1,155.71,163.59,162.23,25.5,2014-04-12
Sawyer Hogg,10,5-12,73.59,72.5,47.5,87.5,207.5,1,150.7,149.85,144.91,30.55,2026-02-22
Logan Tan,12,5-12,55.39,62.5,30,77.5,170,1,153.64,156.43,153.48,29.1,2025-01-18
Kyuss Gargett,11.5,5-12,38.7,45,36,92.5,173.5,1,220.54,231.7,229.78,36.98,2016-02-14
Wyatt Martinez,7.5,5-12,32,15.5,20,37.5,73,1,92.79,97.49,96.68,NA,2025-05-17
Baubek Zhanakhmetov,11.5,5-12,43.45,57.5,35,80,172.5,8,198.98,207.49,205.87,32.74,2013-10-02
Nikita Pichkanov,11.5,5-12,101.1,110,75,120,305,1,186.85,184.82,176.5,38.33,2016-11-06
Nikolai Kotara,11.5,5-12,90.3,70,42.5,85,197.5,1,127.49,125.87,120.62,26.21,2026-01-17
Merric Meirndorf,11,5-12,48,47.5,27.5,75,150,1,155.46,160.55,158.79,27.73,2025-03-01
Martin French,11,5-12,56,86.18,43.09,83.91,213.19,1,190.82,194.08,190.28,32.35,1998-07-31
Simon Gerst,12,5-12,51,55,27.5,87.5,170,1,165.88,170.27,167.88,30.42,2012-11-03
Ryker Newman,10,5-12,32.7,57.5,35,72.5,165,1,209.73,220.34,218.52,NA,2026-01-31
Andrew Brown #14,9.5,5-12,34.75,65,40,80,185,1,235.16,247.05,245.01,NA,2026-02-14
Liam Burrows,10,5-12,50.8,68.04,31.75,83.91,183.7,1,179.93,184.77,182.21,32.94,2017-06-11
Larry Hill,52.5,50-54,87.9,165,127.5,227.5,520,1,340.32,336.07,322.43,69.94,2013-02-23
Chris Sanders,53.5,50-54,131.25,210,142.5,230,582.5,1,325.23,328.9,314.01,65.18,2025-08-31
Thomas Markewitz,50.5,50-54,80.17,220,110,212.5,542.5,1,373.61,369.87,356.35,76.43,2024-11-09
Minagawa Yoichi,52.5,50-54,86.5,165,117.5,195,477.5,2,315.16,311.3,298.88,64.74,2025-10-25
Glenn Campoli,54.5,50-54,92,110,85,160,355,1,227.06,224.17,214.64,46.69,2016-03-19
Gene Ervin,50,50-54,82.5,140,90,175,405,4,274.34,271.31,261.06,46.93,1998-08-29
Ben Zak,50,50-54,67.1,147.5,112.5,202.5,462.5,1,358.01,358.3,347.89,71.47,2026-02-07
David Barbarisi,53,50-54,137.7,185,112.5,227.5,525,1,289.06,294.11,279.89,57.61,2022-08-20
Jens Eckardt,50.5,50-54,93.65,160,135,170,465,6,294.87,291.15,278.59,60.63,2018-01-27
Daniel Molnar #2,52,50-54,79,122.5,95,137.5,355,1,246.63,244.31,235.53,50.39,2022-06-04
Larry Ryan,51,50-54,88.2,140,145,200,485,2,316.85,312.88,300.14,65.12,2016-05-07
Takayuki Takahashi,52.5,50-54,91.95,140,107.5,152.5,400,5,255.9,252.65,241.92,52.62,2025-10-25
Troy Hoover,50.5,50-54,80.8,135,82.5,160,377.5,1,258.79,256.12,246.67,52.97,2018-07-07
Gunasekaran A,54,50-54,105.5,210,140,232.5,582.5,1,350.63,347.5,331.84,59.41,2019-05-27
Lu Zhichang,51.5,50-54,72.67,120,100,120,340,2,248.99,247.77,239.73,50.39,2014-03-22
David Ottolongui,51,50-54,81.65,182.5,122.5,235,540,3,367.96,364.02,350.42,75.37,2002-10-20
Chad Hudson,50,50-54,73.4,170,115,182.5,467.5,1,340.11,338.24,327.12,68.92,2021-09-11
Julián Leganés De La Fuente,54.5,50-54,78.18,185,122.5,210,517.5,1,361.79,358.56,345.83,73.85,2025-06-21
Bob Szpalek,52.5,50-54,109.4,260,162.5,245,667.5,2,396.16,393.48,376.01,66.99,2004-07-07
Allan Henson,54,50-54,76.4,107.5,95,145,347.5,1,246.41,244.49,236.05,50.18,2023-02-18
Yuriy Khmil,53,50-54,119.25,175,135,215,525,1,302.14,302.28,289.64,61.2,2021-05-21
Charles Panholzer,50,50-54,95.6,120,97.5,150,367.5,1,230.8,227.95,217.96,47.44,2025-06-28
Dolf ter Maat,54.5,50-54,115.5,185,130,215,530,1,308.38,307.6,294.49,52,2022-06-12
Granville Mayers,51,50-54,107.8,230,180,304.5,714.5,1,426.45,423.17,404.24,87.15,2025-10-17
Gregory Lutkus,51.5,50-54,118.5,172.5,142.5,200,515,1,297.02,296.97,284.52,60.2,2025-04-19
Paul McColgan,53.5,50-54,67.5,107.5,74.84,149.69,332.03,3,255.91,256,248.5,51.15,2012-01-07
Akira Koizumi,51.5,50-54,92.5,210,142.5,222.5,575,2,366.8,362.14,346.68,75.42,2023-07-16
Fotovat Esmaeil,52.5,50-54,80.5,150,130,150,430,1,295.42,292.42,281.67,50.56,2008-05-04
Leovogildo Ayala Morales,52.5,50-54,56.43,100,75,120,295,5,262.28,266.56,261.23,49.99,2018-06-06
Patrick Butler,54.5,50-54,72.3,110,77.5,140,327.5,1,240.65,239.56,231.83,48.66,2014-02-01
Keith Banner,51.5,50-54,128.5,320,180,300,800,1,449.53,453.44,433.44,90.31,2012-12-01
Vasiliy Labutin,50.5,50-54,100,255,175,255,685,3,421.63,416.88,398.17,71.63,1999-04-08
Arabinda Bhattacharya,50,50-54,80.54,150,105,165,420,9,288.47,285.53,275.03,59.03,2025-08-02
Sean Minto,54,50-54,92.35,227.5,145,270,642.5,1,410.18,404.97,387.7,84.34,2025-11-19
Bill Tervo,50,50-54,76.75,142.5,117.5,200,460,1,325.25,322.64,311.44,66.27,2018-12-15
Steffen Radeck,50,50-54,124.9,245,140,275,660,7,374.15,376.16,360,75.41,2025-11-29
Obara Etsushi,51.5,50-54,65.6,145,100,190,435,5,342.38,343.28,333.66,68.03,2021-07-23
S. Rattakhov,52.5,50-54,78.6,95,90,110,295,1,205.57,203.68,196.41,41.98,2016-10-03
Tommy Herheim,54.5,50-54,91.4,180,130,220,530,1,340.07,335.75,321.57,69.93,2025-12-06
Marian Knut,52.5,50-54,103.8,180,150,265,595,4,360.52,357,340.89,61.14,2010-06-22
Amantay Bigalinov,52.5,50-54,87.45,165,95,190,450,2,295.3,291.63,279.86,60.68,2019-10-01
Johannes Booysen,54.5,50-54,81.9,140,90,180,410,7,278.89,275.87,265.53,47.72,2005-10-04
Santosh Vethekar,50,50-54,82.5,222.5,120,232.5,575,1,389.5,385.2,370.63,79.84,2025-12-02
Pat Banda,53.5,50-54,79.4,110,50,210,370,31,256.27,253.81,244.63,52.38,2014-11-29
Domenico Zaino,54.5,50-54,104.55,256.5,170.5,285,712,1,430.15,426.1,406.88,88.08,2024-11-09
Louis Jacobs,50.5,50-54,81.75,220,135,200,555,2,377.91,373.85,359.87,64.66,2009-06-05
岩佐 一彦,52.5,50-54,61.1,160,115,192.5,467.5,2,388.8,392.22,382.63,75.93,2019-09-14
Curtis Linton,53,50-54,126.97,187.5,127.5,237.5,552.5,1,311.61,313.87,300.21,62.69,2025-10-05
Michael Marcotte,52,50-54,110,192.5,122.5,205,520,1,307.98,306.02,292.47,62.84,2012-11-03
Celso Dageago,50,50-54,113.75,300,140,220,660,1,386.11,384.63,368.03,78.56,2024-10-31
Terry Cox,57,55-59,123.4,150,170,200,520,1,295.92,297.11,284.57,59.72,2023-06-03
Dirk Riedel,59,55-59,100.72,180,100,190,470,1,288.4,285.23,272.39,59.17,2025-05-10
Andrew Paige,57,55-59,95,160,135,235,530,1,333.83,329.67,315.29,68.62,2024-06-08
Alan Howlett,58.5,55-59,91.4,155,107.5,190,452.5,1,290.35,286.65,274.55,59.7,2015-11-21
Patrick Metayer,57,55-59,88.1,147.5,130,220,497.5,2,325.21,321.14,308.07,66.84,2022-03-26
Dave Manz,56.5,55-59,81.7,100,112.5,162.5,375,1,255.44,252.7,243.25,52.33,2016-05-14
Puddin Shaw,57.5,55-59,104.7,90,127.5,150,367.5,1,221.89,219.82,209.91,45.43,2025-10-25
Craig Jarron,57.5,55-59,103.27,175,112.5,202.5,490,1,297.53,294.55,281.25,60.97,2022-11-13
Robert Keith Tackett,58.5,55-59,104.5,220,147.5,232.5,600,1,362.56,359.14,342.93,61.46,2016-07-16
Jean Marie Galerne,57.5,55-59,92.86,185,130,215,530,1,337.46,333.18,318.91,69.39,2025-11-22
Michael Wegerer,56,55-59,82.68,190,145,227.5,562.5,6,380.56,376.33,362.07,78.02,2026-02-08
Shawn Leonard,55.5,55-59,102.1,125,97.5,160,382.5,1,233.36,230.91,220.49,47.85,2019-04-13
Alexande Semeneev,55.5,55-59,78.7,220,140,230,590,4,410.82,407.03,392.47,70.33,1999-07-13
Philippe Courtois,59.5,55-59,73.39,175,120,200,495,1,360.15,358.17,346.4,61.67,2024-11-30
Jeffrey Curtis,57,55-59,89.2,120,85,177.5,382.5,1,248.45,245.31,235.19,51.08,2023-10-07
Lawrence Belfon,58,55-59,99.85,212.5,90,225,527.5,2,324.9,321.22,306.81,66.69,2025-07-27
Paglinawan Eric Laranjo,58.5,55-59,72.82,175,110,220,505,1,369.32,367.47,355.51,63.24,2023-03-04
William Morse,58.5,55-59,89.75,162.5,110,207.5,480,1,310.8,306.86,294.13,63.9,2026-02-08
John Ingram,55.5,55-59,129.2,155,125,200,480,2,269.27,271.79,259.72,54.06,2016-02-27
Junichi Yokogi,57,55-59,81.6,190,140,200,530,9,361.27,357.41,344.07,74,2025-07-19
Jeff Travis,56.5,55-59,90.5,145,125,130,400,1,257.92,254.64,243.99,53.03,2019-11-17
Kevin Dogins,59.5,55-59,146.9,130,105,175,410,1,221.73,227.52,215.46,43.86,2026-02-21
Masayuki Suzuki,55.5,55-59,73.9,200,157.5,212.5,570,3,412.84,410.4,396.8,70.7,1995-10-03
Andrew Robertson,59.5,55-59,92.75,180,120,210,510,1,324.91,320.79,307.06,66.81,2025-12-02
Craig G Hendricks Sr,59.5,55-59,77.95,137.5,107.5,157.5,402.5,1,281.89,279.42,269.53,57.53,2026-01-17
Timo Leminen,56.5,55-59,81.45,100,100,100,300,1,204.71,202.54,194.99,41.93,2025-04-12
Sean Murphy,57,55-59,89.1,185,110,195,490,1,318.45,314.43,301.49,65.47,2025-09-20
G.S. Tewari,55.5,55-59,74.9,180,95,180,455,12,326.71,324.52,313.58,55.95,2000-10-17
Christopher Abma,59,55-59,82.2,147.5,122.5,160,430,1,291.88,288.69,277.82,59.82,2021-05-16
Jean Canestrier,56,55-59,71.15,145,95,170,410,1,304.55,303.48,293.9,61.44,2023-01-14
Gary Meerschaert,57.5,55-59,77,160,95,185,440,1,310.49,307.94,297.21,63.28,2017-08-19
Daniel Gomez,58,55-59,117.2,197.5,145,250,592.5,1,343.01,342.59,328.14,69.59,2026-02-07
浅間 成敏,56,55-59,93,275,195,240,710,8,451.74,446.01,426.88,77,2015-06-27
Wayne Alsup,55.5,55-59,125,265,170,295,730,1,413.73,415.99,398.09,69.48,2007-11-09
Joaquín Abellán Mulero,55.5,55-59,82.48,135,122.5,220,477.5,2,323.5,319.93,307.84,66.31,2022-06-25
Ildefonso Nava Rodriguez,59.5,55-59,91.46,142.5,90,155,387.5,3,248.56,245.39,235.03,51.11,2025-06-21
Jorge Souza da Cruz,57.5,55-59,70.95,95,65,130,290,1,215.82,215.11,208.35,43.52,2025-10-18
Alastair Christie,57.5,55-59,94.5,170,110,230,510,1,322.03,318,304.18,66.2,2006-11-11
Per Hörnqvist,58.5,55-59,103.6,200,182.5,220,602.5,5,365.36,361.76,345.42,74.85,2021-10-09
Günther Haberfellner,56.5,55-59,140.7,155,120,195,470,1,257.21,262.44,249.36,51.13,2019-06-29
Scott Robertson,55,55-59,119.16,310,207.5,280,797.5,1,459.09,459.26,440.05,92.99,2025-03-01
Heiko Grunert,56,55-59,83,157.5,110,170,437.5,1,295.35,292.03,280.91,60.56,2024-09-28
Scott H Wood,57,55-59,85.65,85,82.5,160,327.5,1,217.3,214.68,206.21,44.62,2023-08-19
Claus Joergensen,56.5,55-59,104.58,167.5,127.5,205,500,4,302.04,299.2,285.7,61.85,2021-09-23
Chris Cedzo,56,55-59,86.36,115,80,147.5,342.5,9,226.25,223.49,214.59,46.48,2025-04-26
Warren Easton,56.5,55-59,102,180,120,220,520,2,317.38,314.03,299.87,65.08,2025-11-30
James Maxwell,56,55-59,97.9,177.5,122.5,227.5,527.5,1,327.73,323.84,309.44,67.32,2026-03-01
Jari Nurminen,57.5,55-59,111.06,180,132.5,210,522.5,5,308.35,306.6,293.12,62.87,2025-11-14
Jukka Toivanen,59.5,55-59,67.25,130,105,170,405,2,312.99,313.19,304.06,53.53,2008-04-11
Samuel Helms,58,55-59,158.7,200,125,220,545,5,288.73,299.13,281,56.65,2025-07-07
Anatoliy Baranov #1,60,60-64,92.98,160,130,185,475,1,302.25,298.42,285.62,62.15,2021-05-21
Eric Roberts,60,60-64,88.5,185,122.5,200,507.5,1,330.97,326.81,313.45,68.03,2023-01-29
Jacques Pejoine,60.5,60-64,81.45,160,105,190,455,3,310.48,307.18,295.74,63.59,2016-03-04
Per Berndorff,64.5,60-64,86.05,130,75,75,280,2,185.32,183.07,175.81,38.06,2025-04-05
Umberto Tarantino,61,60-64,82.2,157.5,107.5,230,495,1,336,332.33,319.82,68.86,2025-05-01
Michael Eldridge,62.5,60-64,111.6,200,110,227.5,537.5,1,316.64,314.95,301.15,53.49,2009-04-02
Kailas K,61.5,60-64,76.4,115,70,140,325,6,230.45,228.66,220.76,46.93,2022-04-09
Mousa Talaat,62.5,60-64,87.5,120,100,100,320,1,209.93,207.32,198.94,43.14,2015-10-24
Kersten Kammer,62.5,60-64,107.66,185,125,225,535,5,319.48,316.99,302.8,65.29,2026-02-08
Paul Gillott,64,60-64,62.05,50,122.5,100,272.5,1,223.85,225.51,219.81,43.89,2018-12-15
Jerry Delgadoo,64,60-64,81.2,135.5,115.5,190,441,1,301.46,298.29,287.22,61.73,2022-11-12
Joachim Lietzau,63.5,60-64,58.58,105,132.5,142.5,380,2,327.18,331.35,324,55.63,2014-09-21
Benjamin Ott,63,60-64,107.5,160,112.5,205,477.5,1,285.31,283.06,270.38,58.32,2024-06-01
Aleksey Kamanin,62.5,60-64,66.7,167.5,115,187.5,470,1,365.41,365.88,355.35,62.49,2010-03-25
謝志強,64,60-64,67,110,50,155,315,1,244.1,244.33,237.25,48.71,2025-04-26
Steve Stout,61.5,60-64,86.5,152.5,120,205,477.5,1,315.16,311.3,298.88,64.74,2025-05-03
Pesamino Watanaki,62,60-64,95.35,170,90,185,445,1,279.81,276.34,264.25,57.51,2017-12-09
Ron Gery,60,60-64,81.8,180,77.5,205,462.5,1,314.82,311.43,299.77,64.5,2025-11-09
Joe Leonard,61,60-64,103.15,122.5,85,160,367.5,1,223.25,221.01,211.03,45.75,2025-06-28
G.S.V. Prasad Rao,60.5,60-64,86.7,135,102.5,155,392.5,1,258.74,255.56,245.34,44.21,2009-12-09
Surendra Singh,60,60-64,83.9,175,110,155,440,1,295.26,291.85,280.6,60.58,2018-01-07
David Andrews #2,60,60-64,100.8,180,120,180,480,1,294.44,291.2,278.1,60.41,2017-08-26
Wes Evans,64.5,60-64,73.26,157.5,100,207.5,465,2,338.71,336.89,325.84,68.62,2019-10-16
Charles Hodupp,63,60-64,81.7,122.5,65,152.5,340,1,231.6,229.11,220.55,39.63,2007-02-24
Pierre Gimbert,62.5,60-64,80,222.5,140,220,582.5,2,401.66,397.67,383.17,68.75,2002-10-08
Bud Bower,64,60-64,88.34,244.94,158.76,215.46,619.15,1,404.16,399.09,382.81,69.02,2006-11-18
Suvarna Yadava,64.5,60-64,72.9,100,92.5,135,327.5,2,239.33,238.12,230.36,40.98,2015-07-20
Carlos López Ortíz,64.5,60-64,86.06,170,115,210,495,1,327.6,323.62,310.78,67.29,2025-06-21
Ced Smith,62,60-64,125,244.94,163.29,238.14,646.37,1,366.33,368.33,352.48,73.83,2023-11-12
Razif Valiakhmetov,60,60-64,80,172.5,105,190,467.5,1,322.36,319.16,307.52,65.93,2019-10-20
Seriy Denysov,60,60-64,98.5,180,120,190,490,11,303.6,300.05,286.66,62.35,2016-11-04
Aleksandr Rassypnov,64.5,60-64,63.45,115,87.5,140,342.5,1,276.49,277.99,270.65,47.2,2019-12-04
Phillip San Miguel,60,60-64,95.5,155,122.5,170,447.5,1,281.18,277.7,265.54,57.79,2023-01-28
Ganeshkumar A,62.5,60-64,105.2,100,65,130,295,3,177.78,176.16,168.22,36.39,2023-07-12
Klaas Jansen,60.5,60-64,92.63,132.5,85,162.5,380,68,242.24,239.17,228.94,49.81,2025-11-29
Gordon Chenkie,60.5,60-64,93.66,230,155,230,615,3,389.97,385.05,368.44,66.45,2013-09-24
S Elmaghrebi Abdala A,63.5,60-64,102.7,225,100,260,585,3,356.03,352.38,336.47,72.98,2019-06-04
Ralph Brown,61,60-64,104.64,272.5,182.5,240,695,1,419.73,415.8,397.04,71.15,2012-10-02
Paul Jaffa,60.5,60-64,95.55,182.5,135,215,532.5,4,334.51,330.37,315.9,56.95,2005-10-04
Gunnar Enkel,61.5,60-64,120.46,200,165,235,600,1,344.15,344.65,330.27,57.9,2018-07-03
Paul Gidney,61,60-64,103.35,235,170,280.5,685.5,1,416.1,411.96,393.36,70.58,2024-10-05
Clifford Kerr-Phillips,63,60-64,92.1,105,90,122.5,317.5,1,202.96,200.38,191.86,41.73,2025-07-19
R. Sadanand,60,60-64,82.4,100,60,140,300,5,203.36,201.12,193.53,41.68,2018-09-26
Raimr Schotz,61.5,60-64,80.25,190,137.5,210,537.5,3,369.95,366.23,352.83,63.32,2005-07-07
Sajid Nagi,61,60-64,72.45,147.5,102.5,167.5,417.5,1,306.36,304.93,295.07,61.97,2025-12-02
Magnus Apell,60,60-64,92.1,210,115,235,560,1,357.98,353.43,338.4,73.61,2025-11-21
Viachesl Tsyganok,60.5,60-64,97,210,145,210,565,5,352.49,348.23,332.82,59.97,1999-07-13
Daniel Austin #1,61,60-64,82.2,250,125,260,635,1,431.03,426.32,410.27,88.33,2019-12-07
Zdeněk Liberda,60.5,60-64,65.69,90,77.5,140,307.5,1,241.78,242.39,235.58,48.05,2024-04-06
Debbarma Amardip,61,60-64,107,80,75,100,255,1,152.64,151.4,144.6,25.84,2023-05-02
John Quinton,66.5,65-69,139.85,175,165,195,535,1,293.28,299.01,284.24,49.05,2025-07-26
Krishan Gopal Thapar,69,65-69,83.7,125,72.5,140,337.5,1,226.78,224.17,215.55,46.52,2018-09-26
Chet Peters,66,65-69,76.9,92.5,80,127.5,300,2,211.87,210.14,202.83,43.18,2025-10-11
Michael Reger,66,65-69,92.6,150,90,225,465,1,296.47,292.71,280.2,60.96,2025-10-18
Kyung Pop Her,68.5,65-69,63.05,105,120,110,335,1,271.76,273.39,266.26,46.38,2006-05-02
Anthony Mauriello,65.5,65-69,80.9,105,77.5,155,337.5,1,231.2,228.81,220.35,47.33,2016-04-30
Poolsingh Poolsingh,69.5,65-69,55.25,60,50,90,200,2,181.16,184.5,181.04,30.68,2015-07-20
Keiichi Yamai,66.5,65-69,64.7,145,80,150,375,2,298.23,299.36,291.17,50.95,2005-10-04
Tim Folger,65.5,65-69,87.18,160,107.5,220,487.5,1,320.43,316.46,303.73,65.84,2020-02-08
Rod Larocque,69,65-69,102.4,155,112.5,205,472.5,1,287.91,284.93,272.07,59.03,2025-11-09
Charles Maloney,67.5,65-69,93.99,130,97.5,197.5,425,4,269.04,265.66,254.16,55.31,2023-09-14
Paul Mears #1,67.5,65-69,65.06,130,60,167.5,357.5,1,283.13,284.06,276.22,48.38,2021-06-14
Dave Gremore,68.5,65-69,90.8,155,90,187.5,432.5,1,278.42,274.88,263.34,57.25,2017-03-18
Bruce Maus,68,65-69,88.09,147.5,100,190,437.5,1,286.01,282.43,270.94,58.78,2024-06-09
Steven Kiefel,68,65-69,79.6,77.5,115,120,312.5,16,216.12,214.02,206.26,44.19,2025-07-07
Seth Beckhardt,66.5,65-69,82.1,100,90,142.5,332.5,1,225.86,223.4,215,46.28,2025-12-13
James Jameson,68,65-69,120.5,110,92.5,155,357.5,1,205.03,205.34,196.77,41.48,2024-02-24
Darvis Simms,65,65-69,104.5,202.5,132.5,240.5,575.5,1,347.75,344.47,328.93,71.21,2024-11-14
Donald Nissim,65,65-69,75,92.99,92.99,111.13,297.1,1,213.15,211.7,204.55,43.31,2016-02-28
Henryk Hintzke,65.5,65-69,73.48,177.5,102.5,200,480,1,348.95,347.01,335.59,70.73,2023-06-16
Spero Tshontikidis,65,65-69,82,137.5,82.5,182.5,402.5,6,273.59,270.63,260.47,56.06,2024-11-24
Jeffrey Kortes,68.5,65-69,67.19,97.5,50,130,277.5,1,214.6,214.75,208.5,42.85,2025-01-18
Masakazu Nitta,65.5,65-69,80.4,140,95,150,385,3,264.7,262.02,252.41,54.16,2023-10-28
Doug Matsumoto,65,65-69,50.3,102.5,52.5,130,285,1,281.85,289.72,285.86,47.31,2022-11-19
Rüdiger Hopp,69.5,65-69,102.7,237.5,100,175,512.5,1,311.9,308.71,294.78,52.92,2025-10-10
Michael Lestingi,66.5,65-69,98.25,202.5,137.5,232.5,572.5,1,355.12,350.94,335.3,72.93,2025-06-26
Satish Chandra Dixit,66,65-69,78.9,90,60,130,280,6,194.67,192.85,185.93,39.77,2018-09-26
Torbjörn Hjalmarsson,65,65-69,82.8,142.5,102.5,202.5,447.5,4,302.51,299.13,287.78,62.02,2025-11-21
Tapio Ruohonen,69.5,65-69,120.8,120,90,160,370,1,212.03,212.4,203.53,42.89,2020-03-09
Carlos Lewis,67,65-69,78.8,75,137.5,175,387.5,2,269.61,267.11,257.54,55.08,2026-01-24
Jóhann Frímann Traustason,69.5,65-69,72.45,80,60,100,240,1,176.11,175.29,169.62,35.62,2025-11-23
Ajit Kumar Barooah,67,65-69,83.3,140,100,185,425,2,286.33,283.08,272.26,58.72,2022-04-09
Perumal M,66.5,65-69,65.5,95,60,100,255,8,200.93,201.49,195.86,39.91,2022-04-09
B. Aliasghar,68.5,65-69,92.75,110,100,120,330,2,210.24,207.57,198.69,35.84,2011-12-05
Scott Hehl,65,65-69,107.2,175,145,192.5,512.5,1,306.55,304.09,290.45,62.67,2025-08-30
Mykhailo Hyrych,67,65-69,88.9,150,100,185,435,1,283.03,279.47,267.98,58.18,2025-10-08
Glenn Henderson,66,65-69,93.15,75,72.5,135,282.5,1,179.6,177.33,169.71,36.93,2024-02-17
Warren Voight,68,65-69,76.95,125,85,190,400,1,282.37,280.07,270.32,57.55,2025-11-08
Robert Pleticha,68,65-69,122.3,137.5,102.5,205,445,1,253.98,254.75,244.08,51.31,2011-04-01
Dirk Hagen,69,65-69,81.6,95,60,130,285,1,194.27,192.19,185.02,39.79,2024-09-28
Robert Williams,67.5,65-69,71,132.5,62.5,167.5,362.5,1,269.65,268.75,260.29,54.38,2026-01-25
Adalgiso Sicoli,65,65-69,103.86,240,120,252.5,612.5,2,371.04,367.43,350.84,76.01,2026-02-08
Martti Kilpeläinen,67.5,65-69,64.81,150,105,210,465,1,369.34,370.68,360.51,73.19,2023-12-01
Daniel Lindemann,69.5,65-69,86.73,150,100,210,460,1,303.18,299.45,287.47,62.29,2023-02-18
Matti Kangasmäki,67.5,65-69,82.52,125,60,205,390,2,264.15,261.23,251.35,54.14,2017-01-13
Pekka Ikonen,67.5,65-69,96.84,200,97.5,220,517.5,5,323.1,319.18,305.07,66.39,2025-11-14
José Marthe,68,65-69,74.6,145,75,165,385,2,277.16,275.36,266.13,56.29,2026-02-07
Jim McCann,65,65-69,122.74,182.34,152.41,195.04,529.8,1,302.02,303.06,290.33,50.77,2008-08-11
Maamchullun Tseveendorzh,67,65-69,80.5,160,115,180,455,1,312.6,309.42,298.05,63.97,2013-08-15
Robert Vernhet,66.5,65-69,82.8,120,77.5,155,352.5,1,238.29,235.63,226.69,48.85,2026-01-10
Barry McMillan,74,70-74,79.9,60,50,100,210,1,144.91,143.48,138.26,29.64,2018-10-06
Curtis Hubbard,71,70-74,78.5,140,77.5,157.5,375,1,261.52,259.13,249.89,53.4,2019-06-01
Roy Pinson,71,70-74,60.4,90,65,130,285,1,239.25,241.6,235.84,46.57,2015-08-01
Georgiy Petrosov,73.5,70-74,67.9,120,70,140,330,3,253.27,253.24,245.75,43.33,2008-05-04
Anadigopal Das,70,70-74,53.36,70,50,95,215,3,201.01,205.41,201.98,37.55,2025-08-02
Velayudhan Kk,70,70-74,57.8,80,42.5,130,252.5,1,219.89,222.97,218.2,37.36,2025-12-02
Michael Deweese,73,70-74,79.3,75,80,90,245,4,169.82,168.2,162.13,34.71,2019-06-22
Phillip Rowlands,72.5,70-74,101.4,120,100,140,360,2,220.27,217.9,208.08,45.18,2021-07-22
N Subramanian,74,70-74,53.8,50,45,70,165,2,153.1,156.33,153.64,25.87,2018-07-26
Rip Stahura,70,70-74,87,100,42.5,115,257.5,1,169.44,167.34,160.63,34.81,2013-12-07
Fred Lambert,70.5,70-74,74,105,57.5,155,317.5,1,229.76,228.38,220.8,46.61,2016-09-10
John Rankin Jr,71.5,70-74,81.05,140,62.5,177.5,380,2,260.04,257.32,247.79,53.24,2019-06-04
Mool Chand Yadav,71,70-74,69.74,95,55,112.5,262.5,4,197.69,197.28,191.21,39.75,2024-07-21
Jim Waters,70.5,70-74,82.2,110,82.5,167.5,360,1,244.37,241.69,232.6,50.08,2012-10-27
Phil Rosenstern,71,70-74,92.35,167.5,92.5,217.5,477.5,17,304.84,300.97,288.14,62.68,2025-10-18
G. Durgeswara Rao,72.5,70-74,75.28,85,60,110,255,2,182.51,181.23,175.09,37.11,2024-07-21
Reg Cooney,73.5,70-74,79.5,115,75,140,330,1,228.4,226.19,218,46.69,2022-06-11
Gary Sacks,70,70-74,71.67,115.67,83.91,161.03,360.61,1,266.54,265.48,257.02,53.83,2024-05-18
Don Kuhns,70,70-74,90.3,170,117.5,190,477.5,1,308.24,304.32,291.62,63.38,2022-07-30
Miles Baker,70,70-74,81.6,170,85,177.5,432.5,1,294.81,291.66,280.78,60.39,2026-02-28
Paul Kerin,72.5,70-74,108.4,85,70,180,335,2,199.52,198.05,189.21,40.76,2025-07-06
Desaraju Venkata Sankara Rao,72,70-74,75.78,80,65,100,245,6,174.62,173.33,167.41,35.53,2025-11-02
James Bronke,73,70-74,86.91,82.5,65,112.5,260,15,171.17,169.06,162.29,35.17,2024-03-01
Richard Fredericks,70,70-74,74.9,127.5,80,145,352.5,5,253.11,251.41,242.94,51.43,2025-08-24
Rick Lee,74.5,70-74,89.1,72.5,120,67.5,260,1,168.98,166.84,159.97,34.74,2026-01-31
Jack Hagen,72,70-74,78.6,157.5,107.5,215,480,1,334.48,331.42,319.58,68.31,2025-06-28
Phil Burge,70.5,70-74,79.85,95,92.5,180,367.5,6,253.69,251.19,242.05,51.88,2026-02-08
Noel Cummings,73,70-74,67.94,140,90,182.5,412.5,2,316.45,316.4,307.04,63.33,2022-08-28
Seppo Adamsson,70.5,70-74,88.12,90,80,145,315,2,205.89,203.31,195.04,42.32,2019-06-09
Rama Lakshmana Dora.P,73.5,70-74,54.43,40,35,75,150,4,137.71,140.46,137.94,25.92,2023-07-12
Tiziano Dal Fior,73,70-74,88.2,120,85,135,340,2,222.12,219.34,210.41,45.65,2025-11-22
James Cushing-Murray,72.5,70-74,82,85,62.5,100,247.5,1,168.24,166.41,160.16,34.47,2014-12-08
Richard Hallowell,70,70-74,58.2,67.5,52.5,105,225,1,194.79,197.39,193.09,37.5,2019-02-23
L. Gibson,74.5,70-74,82.5,90.72,90.72,90.72,272.16,4,184.36,182.32,175.43,37.79,2011-12-03
Michael Fey,74.5,70-74,78.5,82.5,65,85,232.5,1,162.14,160.66,154.93,33.11,2025-04-11
Richard Bradshaw,70.5,70-74,88.3,80,72.5,122.5,275,1,179.55,177.3,170.07,36.91,2026-02-21
Hugues Reveiller,70,70-74,88.5,160,105.5,200,465.5,1,303.58,299.77,287.51,62.4,2024-03-23
Bill Stevens,70.5,70-74,109.96,200.5,130,210,540.5,1,320.16,318.12,304.04,65.33,2018-06-06
Bob Coleman,70.5,70-74,62.7,97.5,60,110,267.5,1,217.95,219.36,213.7,42.85,2019-02-09
Dan Mckinnon,72,70-74,85.46,145,95,160,400,1,265.72,262.53,252.2,54.56,2025-12-13
Alexander Greenstein,73,70-74,88.6,115,82.5,135,332.5,1,216.72,213.99,205.23,44.55,2024-12-29
Noriano Coppari,71.5,70-74,73.94,110,125,160,395,1,285.99,284.29,274.86,48.98,2023-05-01
Anders Källberg,71,70-74,90,195,110,207.5,512.5,1,331.38,327.18,313.57,68.13,2026-02-08
Rich Miller,74.5,70-74,80.8,82.5,75,107.5,265,1,181.67,179.79,173.16,37.19,2026-02-22
Joseph Scalia,70.5,70-74,70.5,70,65,107.5,242.5,1,181.26,180.74,175.11,36.51,2026-01-10
Matti Karilainen,70.5,70-74,89.74,160,100,185,445,1,288.16,284.5,272.7,59.24,2021-11-19
John Carraro,70,70-74,99.01,80,70,102.5,252.5,3,156.09,154.29,147.39,32.05,2023-12-09
Alan Levine,70,70-74,78.9,145,97.5,182.5,425,1,295.48,292.72,282.22,60.37,2019-09-28
Shashikant Duby,71,70-74,73.8,132.5,57.5,132.5,322.5,3,233.79,232.43,224.73,40.04,2018-07-26
Ronnie Kerr,70,70-74,74.8,125,85,157.5,367.5,1,264.1,262.35,253.53,53.65,2025-11-29
David Hearn,79,75-79,86.8,95,80,130,305,2,200.93,198.46,190.52,41.28,2019-11-30
Dick Kendall,75.5,75-79,107.8,62.5,60,102.5,225,1,134.29,133.26,127.3,27.44,2018-08-18
Bill Kelly #2,77,75-79,88.1,50,50,70,170,1,111.13,109.74,105.27,22.84,2016-12-10
Roy Mason,76.5,75-79,75,120,25,218.5,363.5,2,260.78,259.02,250.27,44.66,1995-01-26
Rajendran Pillai,75,75-79,66.2,100,60,140,300,1,234.53,234.97,228.29,46.69,2022-04-09
John Holland,76,75-79,91.26,95,100,155,350,1,224.75,221.89,212.53,46.21,2024-10-20
Guy Fourniez,77,75-79,85.53,130,77.5,155,362.5,1,240.7,237.81,228.44,49.43,2026-01-11
Allen Stanek,79,75-79,89.7,110,65,182.5,357.5,2,231.55,228.62,219.14,47.61,2026-02-28
Ronald Burden,77,75-79,96.5,143.5,117.5,201,462,1,288.91,285.38,272.8,59.37,2023-08-12
Nelson Lugo Jr,77,75-79,104.4,122.5,72.5,120,315,1,190.42,188.61,180.1,39,2026-02-07
Tapio Kähäri,77.5,75-79,91,110,85,110,305,1,196.13,193.63,185.49,40.33,2024-04-20
William R Mcgowen,76,75-79,91.25,70,60,125,255,1,163.75,161.67,154.85,33.67,2025-02-18
Ken Crouse,76,75-79,59.2,80,65,120,265,1,226.17,228.82,223.61,38.48,2023-09-23
Vladimir Fedin,75.5,75-79,82.35,115,72.5,140,327.5,1,222.08,219.63,211.35,45.52,2019-03-28
Iain Burgess,79.5,75-79,59.25,85,25,105,215,1,183.36,185.5,181.27,35.5,2024-09-28
Frank Sumner,76,75-79,80.7,55,60,85,200,1,137.21,135.8,130.79,28.08,2025-11-22
Douglas Bove,78,75-79,73.4,50,47.5,102.5,200,4,145.5,144.7,139.94,29.49,2023-10-08
Michael Merz,77,75-79,72.5,90,67.5,115,272.5,1,199.87,198.92,192.49,40.43,2024-06-01
Michael Fraser,75,75-79,67.3,67.5,60,102.5,230,1,177.65,177.76,172.57,35.49,2025-02-01
Varghese P J,77,75-79,86.75,45,45,80,170,5,112.03,110.65,106.23,23.02,2025-08-02
Igor Kupreychik,75.5,75-79,71.1,80,72.5,140,292.5,3,217.37,216.62,209.79,37.22,2015-12-14
Joseph Quinn,76.5,75-79,81.6,135,50,150,335,1,228.35,225.91,217.48,46.77,2023-02-25
Paul Wrenn,75,75-79,125,165,65,175,405,1,229.54,230.79,220.86,38.55,2022-09-30
Gary Villeneuve,76.5,75-79,88.25,102.5,115,160,377.5,1,246.55,243.46,233.54,50.68,2026-02-21
Victor Shaffer,75,75-79,66.68,70,67.5,157.5,295,2,229.4,229.7,223.1,45.74,2025-04-26
Martin Godden,77,75-79,65.8,87.5,65,120,272.5,1,213.99,214.5,208.46,42.55,2022-04-26
Toshio Kitano,78.5,75-79,81.85,145,85,190,420,1,285.79,282.71,272.12,58.55,2025-07-19
Ichikawa Rong,75.5,75-79,73.5,130,117.5,150,397.5,2,288.93,287.31,277.85,58.56,2023-07-16
Jack Welch #3,78,75-79,58.97,100,65,137.5,302.5,1,259.01,262.14,256.23,50.07,2023-12-16
Mahamalmad Abas,76,75-79,75.35,85,80,105,270,2,193.13,191.77,185.26,39.27,2023-07-12
Gérard Dufour,76,75-79,74,130,100,185.5,415.5,1,300.68,298.87,288.95,51.49,2025-11-15
William Hoskens,78,75-79,76.93,85,55,120,260,1,183.57,182.08,175.74,37.41,2015-09-25
Jorge Gambeta,76.5,75-79,73.2,150,75,160,385,1,280.59,279.1,269.95,48.05,2015-10-10
Derek Mason,79.5,75-79,58.95,68,64,105,237,1,202.98,205.45,200.82,39.23,2019-06-01
Terry Nicotra,77,75-79,74.07,105,80,127.5,312.5,1,226,224.63,217.17,45.86,2021-10-14
Petr Shubin,77.5,75-79,70.55,70,70,120,260,1,194.25,193.68,187.64,39.13,2015-10-05
Antoine Cotton,77,75-79,74.3,80,80,115,275,1,198.48,197.25,190.66,40.29,2025-09-20
Dave Quevrequx,75,75-79,86.5,102.5,90,117.5,310,1,204.6,202.1,194.04,34.96,2007-06-10
John St Angelo,78.5,75-79,100.7,115,92.5,135,342.5,1,210.18,207.87,198.52,43.12,2025-10-11
Peter Signori,76,75-79,87.4,117.5,80,142.5,340,1,223.18,220.41,211.52,45.86,2022-09-03
Joseph Fleming,77,75-79,66.8,120,81.5,167.5,369,1,286.57,286.9,278.63,57.16,2023-10-26
Mikko Isoniemi,77.5,75-79,91.04,125,90,170,385,2,247.52,244.37,234.09,42.22,2019-02-09
Bill Koppe,78,75-79,76.95,120,85,150,355,1,250.61,248.56,239.91,51.08,2025-05-07
Tony Kohut,76,75-79,81,97.5,55,150,302.5,1,207.08,204.92,197.34,42.39,2024-11-03
Max Peek #1,77,75-79,69.2,105,57.5,150,312.5,1,236.63,236.27,229.08,47.51,2012-04-28
John Terragni,78.5,75-79,72.49,165.5,112.5,185,463,2,339.62,338.02,327.08,68.71,2026-02-08
Ron Zeller,77,75-79,82.5,65,72.5,112.5,250,1,169.35,167.48,161.15,34.71,2010-09-03
Louis Caruana,79,75-79,72,102.5,65,142.5,310,6,228.43,227.45,220.15,46.16,2026-02-08
Dale Garlitz,75,75-79,71.8,167.5,102.5,185,455,1,335.9,334.52,323.83,67.86,2025-10-11
Larry Edwards,75,75-79,66,75,65,105,245,1,191.96,192.37,186.93,38.19,2025-12-07
Lawrence Atkinson,80,80-84,80.3,65,55,110,230,1,158.25,156.65,150.91,32.38,2007-02-24
Bob Nicholas,80,80-84,82.1,112.5,85,160,357.5,1,242.84,240.19,231.16,49.76,2024-06-23
William Farrell,80,80-84,88.9,102.5,81,150.5,334,2,217.32,214.58,205.76,44.67,2025-11-22
Dale Isaacson,81,80-84,106.1,40,42.5,140,222.5,1,133.63,132.48,126.52,27.34,2023-09-23
Gontran Mahauda,80,80-84,64.66,127.5,87.5,165.5,380.5,1,302.75,303.91,295.6,59.96,2018-03-23
Perry Dworkin,81,80-84,71.5,63.5,54.4,92.9,210.8,3,156.06,155.47,150.52,31.51,2022-06-25
Daniel Goodwin #1,81.5,80-84,76.82,77.5,75,140,292.5,4,206.7,205.03,197.91,35.4,2014-09-21
Ted Cooper #1,80.5,80-84,82.15,125,52.5,130,307.5,1,208.8,206.52,198.75,35.72,2018-11-17
Donald Shirk,81.5,80-84,76.3,92.5,52.5,117.5,262.5,1,186.29,184.85,178.48,37.93,2017-08-04
Ben Nowotny,84.5,80-84,56.1,45,35,80,160,1,142.98,145.4,142.54,27.2,2024-11-02
John Warren,80,80-84,80.5,72,86,182,340,4,233.59,231.21,222.72,47.8,2020-11-07
Bob Knudsen,80.5,80-84,89.3,90,52.5,110,252.5,1,163.91,161.84,155.16,33.7,2023-04-22
Ravi Sood,81.5,80-84,68.85,65,50,117.5,232.5,3,176.68,176.48,171.15,35.44,2025-10-10
Voitto Grönman,84,80-84,82.05,70,65,110,245,1,166.48,164.67,158.48,34.11,2022-10-01
Mel Wunder,81.5,80-84,83.2,75,65,100,240,1,161.8,159.97,153.87,33.18,2025-04-26
Bugs Bayer,80,80-84,91.3,67.5,70,150,287.5,5,184.57,182.22,174.54,37.95,2025-11-22
Bruce Park,83,80-84,68.3,120,60,163,343,1,262.14,261.99,254.18,52.51,2020-11-07
Fred Rice,80,80-84,89.7,115,65,182.5,362.5,1,234.79,231.81,222.2,48.27,2025-11-22
Dillon Maier,80,80-84,57.2,77.5,42.5,102.5,222.5,1,195.5,198.44,194.31,37.43,2015-10-15
Claudir Soares Lopes,81.5,80-84,99.6,150,130,165,445,1,274.38,271.26,259.1,56.32,2022-06-16
Tom March,81,80-84,71.45,100,52.5,125,277.5,1,205.54,204.76,198.26,41.49,2025-07-27
Duncan Beck,83.5,80-84,66.1,20,20,72.5,112.5,1,88.05,88.22,85.72,17.52,2026-01-31
Vernon Lidstone,82,80-84,73.9,40,42.5,100,182.5,1,132.18,131.4,127.04,26.81,2025-11-22
高木 寛夫,81,80-84,63.8,115,77.5,130,322.5,4,259.24,260.52,253.57,51.18,2019-09-14
Blade McClelland,82,80-84,82.5,102.5,87.5,135,325,1,220.15,217.72,209.49,45.13,2005-08-13
Torsten Ruotsala,80.5,80-84,65.3,110,55,155,320,1,252.73,253.49,246.44,50.17,2024-05-18
Kim-Won Pok,83,80-84,49.6,65,45,100,210,1,210.57,216.75,214.03,38.15,2023-12-11
Roger Shaw,80.5,80-84,75,170,90,185,445,1,319.25,317.09,306.38,64.88,2025-12-13
Walter Schüßler,80.5,80-84,94.6,105,70,145,320,1,201.96,199.43,190.76,34.4,2024-05-18
Carlos Acosta #1,84,80-84,78.1,67.5,62.5,115,245,1,171.39,169.87,163.84,34.98,2023-07-10
Anil Kumthekar,81.5,80-84,55.75,50,55,87.5,192.5,3,172.98,176.01,172.62,32.84,2023-07-12
Shoichi Wakayama,80.5,80-84,63.3,115,90,130,335,1,270.93,272.46,265.29,53.39,2025-07-19
Harmesh Sharma,80.5,80-84,59.95,60,52.5,112.5,225,1,190.04,192.04,187.54,36.91,2025-11-22
Tapani Pulkkinen,81.5,80-84,72.25,95,65,165,325,2,238.92,237.85,230.19,48.31,2022-11-26
Robert Gilmore,80.5,80-84,104.2,47.5,77.5,90,215,1,130.07,128.82,123.01,26.64,2016-02-20
卜錦文,83,80-84,50.2,55,40,100,195,1,193.22,198.66,196.03,35.19,2024-08-24
Erik Simonsen,80.5,80-84,73.45,95,40,110,245,1,178.16,177.17,171.34,30.51,2011-04-02
Edward Levine,80.5,80-84,78.7,95,67.5,137.5,300,1,208.89,206.96,199.56,42.67,2024-11-09
Gharaei Esmaeel,81,80-84,72.85,85,70,115,270,1,197.4,196.41,190.01,33.8,2010-05-01
Bill Cecil,82,80-84,78.1,70,45,112.5,227.5,1,159.15,157.73,152.14,32.48,2025-11-09
Dennis Tito,80,80-84,64.25,97.5,62.5,101,261,1,208.68,209.59,203.92,41.27,2020-08-29
Rick Rinehart,80.5,80-84,81.95,47.5,52.5,90,190,1,129.2,127.8,123,26.47,2025-08-23
Ronald Herron,81.5,80-84,107,170,90,195,455,2,272.36,270.14,258.02,46.11,2014-07-09
Emil Alin,81.5,80-84,112.7,155,110,200,465,1,272.95,271.7,259.88,55.58,2018-03-06
Jo Grison,82,80-84,68.7,102.5,65,132.5,300,2,228.33,228.1,221.24,45.79,2024-11-16
Perry Bassett,81,80-84,80.35,137.5,95,160,392.5,1,269.95,267.23,257.43,55.23,2025-09-20
Bobby Wischkowski,80,80-84,87.4,105,75,147.5,327.5,1,214.98,212.31,203.74,44.18,2024-02-24
Max Bristow,81,80-84,66.3,125,70,184,379,1,295.96,296.49,288.04,50.6,2025-12-07
Benton Smith,80,80-84,62.8,92.5,57.5,127.5,277.5,1,225.82,227.25,221.36,44.41,2026-01-17
Phillip Shipp,83.5,80-84,72.55,65,55,110,230,1,168.62,167.81,162.38,34.12,2019-08-24
Alexander Diepold,87.5,85-89,64.5,95,85,120,300,1,239.15,240.11,233.58,47.34,2025-11-22
Bill Silvernail,89,85-89,68.8,62.5,55,92.5,210,1,159.66,159.49,154.68,32.03,2024-07-13
Bryan McMaster,86,85-89,70.78,105,55,170,330,1,246,245.23,237.54,49.58,2025-12-11
Earl Foran,85,85-89,74.39,75,70,115,260,1,187.51,186.33,180.1,38.07,2014-02-22
Franciscus Marinus Carnelus van Beers,85.5,85-89,79.46,82.5,52.5,110,245,1,169.62,167.98,161.9,34.67,2025-12-11
Fred Archambault,85,85-89,72,160,90,170,420,1,309.48,308.16,298.27,52.99,2008-09-30
Gary Peterson,85.5,85-89,74.2,50,65,152.5,267.5,1,193.24,192.05,185.65,39.22,2026-02-21
George Byng,87.5,85-89,71.2,162.5,95,182.5,440,5,326.67,325.52,315.23,65.91,2024-08-03
Jack Weiss,85.5,85-89,75.8,62.5,47.5,117.5,227.5,1,162.12,160.92,155.42,27.76,2013-06-02
James Meadows,85,85-89,67.5,32.5,37.5,70,140,1,107.9,107.94,104.78,21.57,2005-08-13
Joe Stockinger,89,85-89,64.15,110,75,175,360,1,288.17,289.47,281.67,56.97,2019-10-03
Jose De Lucio Lopez,87.5,85-89,91.64,87.5,56,137.5,281,1,180.07,177.78,170.25,37.03,2025-06-21
Julius Forzano,85.5,85-89,65.2,82.5,62.5,100,245,1,193.72,194.32,188.94,38.44,2015-02-14
Leevi Pehkoranta,85.5,85-89,77.75,90,40,140,270,1,189.39,187.75,181.13,38.64,2023-05-13
Louis Pease,85.5,85-89,88.7,37.5,55,80,172.5,1,112.37,110.95,106.41,23.1,2018-08-18
Marcel Nivault,85,85-89,62.05,120,40,160,320,1,262.87,264.82,258.13,44.84,2018-02-24
Phillip Biles,87,85-89,67.3,35,40,105,180,1,139.03,139.11,135.05,27.77,2024-07-06
R. Vaidyanathan,86,85-89,65.1,100,52.5,100,252.5,2,199.88,200.53,194.99,39.65,2022-04-09
Ray Halling,88,85-89,98.2,87.5,82.5,45,215,1,133.39,131.82,125.95,27.4,2025-10-25
Raymond Halling,87,85-89,96.5,82.5,85,112.5,280,2,175.09,172.96,165.33,35.98,2024-11-14
Robert Collester,85,85-89,88.2,45,55,105,205,1,133.93,132.25,126.86,27.53,2019-06-15
Roger Merrell,85,85-89,60,20,30,65,115,1,97.06,98.08,95.78,18.86,2005-08-13
Sandy Barclay,85.5,85-89,58.7,52.5,42.5,90,185,1,159.01,161,157.42,30.7,2026-02-21
Tito Bastianelli Sr,87,85-89,85.55,125,60,145,330,1,219.1,216.46,207.93,44.99,2021-12-12
Svend Stensgaard,95.5,90-999,72,35,55,85,175,1,128.95,128.4,124.28,22.08,2018-03-03
Ted Brown,90.5,90-999,54.6,60,65,100,225,2,205.99,210.02,206.23,38.81,2021-07-24
