week,player,qbr,team,opponent_team,completions,attempts,passing_yards,passing_tds,passing_interceptions,sacks,fumbles,prop_total,result
1,Lamar Jackson,94.9,BAL,BUF,14,19,209,2,0,2,0,0.49382716049382713,-1
1,Jordan Love,92.5,GB,DET,16,22,188,2,0,0,0,0.675,14
1,Jalen Hurts,89,PHI,DAL,19,23,152,0,0,1,0,0.5454545454545454,4
1,Baker Mayfield,88.3,TB,ATL,17,32,167,3,0,1,0,0.5348837209302325,3
1,Justin Herbert,86.7,LAC,KC,25,34,318,3,0,3,0,0.5625,6
1,Patrick Mahomes,86.1,KC,LAC,24,39,258,1,0,2,0,0.4375,-6
1,Brock Purdy,85.5,SF,SEA,26,35,277,2,2,1,0,0.5666666666666667,4
1,Daniel Jones,85.1,IND,MIA,22,29,272,1,0,1,0,0.8048780487804879,25
1,Michael Penix Jr.,83.1,ATL,TB,27,42,298,1,0,1,0,0.46511627906976744,-3
1,Josh Allen,76.9,BUF,BAL,33,46,394,2,0,1,0,0.5061728395061729,1
1,Justin Fields,76.7,NYJ,PIT,16,22,218,1,0,1,0,0.48484848484848486,-2
1,Caleb Williams,71.2,CHI,MIN,21,35,210,1,0,2,0,0.47058823529411764,-3
1,Matthew Stafford,71.1,LA,HOU,21,29,245,1,0,3,0,0.6086956521739131,5
1,Geno Smith,71.1,LV,NE,24,34,362,1,1,4,0,0.6060606060606061,7
1,Trevor Lawrence,69.2,JAX,CAR,19,31,178,1,1,0,0,0.7222222222222222,16
1,Joe Burrow,62.8,CIN,CLE,14,23,113,1,0,3,0,0.5151515151515151,1
1,Dak Prescott,61.4,DAL,PHI,21,34,188,0,0,0,0,0.45454545454545453,-4
1,Aaron Rodgers,55.8,PIT,NYJ,22,30,244,4,0,4,0,0.5151515151515151,2
1,Sam Darnold,52.6,SEA,SF,16,23,150,0,0,1,1,0.43333333333333335,-4
1,Jayden Daniels,50.5,WAS,NYG,19,30,233,1,0,3,0,0.7777777777777778,15
1,Kyler Murray,49.4,ARI,NO,21,29,163,2,0,5,0,0.6060606060606061,7
1,Jared Goff,48.2,DET,GB,31,39,225,1,1,4,0,0.325,-14
1,J.J. McCarthy,47.1,MIN,CHI,13,20,143,2,1,3,0,0.5294117647058824,3
1,Spencer Rattler,45,NO,ARI,27,46,214,0,0,1,0,0.3939393939393939,-7
1,Drake Maye,42,NE,LV,30,46,287,1,1,4,1,0.3939393939393939,-7
1,C.J. Stroud,40.2,HOU,LA,19,27,188,0,1,3,0,0.391304347826087,-5
1,Joe Flacco,30.6,CLE,CIN,31,45,290,1,2,2,0,0.48484848484848486,-1
1,Bryce Young,22.8,CAR,JAX,18,35,154,1,2,1,0,0.2777777777777778,-16
1,Russell Wilson,20.5,NYG,WAS,17,37,168,0,0,2,0,0.2222222222222222,-15
1,Bo Nix,15.6,DEN,TEN,25,40,176,1,2,1,1,0.625,8
1,Cam Ward,10.3,TEN,DEN,12,28,112,0,0,6,1,0.375,-8
1,Tua Tagovailoa,2.4,MIA,IND,14,23,114,1,2,3,1,0.1951219512195122,-25
2,Jared Goff,93.3,DET,CHI,23,28,334,5,0,0,0,0.7123287671232876,31
2,Patrick Mahomes,82.9,KC,PHI,16,29,187,1,1,2,0,0.4594594594594595,-3
2,Josh Allen,81,BUF,NYJ,14,25,148,0,0,1,0,0.75,20
2,Daniel Jones,80.9,IND,DEN,23,34,316,1,0,1,0,0.5087719298245614,1
2,Lamar Jackson,79.3,BAL,CLE,19,29,225,4,0,3,0,0.7068965517241379,24
2,Drake Maye,78.3,NE,MIA,19,23,230,2,0,3,0,0.55,6
2,Justin Herbert,76.4,LAC,LV,19,27,242,2,0,2,0,0.6896551724137931,11
2,Russell Wilson,74,NYG,DAL,30,41,450,3,1,3,1,0.4805194805194805,-3
2,Baker Mayfield,72.5,TB,HOU,25,38,215,2,0,4,1,0.5128205128205128,1
2,Dak Prescott,70.3,DAL,NYG,38,52,361,2,1,3,0,0.5194805194805194,3
2,Bo Nix,69.8,DEN,IND,22,30,206,3,1,0,0,0.49122807017543857,-1
2,Jake Browning,69.7,CIN,JAX,21,32,241,2,3,1,0,0.5344827586206896,4
2,Mac Jones,68,SF,NO,26,39,279,3,0,3,1,0.5531914893617021,5
2,Kyler Murray,66,ARI,CAR,17,25,220,1,1,1,0,0.5510204081632653,5
2,Matthew Stafford,63.6,LA,TEN,23,33,298,2,1,1,0,0.6346153846153846,14
2,Spencer Rattler,53.3,NO,SF,25,34,207,3,0,3,1,0.44680851063829785,-5
2,Jordan Love,51.3,GB,WAS,19,31,292,2,0,2,0,0.6,9
2,Tua Tagovailoa,49.2,MIA,NE,26,32,315,2,1,5,0,0.45,-6
2,Sam Darnold,48.1,SEA,PIT,22,33,295,2,2,2,0,0.6458333333333334,14
2,Caleb Williams,46.4,CHI,DET,19,30,207,2,1,4,0,0.2876712328767123,-31
2,Jalen Hurts,45.5,PHI,KC,15,22,101,0,0,2,1,0.5405405405405406,3
2,Aaron Rodgers,41.2,PIT,SEA,18,33,203,1,2,3,0,0.3541666666666667,-14
2,Bryce Young,35,CAR,ARI,35,55,328,3,1,3,1,0.4489795918367347,-5
2,Michael Penix Jr.,31.2,ATL,MIN,13,21,135,0,0,3,0,0.7857142857142857,16
2,Cam Ward,27.7,TEN,LA,19,33,175,1,0,5,1,0.36538461538461536,-14
2,Joe Flacco,26.1,CLE,BAL,25,45,199,1,1,2,1,0.29310344827586204,-24
2,Trevor Lawrence,24.1,JAX,CIN,24,42,271,3,2,1,0,0.46551724137931033,-4
2,Geno Smith,23.1,LV,LAC,24,43,180,0,3,3,0,0.3103448275862069,-11
2,C.J. Stroud,20.2,HOU,TB,13,24,207,1,0,3,0,0.48717948717948717,-1
2,Jayden Daniels,17.7,WAS,GB,24,42,200,2,0,4,0,0.4,-9
2,J.J. McCarthy,6.2,MIN,ATL,11,21,158,0,2,6,1,0.21428571428571427,-16
3,Daniel Jones,92.1,IND,TEN,18,25,228,1,0,0,0,0.6721311475409836,21
3,Caleb Williams,88.2,CHI,DAL,19,28,298,4,0,0,0,0.6888888888888889,17
3,Lamar Jackson,73.5,BAL,DET,21,27,288,3,0,7,1,0.4411764705882353,-8
3,Tua Tagovailoa,73.1,MIA,BUF,22,34,146,2,1,0,0,0.40384615384615385,-10
3,Jared Goff,71.7,DET,BAL,20,28,202,1,0,0,0,0.5588235294117647,8
3,Bryce Young,71.2,CAR,ATL,16,24,121,0,0,1,0,1,30
3,Geno Smith,69,LV,WAS,19,29,289,3,0,5,0,0.36923076923076925,-17
3,Matthew Stafford,68.1,LA,PHI,19,33,196,2,1,1,0,0.4406779661016949,-7
3,Josh Allen,66.6,BUF,MIA,22,28,213,3,0,2,0,0.5961538461538461,10
3,Drake Maye,63.4,NE,PIT,28,37,268,2,1,5,1,0.4,-7
3,Baker Mayfield,60.6,TB,NYJ,19,29,233,1,0,1,1,0.5178571428571429,2
3,Jalen Hurts,59.9,PHI,LA,21,32,226,3,0,4,1,0.559322033898305,7
3,Mac Jones,56.5,SF,ARI,27,41,284,1,1,1,0,0.5161290322580645,1
3,Jordan Love,56.4,GB,CLE,18,25,183,1,1,5,0,0.43478260869565216,-3
3,Marcus Mariota,55.9,WAS,LV,15,21,207,1,0,1,0,0.6307692307692307,17
3,Kyler Murray,53,ARI,SF,22,35,159,1,0,1,0,0.4838709677419355,-1
3,C.J. Stroud,51.8,HOU,JAX,25,38,204,1,2,2,0,0.37037037037037035,-7
3,Spencer Rattler,51.3,NO,SEA,28,39,218,1,1,2,0,0.22807017543859648,-31
3,Patrick Mahomes,50.8,KC,NYG,22,37,224,1,0,2,2,0.7096774193548387,13
3,Aaron Rodgers,49.2,PIT,NE,16,23,139,2,1,0,0,0.6,7
3,Tyrod Taylor,47.6,NYJ,TB,26,36,197,2,1,4,1,0.48214285714285715,-2
3,Justin Herbert,47.1,LAC,DEN,28,47,300,1,1,5,0,0.5348837209302325,3
3,Bo Nix,43.9,DEN,LAC,14,25,153,1,0,2,0,0.46511627906976744,-3
3,Trevor Lawrence,38.6,JAX,HOU,20,40,222,0,1,2,0,0.6296296296296297,7
3,Dak Prescott,36.1,DAL,CHI,31,40,251,1,2,2,0,0.3111111111111111,-17
3,Cam Ward,26.9,TEN,IND,23,38,219,1,1,4,0,0.32786885245901637,-21
3,Joe Flacco,26.6,CLE,GB,21,36,142,0,1,2,0,0.5652173913043478,3
3,Jake Browning,26.2,CIN,MIN,19,27,140,1,2,3,0,0.1724137931034483,-38
3,Carson Wentz,22.9,MIN,CIN,14,20,173,2,0,3,0,0.8275862068965517,38
3,Michael Penix Jr.,9.1,ATL,CAR,18,36,172,0,2,0,0,0,-30
3,Russell Wilson,5.4,NYG,KC,18,32,160,0,2,2,0,0.2903225806451613,-13
4,Dak Prescott,93.7,DAL,GB,31,40,319,3,0,1,0,0.5,0
4,Drake Maye,92.5,NE,CAR,14,17,203,2,0,1,0,0.7636363636363637,29
4,Josh Allen,91.2,BUF,NO,16,22,209,2,1,3,0,0.62,12
4,Michael Penix Jr.,88.1,ATL,WAS,20,26,313,2,1,1,0,0.5573770491803278,7
4,Spencer Rattler,81.8,NO,BUF,18,27,126,1,0,3,1,0.38,-12
4,Justin Fields,80.6,NYJ,MIA,20,27,226,1,0,2,1,0.4375,-6
4,Marcus Mariota,74.2,WAS,ATL,16,27,156,2,1,2,0,0.4426229508196721,-7
4,Bo Nix,74.1,DEN,CIN,29,42,326,2,1,0,0,0.9032258064516129,25
4,Patrick Mahomes,73.8,KC,BAL,25,37,270,4,0,1,0,0.6491228070175439,17
4,C.J. Stroud,72.5,HOU,TEN,22,28,233,2,0,2,0,1,26
4,Matthew Stafford,71.7,LA,IND,29,41,375,3,0,3,0,0.574468085106383,7
4,Sam Darnold,70,SEA,ARI,18,26,242,1,0,3,1,0.5348837209302325,3
4,Trevor Lawrence,67.2,JAX,SF,21,31,174,1,0,0,0,0.5531914893617021,5
4,Jordan Love,62.7,GB,DAL,31,43,337,3,0,1,1,0.5,0
4,Tua Tagovailoa,56.6,MIA,NYJ,17,25,177,2,0,0,0,0.5625,6
4,Jared Goff,56.2,DET,CLE,16,27,168,2,1,0,0,0.7727272727272727,24
4,Brock Purdy,53.7,SF,JAX,22,38,309,2,2,1,1,0.44680851063829785,-5
4,Jalen Hurts,52.8,PHI,TB,15,24,130,2,0,2,0,0.5535714285714286,6
4,Daniel Jones,50.5,IND,LA,24,33,262,1,2,2,1,0.425531914893617,-7
4,Bryce Young,48.4,CAR,NE,18,30,150,1,0,1,0,0.23636363636363636,-29
4,Jaxson Dart,47.4,NYG,LAC,13,20,111,1,0,5,0,0.5384615384615384,3
4,Caleb Williams,47,CHI,LV,22,37,212,1,1,1,0,0.5102040816326531,1
4,Carson Wentz,42,MIN,PIT,30,46,350,2,2,6,1,0.4666666666666667,-3
4,Aaron Rodgers,41.1,PIT,MIN,18,22,200,1,0,2,0,0.5333333333333333,3
4,Justin Herbert,39.1,LAC,NYG,23,41,203,1,2,2,0,0.46153846153846156,-3
4,Cam Ward,34.8,TEN,HOU,10,26,108,0,1,2,0,0,-26
4,Kyler Murray,29.8,ARI,SEA,27,41,200,2,2,6,0,0.46511627906976744,-3
4,Lamar Jackson,29.8,BAL,KC,14,20,147,1,1,3,1,0.3508771929824561,-17
4,Jake Browning,28.4,CIN,DEN,14,25,125,0,0,3,0,0.0967741935483871,-25
4,Baker Mayfield,21.9,TB,PHI,22,40,289,2,1,2,1,0.44642857142857145,-6
4,Geno Smith,20.4,LV,CHI,14,21,117,2,3,0,0,0.4897959183673469,-1
4,Joe Flacco,11.7,CLE,DET,16,34,184,0,2,3,1,0.22727272727272727,-24
5,C.J. Stroud,99.4,HOU,BAL,23,27,244,4,0,2,0,0.8148148148148148,34
5,Sam Darnold,96.5,SEA,TB,28,34,341,4,1,0,0,0.4794520547945205,-3
5,Baker Mayfield,93.4,TB,SEA,29,33,379,2,0,1,0,0.5205479452054794,3
5,Dak Prescott,87.5,DAL,NYJ,18,29,237,4,0,1,0,0.6271186440677966,15
5,Patrick Mahomes,81.2,KC,JAX,29,41,318,1,1,0,0,0.4745762711864407,-3
5,Daniel Jones,80.6,IND,LV,20,29,212,2,0,0,0,0.8695652173913043,34
5,Tua Tagovailoa,78.4,MIA,CAR,27,36,256,3,0,3,0,0.47058823529411764,-3
5,Drake Maye,76.1,NE,BUF,22,30,273,0,0,4,0,0.5348837209302325,3
5,Jayden Daniels,74.9,WAS,LAC,15,26,231,1,0,1,0,0.7297297297297297,17
5,Mac Jones,67.4,SF,LA,33,49,342,2,0,1,0,0.5306122448979592,3
5,Bo Nix,64.9,DEN,PHI,24,39,242,1,0,2,0,0.5526315789473685,4
5,Jared Goff,63.5,DET,CIN,19,23,258,3,0,4,1,0.6065573770491803,13
5,Spencer Rattler,60.1,NO,NYG,21,31,225,1,0,0,0,0.65,12
5,Matthew Stafford,55.8,LA,SF,30,47,389,3,0,1,0,0.46938775510204084,-3
5,Jalen Hurts,55.4,PHI,DEN,23,38,280,2,0,6,0,0.4473684210526316,-4
5,Jaxson Dart,55.2,NYG,NO,26,40,202,2,2,1,1,0.35,-12
5,Carson Wentz,55.2,MIN,CLE,25,34,236,1,0,3,0,0.5526315789473685,4
5,Josh Allen,54.2,BUF,NE,22,31,253,2,1,1,0,0.46511627906976744,-3
5,Justin Herbert,51.7,LAC,WAS,22,29,166,1,1,4,0,0.2702702702702703,-17
5,Kyler Murray,48.3,ARI,TEN,23,31,220,0,0,3,0,0.4883720930232558,-1
5,Trevor Lawrence,45.8,JAX,KC,18,25,221,1,1,3,0,0.5254237288135594,3
5,Bryce Young,40.9,CAR,MIA,19,30,198,2,1,3,1,0.5294117647058824,3
5,Dillon Gabriel,38.4,CLE,MIN,19,33,190,2,0,2,0,0.4473684210526316,-4
5,Cooper Rush,35.5,BAL,HOU,14,20,179,0,3,1,0,0.18518518518518517,-34
5,Cam Ward,28.7,TEN,ARI,21,39,265,0,1,2,0,0.5116279069767442,1
5,Justin Fields,23.7,NYJ,DAL,32,46,283,2,0,5,0,0.3728813559322034,-15
5,Jake Browning,16.8,CIN,DET,26,40,251,3,3,2,1,0.39344262295081966,-13
5,Geno Smith,15.2,LV,IND,25,36,228,0,2,4,0,0.13043478260869565,-34
6,Drake Maye,95.4,NE,NO,18,26,261,3,0,1,0,0.5681818181818182,6
6,Dak Prescott,91.7,DAL,CAR,25,34,261,3,0,0,0,0.47368421052631576,-3
6,Jaxson Dart,91.7,NYG,PHI,17,25,195,1,0,2,0,0.6666666666666666,17
6,Baker Mayfield,82.2,TB,SF,17,23,256,2,0,1,0,0.6122448979591837,11
6,Jared Goff,80.5,DET,KC,23,29,203,2,0,1,0,0.3617021276595745,-13
6,Patrick Mahomes,78.3,KC,DET,22,30,257,3,0,3,1,0.6382978723404256,13
6,Spencer Rattler,76.8,NO,NE,20,26,227,0,0,2,0,0.4318181818181818,-6
6,Jordan Love,76.5,GB,CIN,19,26,259,1,1,1,0,0.6,9
6,Sam Darnold,76.3,SEA,JAX,16,27,295,2,0,1,0,0.625,8
6,Aaron Rodgers,72.4,PIT,CLE,21,30,235,2,0,0,0,0.71875,14
6,Justin Herbert,68.8,LAC,MIA,29,38,264,2,0,1,0,0.5178571428571429,2
6,Joe Flacco,65.1,CIN,GB,29,45,219,2,0,1,0,0.4,-9
6,Jayden Daniels,64.8,WAS,CHI,19,26,211,3,1,3,1,0.4897959183673469,-1
6,Jacoby Brissett,61.3,ARI,IND,27,44,320,2,1,2,0,0.46551724137931033,-4
6,Matthew Stafford,60.6,LA,BAL,17,26,181,1,0,2,1,0.85,14
6,Daniel Jones,60.4,IND,ARI,22,30,212,2,1,1,0,0.5344827586206896,4
6,Tyler Huntley,55,BAL,LA,10,15,68,0,0,4,0,0.15,-14
6,Tua Tagovailoa,54.8,MIA,LAC,21,32,205,1,3,2,0,0.48214285714285715,-2
6,Trevor Lawrence,53.8,JAX,SEA,27,42,258,2,0,7,0,0.375,-8
6,Bryce Young,52,CAR,DAL,17,25,199,3,1,1,0,0.5263157894736842,3
6,Michael Penix Jr.,43.2,ATL,BUF,20,32,250,1,0,2,0,0.631578947368421,10
6,Bo Nix,34,DEN,NYJ,19,30,174,1,0,1,0,0.5416666666666666,2
6,Geno Smith,30.7,LV,TEN,17,23,174,1,1,2,0,0.6666666666666666,10
6,Dillon Gabriel,30.4,CLE,PIT,29,52,221,0,0,6,0,0.28125,-14
6,Caleb Williams,28.1,CHI,WAS,17,29,252,1,0,3,0,0.5102040816326531,1
6,Jalen Hurts,27.8,PHI,NYG,24,33,283,1,1,3,0,0.3333333333333333,-17
6,Mac Jones,19.5,SF,TB,27,39,347,0,2,6,1,0.3877551020408163,-11
6,Cooper Rush,19.4,BAL,LA,11,19,72,0,1,0,0,0.15,-14
6,Josh Allen,16.3,BUF,ATL,15,26,180,2,2,4,0,0.3684210526315789,-10
6,Cam Ward,12.4,TEN,LV,26,38,222,1,1,6,2,0.3333333333333333,-10
6,Justin Fields,7.3,NYJ,DEN,9,17,45,0,0,9,0,0.4583333333333333,-2
7,Jalen Hurts,96.2,PHI,MIN,19,23,326,3,0,3,0,0.56,6
7,Drake Maye,96,NE,TEN,21,23,222,2,0,4,0,0.7045454545454546,18
7,Daniel Jones,90.5,IND,LAC,23,34,288,2,0,1,0,0.6129032258064516,14
7,Patrick Mahomes,89.5,KC,LV,26,35,286,3,0,1,0,1,31
7,Dak Prescott,85.4,DAL,WAS,21,30,264,3,0,1,0,0.6666666666666666,22
7,Matthew Stafford,81.3,LA,JAX,21,33,182,5,0,0,0,0.8333333333333334,28
7,Bo Nix,81.1,DEN,NYG,27,50,279,2,0,2,0,0.5076923076923077,1
7,Joe Flacco,75.4,CIN,PIT,31,47,342,3,0,2,0,0.515625,2
7,Aaron Rodgers,71,PIT,CIN,23,34,249,4,2,0,0,0.484375,-2
7,Jordan Love,66.5,GB,ARI,19,29,179,1,0,1,0,0.54,4
7,Jaxson Dart,64.9,NYG,DEN,15,33,283,3,1,4,0,0.49230769230769234,-1
7,Mac Jones,60.4,SF,ATL,17,26,152,0,1,1,0,0.6666666666666666,10
7,Bryce Young,60.1,CAR,NYJ,15,25,138,1,0,1,0,0.6842105263157895,7
7,Justin Herbert,52.9,LAC,IND,37,55,420,3,2,3,0,0.3870967741935484,-14
7,Carson Wentz,50.8,MIN,PHI,26,42,313,0,2,2,0,0.44,-6
7,Sam Darnold,44.8,SEA,HOU,17,31,213,1,1,2,1,0.5869565217391305,8
7,Jayden Daniels,42.4,WAS,DAL,12,22,156,1,0,2,1,0.3333333333333333,-22
7,Michael Penix Jr.,30.4,ATL,SF,21,38,241,1,0,2,1,0.3333333333333333,-10
7,C.J. Stroud,28.5,HOU,SEA,23,49,229,1,1,3,0,0.41304347826086957,-8
7,Jared Goff,27.1,DET,TB,20,29,241,1,1,4,1,0.7272727272727273,15
7,Caleb Williams,26.6,CHI,NO,15,26,172,0,1,1,0,0.65,12
7,Dillon Gabriel,26,CLE,MIA,13,18,116,0,0,2,0,0.8378378378378378,25
7,Jacoby Brissett,24.1,ARI,GB,25,36,279,2,0,6,1,0.46,-4
7,Spencer Rattler,23.2,NO,CHI,20,32,233,2,3,4,1,0.35,-12
7,Cam Ward,22.4,TEN,NE,25,34,255,1,1,5,1,0.29545454545454547,-18
7,Baker Mayfield,18.3,TB,DET,28,50,228,1,1,4,1,0.2727272727272727,-15
7,Tyrod Taylor,11.4,NYJ,CAR,10,22,126,0,2,3,0,0.3157894736842105,-7
7,Justin Fields,10.1,NYJ,CAR,6,12,46,0,0,3,0,0.3157894736842105,-7
7,Trevor Lawrence,9.3,JAX,LA,23,48,296,1,0,7,0,0.16666666666666666,-28
7,Geno Smith,6.1,LV,KC,10,16,67,0,0,1,0,0,-31
7,Tua Tagovailoa,4.2,MIA,CLE,12,23,100,0,3,2,0,0.16216216216216217,-25
8,Justin Herbert,97.7,LAC,MIN,18,25,227,3,1,2,0,0.7872340425531915,27
8,Jordan Love,90.9,GB,PIT,29,37,360,3,0,0,0,0.5833333333333334,10
8,C.J. Stroud,90.3,HOU,SF,30,39,318,2,1,0,0,0.6341463414634146,11
8,Tyler Huntley,88.3,BAL,CHI,17,22,186,1,0,2,0,0.6521739130434783,14
8,Bo Nix,81.7,DEN,DAL,19,29,247,4,1,0,0,0.6470588235294118,20
8,Mac Jones,78,SF,HOU,19,32,193,2,1,2,0,0.36585365853658536,-11
8,Drake Maye,72.4,NE,CLE,18,24,282,3,1,6,1,0.7111111111111111,19
8,Caleb Williams,67,CHI,BAL,25,38,285,0,1,1,0,0.34782608695652173,-14
8,Jalen Hurts,66.2,PHI,NYG,15,20,179,4,0,4,0,0.6551724137931034,18
8,Daniel Jones,65.6,IND,TEN,21,29,272,3,0,3,0,0.7307692307692307,24
8,Justin Fields,63.8,NYJ,CIN,21,32,244,1,0,0,0,0.5064935064935064,1
8,Tua Tagovailoa,63.6,MIA,ATL,20,26,205,4,0,1,0,0.7727272727272727,24
8,Dak Prescott,63.1,DAL,DEN,19,31,188,0,2,2,0,0.35294117647058826,-20
8,Jaxson Dart,59.4,NYG,PHI,14,24,193,1,0,5,0,0.3448275862068966,-18
8,Patrick Mahomes,56.4,KC,WAS,25,34,299,3,2,3,0,0.8,21
8,Marcus Mariota,55.2,WAS,KC,21,30,213,1,2,2,0,0.2,-21
8,Baker Mayfield,47.2,TB,NO,15,24,152,0,0,3,1,0.8846153846153846,20
8,Joe Flacco,44.4,CIN,NYJ,21,34,223,2,0,1,0,0.4935064935064935,-1
8,Josh Allen,41.8,BUF,CAR,12,19,163,1,0,2,0,0.8163265306122449,31
8,Kirk Cousins,37.5,ATL,MIA,21,31,173,0,0,1,0,0.22727272727272727,-24
8,Cam Ward,33.4,TEN,IND,22,38,259,1,1,4,0,0.2692307692307692,-24
8,Carson Wentz,31.4,MIN,LAC,15,27,144,1,1,5,1,0.2127659574468085,-27
8,Aaron Rodgers,30.8,PIT,GB,24,36,219,2,0,3,0,0.4166666666666667,-10
8,Dillon Gabriel,20.1,CLE,NE,21,35,156,2,2,1,0,0.28888888888888886,-19
8,Spencer Rattler,10.9,NO,TB,15,21,136,0,1,3,0,0.11538461538461539,-20
8,Tyler Shough,5.8,NO,TB,17,30,128,0,1,2,0,0.11538461538461539,-20
8,Andy Dalton,5.3,CAR,BUF,16,24,175,0,1,7,1,0.1836734693877551,-31
9,Sam Darnold,97.4,SEA,WAS,21,24,330,4,1,0,0,0.7307692307692307,24
9,Lamar Jackson,93.1,BAL,MIA,18,23,204,4,0,2,0,0.8235294117647058,22
9,Michael Penix Jr.,92,ATL,NE,22,37,221,3,0,1,1,0.48936170212765956,-1
9,Josh Allen,81.9,BUF,KC,23,26,273,1,0,3,0,0.5714285714285714,7
9,Matthew Stafford,77.9,LA,NO,24,32,281,4,0,2,0,0.7727272727272727,24
9,Mac Jones,76.4,SF,NYG,19,24,235,2,0,2,1,0.5862068965517241,10
9,Joe Flacco,73.6,CIN,CHI,31,47,470,4,2,3,1,0.47191011235955055,-5
9,Geno Smith,69.6,LV,JAX,29,39,284,4,1,2,0,0.4915254237288136,-1
9,Caleb Williams,65.2,CHI,CIN,20,34,280,3,0,2,0,0.5280898876404494,5
9,Tyler Shough,63.9,NO,LA,15,24,176,1,1,1,0,0.22727272727272727,-24
9,Jordan Love,63.8,GB,CAR,26,37,273,0,1,1,0,0.4482758620689655,-3
9,Trevor Lawrence,60.7,JAX,LV,23,34,220,0,1,1,0,0.5084745762711864,1
9,Jayden Daniels,59.2,WAS,SEA,16,22,153,0,1,4,0,0.2692307692307692,-24
9,Bo Nix,59.1,DEN,HOU,18,37,173,2,1,1,0,0.5454545454545454,3
9,Jaxson Dart,57.5,NYG,SF,24,33,191,2,0,2,0,0.41379310344827586,-10
9,Justin Herbert,56.7,LAC,TEN,19,29,250,2,1,6,0,0.574468085106383,7
9,Patrick Mahomes,55,KC,BUF,15,34,250,0,1,3,0,0.42857142857142855,-7
9,Jared Goff,54.5,DET,MIN,25,37,284,2,0,5,0,0.47058823529411764,-3
9,Aaron Rodgers,53.5,PIT,IND,25,35,203,1,0,3,0,0.574468085106383,7
9,Jacoby Brissett,51.4,ARI,DAL,21,31,261,2,0,5,0,0.6136363636363636,10
9,Davis Mills,50.1,HOU,DEN,17,30,137,0,0,2,0,0.45454545454545453,-3
9,Drake Maye,47.9,NE,ATL,19,29,259,2,1,6,2,0.5106382978723404,1
9,J.J. McCarthy,46.3,MIN,DET,14,25,143,2,1,5,0,0.5294117647058824,3
9,Bryce Young,38.3,CAR,GB,11,20,102,0,1,1,1,0.5517241379310345,3
9,Dak Prescott,29.3,DAL,ARI,24,39,250,1,1,5,0,0.38636363636363635,-10
9,Tua Tagovailoa,24.1,MIA,BAL,25,40,261,0,1,2,0,0.17647058823529413,-22
9,Cam Ward,14.1,TEN,LAC,12,21,145,0,0,4,1,0.425531914893617,-7
9,Daniel Jones,12.9,IND,PIT,31,50,342,1,3,5,2,0.425531914893617,-7
10,Jared Goff,94,DET,WAS,25,33,320,3,0,0,0,0.6666666666666666,22
10,Matthew Stafford,87.8,LA,SF,24,36,280,4,0,1,0,0.6176470588235294,16
10,Mac Jones,85.4,SF,LA,33,39,319,3,1,0,0,0.38235294117647056,-16
10,Marcus Mariota,78.1,WAS,DET,16,22,213,2,0,2,0,0.3333333333333333,-22
10,Jaxson Dart,73.6,NYG,CHI,19,29,242,0,0,2,0,0.45454545454545453,-4
10,Caleb Williams,73.5,CHI,NYG,20,36,220,1,0,0,0,0.5454545454545454,4
10,Tua Tagovailoa,67,MIA,BUF,15,21,173,2,2,0,0,0.6976744186046512,17
10,Baker Mayfield,65.5,TB,NE,28,43,273,3,0,2,0,0.45098039215686275,-5
10,Davis Mills,65.5,HOU,JAX,27,45,292,2,1,2,0,0.5538461538461539,7
10,Tyler Shough,62.8,NO,CAR,19,27,282,2,0,2,0,0.7083333333333334,10
10,Lamar Jackson,53.3,BAL,MIN,17,29,176,1,0,1,0,0.5869565217391305,8
10,Dillon Gabriel,49.3,CLE,NYJ,17,32,167,2,0,6,0,0.425531914893617,-7
10,Drake Maye,48.5,NE,TB,16,31,270,2,1,1,0,0.5490196078431373,5
10,Jordan Love,42.5,GB,PHI,20,36,176,0,0,3,1,0.4117647058823529,-3
10,Jalen Hurts,33.6,PHI,GB,15,26,183,1,0,0,0,0.5882352941176471,3
10,Trevor Lawrence,31,JAX,HOU,13,23,158,1,1,5,2,0.4461538461538462,-7
10,Jacoby Brissett,30.7,ARI,SEA,22,44,258,2,0,5,2,0.3333333333333333,-22
10,Justin Herbert,30.5,LAC,PIT,20,33,220,1,0,5,0,0.7142857142857143,15
10,Josh Allen,30,BUF,MIA,28,40,306,2,1,3,0,0.3023255813953488,-17
10,Daniel Jones,28.4,IND,ATL,19,26,255,1,1,7,3,0.5535714285714286,6
10,Bo Nix,25.5,DEN,LV,16,28,150,1,2,1,0,0.5882352941176471,3
10,Michael Penix Jr.,23.5,ATL,IND,12,28,177,1,0,3,1,0.44642857142857145,-6
10,Justin Fields,18.2,NYJ,CLE,6,11,54,1,1,3,0,0.574468085106383,7
10,J.J. McCarthy,16.9,MIN,BAL,20,42,248,1,2,1,0,0.41304347826086957,-8
10,Bryce Young,16.6,CAR,NO,17,25,124,0,1,2,0,0.2916666666666667,-10
10,Geno Smith,11,LV,DEN,16,26,143,0,1,6,0,0.4117647058823529,-3
10,Aaron Rodgers,4.2,PIT,LAC,16,31,161,1,2,3,1,0.2857142857142857,-15
11,Michael Penix Jr.,89.8,ATL,CAR,13,16,175,0,0,0,0,0.47368421052631576,-3
11,Dak Prescott,87,DAL,LV,25,33,268,4,0,1,1,0.673469387755102,17
11,Drake Maye,83.7,NE,NYJ,25,34,281,1,0,1,0,0.6585365853658537,13
11,Jordan Love,77.9,GB,NYG,13,24,174,2,0,2,0,0.574468085106383,7
11,Baker Mayfield,75.4,TB,BUF,16,28,173,1,1,1,1,0.42105263157894735,-12
11,Bryce Young,74.8,CAR,ATL,31,45,448,3,0,5,0,0.5263157894736842,3
11,Brock Purdy,71.2,SF,ARI,19,26,200,3,0,1,0,0.6507936507936508,19
11,Josh Allen,67,BUF,TB,19,30,317,3,2,0,0,0.5789473684210527,12
11,Cam Ward,63.6,TEN,HOU,24,37,194,1,0,3,1,0.4482758620689655,-3
11,Justin Fields,61.9,NYJ,NE,15,26,116,1,0,2,0,0.34146341463414637,-13
11,Trevor Lawrence,60.8,JAX,LAC,14,22,153,1,1,0,0,0.8536585365853658,29
11,Patrick Mahomes,53.4,KC,DEN,29,45,276,1,1,3,0,0.4634146341463415,-3
11,Jameis Winston,51.7,NYG,GB,19,29,201,0,1,2,1,0.425531914893617,-7
11,Marcus Mariota,48.6,WAS,MIA,20,30,213,1,1,1,0,0.4482758620689655,-3
11,Matthew Stafford,47.6,LA,SEA,15,28,130,2,0,0,0,0.525,2
11,Bo Nix,40.3,DEN,KC,24,37,295,0,0,2,0,0.5365853658536586,3
11,Davis Mills,36.4,HOU,TEN,26,41,274,1,0,4,0,0.5517241379310345,3
11,Caleb Williams,30.2,CHI,MIN,16,32,193,0,0,2,0,0.5277777777777778,2
11,Lamar Jackson,30.1,BAL,CLE,14,25,193,0,2,5,0,0.5897435897435898,7
11,Tua Tagovailoa,27.8,MIA,WAS,14,20,171,0,0,3,0,0.5517241379310345,3
11,Jalen Hurts,27.1,PHI,DET,14,28,135,0,0,1,0,0.64,7
11,Joe Flacco,26,CIN,PIT,23,40,199,1,1,1,0,0.2608695652173913,-22
11,Jacoby Brissett,25.9,ARI,SF,47,57,452,2,2,0,0,0.3492063492063492,-19
11,Sam Darnold,24.8,SEA,LA,29,44,279,0,4,0,0,0.475,-2
11,Justin Herbert,22,LAC,JAX,10,18,81,0,1,2,0,0.14634146341463414,-29
11,J.J. McCarthy,19.9,MIN,CHI,16,32,150,1,2,0,0,0.4722222222222222,-2
11,Geno Smith,17.2,LV,DAL,27,42,238,1,1,4,0,0.32653061224489793,-17
11,Jared Goff,9.5,DET,PHI,14,37,255,1,1,2,0,0.36,-7
11,Shedeur Sanders,1.8,CLE,BAL,4,16,47,0,1,2,1,0.41025641025641024,-7
12,Jordan Love,82.5,GB,MIN,14,21,139,0,0,1,0,0.7931034482758621,17
12,Jameis Winston,81.5,NYG,DET,18,36,366,2,1,1,0,0.4426229508196721,-7
12,Matthew Stafford,77.6,LA,TB,25,35,273,3,0,1,0,0.8292682926829268,27
12,Cam Ward,77.4,TEN,SEA,28,42,256,1,0,4,0,0.4444444444444444,-6
12,Caleb Williams,67.5,CHI,PIT,19,35,239,3,0,1,1,0.5254237288135594,3
12,Tyrod Taylor,66.1,NYJ,BAL,17,28,222,1,1,3,0,0.30303030303030304,-13
12,Drake Maye,63.6,NE,CIN,22,35,294,1,1,1,0,0.5652173913043478,6
12,Patrick Mahomes,62.6,KC,IND,29,46,352,0,1,4,0,0.5348837209302325,3
12,Dak Prescott,60.6,DAL,PHI,23,36,354,2,1,1,0,0.5333333333333333,3
12,Daniel Jones,58.5,IND,KC,19,31,181,2,0,0,0,0.46511627906976744,-3
12,Mason Rudolph,54.5,PIT,CHI,24,31,171,1,1,2,1,0.4745762711864407,-3
12,Jalen Hurts,50.5,PHI,DAL,27,39,289,1,0,1,0,0.4666666666666667,-3
12,Brock Purdy,49.5,SF,CAR,23,32,193,1,3,0,0,0.6896551724137931,11
12,Kirk Cousins,45,ATL,NO,16,23,199,2,1,3,1,0.7058823529411765,14
12,Sam Darnold,40.6,SEA,TEN,16,26,244,2,0,1,0,0.5555555555555556,6
12,Jacoby Brissett,39.6,ARI,JAX,33,49,317,1,0,6,0,0.47058823529411764,-3
12,Lamar Jackson,34.7,BAL,NYJ,13,23,153,0,0,1,0,0.696969696969697,13
12,Baker Mayfield,32.8,TB,LA,9,19,41,1,2,2,0,0.17073170731707318,-27
12,Trevor Lawrence,32.4,JAX,ARI,18,30,256,3,3,3,1,0.5294117647058824,3
12,Tyler Shough,32.1,NO,ATL,30,43,243,0,1,5,0,0.29411764705882354,-14
12,Josh Allen,28.8,BUF,HOU,24,34,253,0,2,8,0,0.4523809523809524,-4
12,Davis Mills,27.1,HOU,BUF,16,30,153,2,0,0,0,0.5476190476190477,4
12,Joe Flacco,26.3,CIN,NE,19,37,183,1,1,1,0,0.43478260869565216,-6
12,Jared Goff,23.1,DET,NYG,28,42,279,2,1,3,0,0.5573770491803278,7
12,Bryce Young,14.2,CAR,SF,18,29,169,1,2,1,0,0.3103448275862069,-11
12,J.J. McCarthy,13.6,MIN,GB,12,19,87,0,2,5,0,0.20689655172413793,-17
12,Geno Smith,13.1,LV,CLE,30,44,285,1,0,10,2,0.29411764705882354,-14
12,Shedeur Sanders,8.6,CLE,LV,11,20,209,1,1,1,0,0.7058823529411765,14
12,Teddy Bridgewater,6.8,TB,LA,8,15,62,0,0,2,0,0.17073170731707318,-27
13,Jordan Love,95,GB,DET,18,30,234,4,0,0,0,0.5636363636363636,7
13,Dak Prescott,87,DAL,KC,27,39,320,2,1,0,0,0.5254237288135594,3
13,Patrick Mahomes,83.7,KC,DAL,23,34,261,4,0,3,0,0.4745762711864407,-3
13,Jared Goff,82.9,DET,GB,20,26,256,2,0,3,0,0.43636363636363634,-7
13,Bryce Young,81.4,CAR,LA,15,20,206,3,0,2,0,0.5254237288135594,3
13,Tyrod Taylor,80.5,NYJ,ATL,19,33,172,1,0,2,0,0.5294117647058824,3
13,Brock Purdy,78.1,SF,CLE,16,29,168,1,0,1,0,0.7647058823529411,18
13,Josh Allen,70.7,BUF,PIT,15,23,123,1,1,0,0,0.7878787878787878,19
13,Drake Maye,70.6,NE,NYG,24,31,282,2,0,3,0,0.6875,18
13,Daniel Jones,67.6,IND,HOU,14,27,201,2,0,1,0,0.4444444444444444,-4
13,Trevor Lawrence,66.8,JAX,TEN,16,27,229,2,0,3,0,0.8928571428571429,22
13,Justin Herbert,66.6,LAC,LV,15,20,151,2,1,3,0,0.6888888888888889,17
13,C.J. Stroud,63.6,HOU,IND,22,35,276,0,1,2,0,0.5555555555555556,4
13,Bo Nix,62.8,DEN,WAS,29,45,321,1,1,1,1,0.5094339622641509,1
13,Jaxson Dart,59.5,NYG,NE,17,24,139,1,0,2,0,0.3125,-18
13,Jacoby Brissett,59.4,ARI,TB,29,40,301,2,1,2,0,0.4594594594594595,-3
13,Geno Smith,58.9,LV,LAC,18,23,165,2,1,5,1,0.3111111111111111,-17
13,Baker Mayfield,57.8,TB,ARI,18,28,194,1,0,2,1,0.5405405405405406,3
13,Marcus Mariota,55.8,WAS,DEN,28,50,294,2,1,2,1,0.49056603773584906,-1
13,Joe Burrow,53.9,CIN,BAL,24,46,261,2,0,1,0,0.6956521739130435,18
13,Caleb Williams,49.4,CHI,PHI,17,36,154,1,1,2,0,0.6153846153846154,9
13,Kirk Cousins,31.7,ATL,NYJ,21,33,234,1,0,2,0,0.47058823529411764,-3
13,Tyler Shough,29.8,NO,MIA,26,38,239,2,1,4,1,0.4473684210526316,-4
13,Matthew Stafford,25.2,LA,CAR,18,28,243,2,2,2,1,0.4745762711864407,-3
13,Sam Darnold,23.2,SEA,MIN,14,26,128,0,0,4,2,1,26
13,Lamar Jackson,21.3,BAL,CIN,17,32,246,0,1,3,2,0.30434782608695654,-18
13,Cam Ward,19.3,TEN,JAX,24,38,141,0,0,3,1,0.10714285714285714,-22
13,Jalen Hurts,16.3,PHI,CHI,19,34,230,2,1,0,0,0.38461538461538464,-9
13,Shedeur Sanders,16.3,CLE,SF,16,25,149,1,0,3,0,0.23529411764705882,-18
13,Tua Tagovailoa,9.5,MIA,NO,12,23,157,0,1,4,0,0.5526315789473685,4
13,Aaron Rodgers,6.8,PIT,BUF,10,21,117,0,0,1,1,0.21212121212121213,-19
13,Max Brosmer,5.8,MIN,SEA,19,30,126,0,4,4,0,0,-26
14,Josh Allen,96.9,BUF,CIN,22,28,251,3,0,3,0,0.5342465753424658,5
14,Matthew Stafford,86.7,LA,ARI,22,31,281,3,0,0,0,0.7258064516129032,28
14,Joe Burrow,81.6,CIN,BUF,25,36,284,4,2,1,0,0.4657534246575342,-5
14,Trevor Lawrence,80.5,JAX,IND,17,30,244,2,0,0,0,0.6545454545454545,17
14,Bo Nix,77.2,DEN,LV,31,38,212,0,0,3,0,0.5853658536585366,7
14,J.J. McCarthy,76.1,MIN,WAS,16,23,163,3,0,4,0,1,31
14,Jordan Love,75.6,GB,CHI,17,25,234,3,1,1,0,0.5714285714285714,7
14,Tyler Shough,74.1,NO,TB,13,20,144,0,1,3,0,0.5454545454545454,4
14,Lamar Jackson,72.5,BAL,PIT,19,35,219,1,1,2,0,0.4489795918367347,-5
14,Sam Darnold,65.9,SEA,ATL,20,30,249,3,1,2,0,0.8043478260869565,28
14,Aaron Rodgers,59,PIT,BAL,23,34,284,1,0,0,0,0.5510204081632653,5
14,Shedeur Sanders,54.7,CLE,TEN,23,42,364,3,1,2,0,0.48333333333333334,-2
14,Riley Leonard,53,IND,JAX,18,29,145,0,1,1,0,0.34545454545454546,-17
14,Dak Prescott,52.5,DAL,DET,31,47,376,1,2,5,1,0.40540540540540543,-14
14,Geno Smith,51.5,LV,DEN,13,21,116,1,0,3,0,0.4146341463414634,-7
14,Baker Mayfield,48.8,TB,NO,14,30,122,1,1,0,0,0.45454545454545453,-4
14,Jacoby Brissett,47,ARI,LA,25,44,271,2,1,3,0,0.27419354838709675,-28
14,Jared Goff,42.5,DET,DAL,25,34,309,1,0,1,0,0.5945945945945946,14
14,Caleb Williams,35.1,CHI,GB,19,35,186,2,1,1,0,0.42857142857142855,-7
14,C.J. Stroud,34.6,HOU,KC,15,31,203,1,0,3,0,0.6666666666666666,10
14,Justin Herbert,32.5,LAC,PHI,12,26,139,1,1,7,2,0.5365853658536586,3
14,Jalen Hurts,25.1,PHI,LAC,21,40,240,0,4,1,0,0.4634146341463415,-3
14,Patrick Mahomes,20.5,KC,HOU,14,33,160,0,3,2,0,0.3333333333333333,-10
14,Cam Ward,19.3,TEN,CLE,14,28,117,2,1,1,0,0.5166666666666667,2
14,Kirk Cousins,18.3,ATL,SEA,15,30,162,0,2,1,0,0.1956521739130435,-28
14,Tua Tagovailoa,18.2,MIA,NYJ,13,21,127,1,0,1,0,0.7727272727272727,24
14,Jayden Daniels,13.2,WAS,MIN,9,20,78,0,1,1,0,0,-31
14,Brady Cook,5.9,NYJ,MIA,14,30,163,0,2,6,1,0.22727272727272727,-24
15,Jalen Hurts,96.9,PHI,LV,12,15,175,3,0,1,0,1,31
15,Trevor Lawrence,96,JAX,NYJ,20,32,330,5,0,0,0,0.7058823529411765,28
15,Jared Goff,88.2,DET,LA,25,41,338,3,0,1,0,0.4533333333333333,-7
15,Bo Nix,86.8,DEN,GB,23,34,302,4,0,0,0,0.5666666666666667,8
15,Brock Purdy,85.9,SF,TEN,23,30,295,3,0,2,1,0.6065573770491803,13
15,J.J. McCarthy,84.9,MIN,DAL,15,24,250,2,1,0,0,0.5666666666666667,8
15,Josh Allen,82.6,BUF,NE,19,28,193,3,0,2,0,0.5303030303030303,4
15,Bryce Young,77.3,CAR,NO,15,24,163,1,0,1,0,0.4594594594594595,-3
15,Jordan Love,76.4,GB,DEN,24,40,276,1,2,3,0,0.43333333333333335,-8
15,Matthew Stafford,73.9,LA,DET,24,38,368,2,1,2,0,0.5466666666666666,7
15,Caleb Williams,67.8,CHI,CLE,17,28,242,2,0,3,0,0.9117647058823529,28
15,Dak Prescott,65.9,DAL,MIN,23,38,294,0,0,2,0,0.43333333333333335,-8
15,Kirk Cousins,64.5,ATL,TB,30,44,373,3,0,1,1,0.5087719298245614,1
15,Drake Maye,63.4,NE,BUF,14,23,155,0,1,3,0,0.4696969696969697,-4
15,Tyler Shough,59.9,NO,CAR,24,32,272,1,0,5,0,0.5405405405405406,3
15,C.J. Stroud,57,HOU,ARI,22,29,260,3,0,1,0,0.6666666666666666,20
15,Aaron Rodgers,56.2,PIT,MIA,23,27,224,2,0,3,0,0.6511627906976745,13
15,Patrick Mahomes,56.1,KC,LAC,16,28,189,0,1,5,0,0.4482758620689655,-3
15,Justin Herbert,53.8,LAC,KC,19,29,210,1,1,4,0,0.5517241379310345,3
15,Jacoby Brissett,53.4,ARI,HOU,27,40,249,3,1,2,0,0.3333333333333333,-20
15,Philip Rivers,52.2,IND,SEA,18,27,120,1,1,1,0,0.47058823529411764,-2
15,Baker Mayfield,51.7,TB,ATL,19,34,277,2,1,5,0,0.49122807017543857,-1
15,Brady Cook,47.7,NYJ,JAX,22,33,176,1,3,3,0,0.29411764705882354,-28
15,Sam Darnold,39.8,SEA,IND,22,36,271,0,0,1,0,0.5294117647058824,2
15,Cam Ward,37.4,TEN,SF,18,29,170,2,0,0,0,0.39344262295081966,-13
15,Jaxson Dart,35.3,NYG,WAS,20,36,246,2,1,1,0,0.42,-8
15,Marcus Mariota,34.2,WAS,NYG,10,19,211,1,0,2,2,0.58,8
15,Joe Burrow,17.3,CIN,BAL,25,39,225,0,2,3,0,0,-24
15,Tua Tagovailoa,12.2,MIA,PIT,22,28,253,2,1,4,0,0.3488372093023256,-13
15,Shedeur Sanders,6.5,CLE,CHI,18,35,177,0,3,5,0,0.08823529411764706,-28
15,Kenny Pickett,5.5,LV,PHI,15,25,64,0,1,4,0,0,-31
16,Justin Herbert,93.3,LAC,DAL,23,29,300,2,0,0,0,0.6666666666666666,17
16,Matthew Stafford,89.6,LA,SEA,29,49,457,3,0,0,0,0.49333333333333335,-1
16,Brock Purdy,88.6,SF,IND,25,34,295,5,1,1,1,0.64,21
16,Trevor Lawrence,87.9,JAX,DEN,23,36,279,3,0,5,0,0.6296296296296297,14
16,Joe Burrow,87.1,CIN,MIA,25,32,309,4,0,2,0,0.6818181818181818,24
16,Drake Maye,81.7,NE,BAL,31,44,380,2,1,3,1,0.5384615384615384,4
16,Caleb Williams,80.1,CHI,GB,19,34,250,2,0,0,0,0.5789473684210527,6
16,Kirk Cousins,79.5,ATL,ARI,21,35,197,2,1,1,0,0.5777777777777777,7
16,Malik Willis,78.1,GB,CHI,9,11,121,1,0,2,0,0.42105263157894735,-6
16,Jalen Hurts,77.4,PHI,WAS,22,30,185,2,0,2,1,0.6170212765957447,11
16,Geno Smith,76.9,LV,HOU,16,23,201,2,1,3,0,0.4772727272727273,-2
16,C.J. Stroud,75.1,HOU,LV,23,35,187,1,0,0,0,0.5227272727272727,2
16,Dak Prescott,75,DAL,LAC,21,30,244,2,0,1,0,0.3333333333333333,-17
16,Bryce Young,73,CAR,TB,21,32,191,2,0,2,0,0.5348837209302325,3
16,Baker Mayfield,60.2,TB,CAR,18,26,145,1,1,2,0,0.46511627906976744,-3
16,Aaron Rodgers,56.9,PIT,DET,27,41,266,1,0,2,0,0.5471698113207547,5
16,Philip Rivers,52.2,IND,SF,23,35,277,2,1,2,1,0.36,-21
16,Jared Goff,48.8,DET,PIT,34,54,364,3,0,3,0,0.4528301886792453,-5
16,Josh Allen,46,BUF,CLE,12,19,130,0,0,2,0,0.5348837209302325,3
16,J.J. McCarthy,39.5,MIN,NYG,9,14,108,0,1,3,1,0.5517241379310345,3
16,Sam Darnold,36.2,SEA,LA,22,34,270,2,2,4,0,0.5066666666666667,1
16,Cam Ward,34.6,TEN,KC,21,28,228,2,0,2,0,0.7428571428571429,17
16,Bo Nix,30.8,DEN,JAX,28,47,352,1,1,1,0,0.37037037037037035,-14
16,Jacoby Brissett,30.1,ARI,ATL,16,31,203,1,1,2,0,0.4222222222222222,-7
16,Tyler Shough,30,NO,NYJ,32,49,308,1,0,3,0,0.8285714285714286,23
16,Quinn Ewers,28.8,MIA,CIN,20,30,260,0,2,0,0,0.3181818181818182,-24
16,Shedeur Sanders,27.7,CLE,BUF,20,29,157,1,2,2,0,0.46511627906976744,-3
16,Chris Oladokun,22.5,KC,TEN,11,16,111,0,0,4,1,0.2571428571428571,-17
16,Jaxson Dart,5,NYG,MIN,7,13,33,0,1,5,0,0.4482758620689655,-3
16,Brady Cook,3.3,NYJ,NO,22,35,188,0,1,8,1,0.17142857142857143,-23
17,Drake Maye,99.8,NE,NYJ,19,21,256,5,0,1,0,0.8076923076923077,32
17,Malik Willis,94.2,GB,BAL,18,21,288,1,0,1,0,0.36923076923076925,-17
17,Tyler Huntley,91.2,BAL,GB,16,20,107,1,0,1,0,0.6307692307692307,17
17,Brock Purdy,84.1,SF,CHI,24,33,303,3,1,1,0,0.525,4
17,Jaxson Dart,83.7,NYG,LV,22,30,207,0,0,2,0,0.7727272727272727,24
17,Tyler Shough,81.5,NO,TEN,22,27,333,2,0,2,1,0.5666666666666667,8
17,Bo Nix,79,DEN,KC,26,38,182,1,1,1,0,0.6060606060606061,7
17,Trevor Lawrence,76.9,JAX,IND,23,37,263,0,1,2,0,0.575,6
17,Caleb Williams,71.9,CHI,SF,25,42,330,2,0,0,0,0.475,-4
17,Kirk Cousins,71,ATL,LA,13,20,126,1,0,0,0,0.5294117647058824,3
17,Joe Burrow,68.5,CIN,ARI,24,31,305,2,0,3,0,0.7254901960784313,23
17,Baker Mayfield,65.1,TB,MIA,33,44,346,2,2,3,2,0.4594594594594595,-3
17,Dak Prescott,59.4,DAL,WAS,19,37,307,2,0,6,0,0.5660377358490566,7
17,Josh Allen,55.3,BUF,PHI,23,35,262,0,0,5,1,0.48,-1
17,Cam Ward,54.1,TEN,NO,21,40,251,2,0,4,1,0.43333333333333335,-8
17,C.J. Stroud,50.7,HOU,LAC,16,28,244,2,2,0,0,0.5555555555555556,4
17,Justin Herbert,47.6,LAC,HOU,21,32,236,1,1,5,1,0.4444444444444444,-4
17,Chris Oladokun,45.2,KC,DEN,13,22,66,1,0,1,0,0.3939393939393939,-7
17,Matthew Stafford,41,LA,ATL,22,38,269,2,3,3,0,0.47058823529411764,-3
17,Jalen Hurts,39.5,PHI,BUF,13,27,110,1,0,1,0,0.52,1
17,Shedeur Sanders,36.2,CLE,PIT,17,23,186,1,2,2,0,0.6842105263157895,7
17,Quinn Ewers,34.7,MIA,TB,14,22,172,2,0,2,0,0.5405405405405406,3
17,Jared Goff,28.5,DET,MIN,18,29,197,1,2,5,1,0.30303030303030304,-13
17,Jacoby Brissett,28,ARI,CIN,21,37,212,2,0,4,0,0.27450980392156865,-23
17,Geno Smith,27.5,LV,NYG,20,28,176,1,2,3,0,0.22727272727272727,-24
17,Sam Darnold,24.3,SEA,CAR,18,27,147,1,1,3,1,0.7297297297297297,17
17,Josh Johnson,21.3,WAS,DAL,15,23,198,0,0,1,0,0.4339622641509434,-7
17,Bryce Young,19.7,CAR,SEA,14,24,54,0,1,2,0,0.2702702702702703,-17
17,Philip Rivers,18.4,IND,JAX,17,30,147,1,1,2,0,0.425,-6
17,Aaron Rodgers,18.3,PIT,CLE,21,39,168,0,0,2,1,0.3157894736842105,-7
17,Brady Cook,13.9,NYJ,NE,19,33,152,0,1,1,0,0.19230769230769232,-32
17,Max Brosmer,8.8,MIN,DET,9,16,51,0,0,7,1,0.696969696969697,13
18,Mitchell Trubisky,90.7,BUF,NYJ,22,29,259,4,0,0,0,0.813953488372093,27
18,Josh Johnson,88.8,WAS,PHI,14,22,131,1,1,0,0,0.5853658536585366,7
18,Drake Maye,87.1,NE,MIA,14,18,191,1,0,0,0,0.7916666666666666,28
18,Matthew Stafford,85.5,LA,ARI,25,40,259,4,0,1,0,0.6491228070175439,17
18,Riley Leonard,83.9,IND,HOU,21,34,270,2,1,1,1,0.4411764705882353,-8
18,Trevor Lawrence,82.3,JAX,TEN,22,30,255,3,0,2,0,0.8541666666666666,34
18,Baker Mayfield,73.5,TB,CAR,16,22,203,1,1,2,1,0.5333333333333333,2
18,J.J. McCarthy,68.5,MIN,GB,14,23,182,0,0,0,0,0.8421052631578947,13
18,Joe Burrow,67.8,CIN,CLE,29,39,236,3,1,2,0,0.47368421052631576,-2
18,Jared Goff,66.4,DET,CHI,27,42,331,1,1,2,0,0.5428571428571428,3
18,Aaron Rodgers,65.6,PIT,BAL,31,47,294,1,0,2,0,0.52,2
18,Tyler Shough,60.8,NO,ATL,23,35,259,1,1,4,0,0.4722222222222222,-2
18,C.J. Stroud,59.2,HOU,IND,14,23,169,1,0,0,0,0.5588235294117647,8
18,Caleb Williams,56.6,CHI,DET,20,33,212,2,1,1,0,0.45714285714285713,-3
18,Lamar Jackson,53.2,BAL,PIT,11,18,238,3,1,3,0,0.48,-2
18,Jaxson Dart,50.3,NYG,DAL,22,32,230,2,0,4,1,0.6666666666666666,17
18,Bryce Young,44.9,CAR,TB,24,35,266,2,1,0,0,0.4666666666666667,-2
18,Bo Nix,44,DEN,LAC,14,23,141,0,0,4,0,0.8636363636363636,16
18,Jacoby Brissett,42.9,ARI,LA,22,31,243,2,1,6,1,0.3508771929824561,-17
18,Sam Darnold,36.3,SEA,SF,20,26,198,0,0,2,0,0.8125,10
18,Quinn Ewers,35.1,MIA,NE,16,23,137,1,1,4,0,0.20833333333333334,-28
18,Kirk Cousins,26.1,ATL,NO,18,32,180,1,1,4,0,0.5277777777777778,2
18,Brady Cook,24.6,NYJ,BUF,11,22,60,1,0,1,0,0.18604651162790697,-27
18,Brock Purdy,23.9,SF,SEA,19,27,127,0,1,3,0,0.1875,-10
18,Tanner McKee,22.2,PHI,WAS,21,40,241,1,1,3,0,0.4146341463414634,-7
18,Trey Lance,19.7,LAC,DEN,20,44,136,0,1,4,1,0.13636363636363635,-16
18,Aidan O'Connell,16.3,LV,KC,10,22,102,0,0,1,0,0.5384615384615384,2
18,Shedeur Sanders,11.8,CLE,CIN,11,22,111,0,0,6,1,0.5263157894736842,2
18,Brandon Allen,9.9,TEN,JAX,17,30,72,0,1,1,0,0.14583333333333334,-34
18,Shane Buechele,5.6,KC,LV,7,14,88,0,0,5,0,0.46153846153846156,-2
18,Chris Oladokun,1.6,KC,LV,11,17,58,0,0,3,1,0.46153846153846156,-2
