week,player,qbr,completions,attempts,passing_yards,passing_tds,passing_interceptions,sacks_suffered,sack_yards_lost,sack_fumbles,sack_fumbles_lost,passing_air_yards,passing_first_downs,passing_epa,passing_cpoe,pacr,carries,rushing_yards,rushing_tds,rushing_fumbles,rushing_fumbles_lost,rushing_first_downs,rushing_epa,rest,roof,surface,pct_total
1,Lamar Jackson,94.9,14,19,209,2,0,2,-15,0,0,173,8,8.798420577786704,8.720899255652176,1.2080924855491328,6,70,1,0,0,5,9.690438299475366,7,outdoors,a_turf,49.382716049382715
1,Jordan Love,92.5,16,22,188,2,0,0,0,0,0,253,8,10.06529425203067,13.074940307573838,0.7430830039525692,3,4,0,0,0,1,-0.09109412686666474,7,outdoors,grass,67.5
1,Jalen Hurts,89,19,23,152,0,0,1,-8,0,0,112,6,1.5907520360172065,21.806308776140213,1.3571428571428572,14,62,2,0,0,7,5.471464365313295,7,outdoors,grass,54.54545454545454
1,Baker Mayfield,88.3,17,32,167,3,0,1,-8,0,0,334,10,5.766234403595268,-10.401313503583271,0.5,5,39,0,0,0,3,4.554537580464967,7,closed,fieldturf,53.48837209302325
1,Justin Herbert,86.7,25,34,318,3,0,3,-14,0,0,342,16,17.567262160454625,5.788767951376298,0.9298245614035088,7,32,0,0,0,1,-0.15164659672882408,7,dome,NA,56.25
1,Patrick Mahomes,86.1,24,39,258,1,0,2,-9,0,0,271,9,3.4485526789862906,-5.99277631232613,0.9520295202952028,6,57,1,0,0,5,7.211467055254616,7,dome,NA,43.75
1,Brock Purdy,85.5,26,35,277,2,2,1,-12,0,0,260,15,13.329884157278125,15.341458162840675,1.0653846153846154,5,17,0,0,0,0,1.0408143481181469,7,outdoors,fieldturf,56.666666666666664
1,Daniel Jones,85.1,22,29,272,1,0,1,-10,0,0,196,14,12.997713351082982,5.388343025898111,1.3877551020408163,7,26,2,0,0,4,3.786133624831856,7,closed,fieldturf,80.48780487804879
1,Michael Penix Jr.,83.1,27,42,298,1,0,1,-9,0,0,288,16,9.624095207309598,-5.938342639378139,1.0347222222222223,6,21,1,1,0,4,5.938414361939067,7,closed,fieldturf,46.51162790697674
1,Josh Allen,76.9,33,46,394,2,0,1,-5,0,0,400,19,14.233714385272462,8.594318959448072,0.985,14,30,2,0,0,4,2.0186324775008804,7,outdoors,a_turf,50.617283950617285
1,Justin Fields,76.7,16,22,218,1,0,1,-6,0,0,169,9,10.05393822364579,10.396403358096167,1.2899408284023668,12,48,2,0,0,5,3.605799711584015,7,outdoors,fieldturf,48.48484848484848
1,Caleb Williams,71.2,21,35,210,1,0,2,-12,0,0,263,10,-6.988247807139811,-6.66688496575636,0.7984790874524715,6,58,1,0,0,4,6.634274187104893,7,outdoors,grass,47.05882352941176
1,Matthew Stafford,71.1,21,29,245,1,0,3,-21,0,0,226,13,6.090108856966253,5.381516899381365,1.084070796460177,4,-2,0,1,0,1,-6.176066547748633,7,dome,matrixturf,60.86956521739131
1,Geno Smith,71.1,24,34,362,1,1,4,-29,0,0,350,17,14.945327814546475,9.620190027988318,1.0342857142857145,2,10,0,0,0,1,0.11908065629540944,7,outdoors,fieldturf,60.60606060606061
1,Trevor Lawrence,69.2,19,31,178,1,1,0,0,0,0,223,9,1.3131129483738126,-4.054062428145573,0.7982062780269058,4,12,0,0,0,2,0.5615603704936802,7,outdoors,grass,72.22222222222221
1,Joe Burrow,62.8,14,23,113,1,0,3,-18,0,0,169,7,-0.3315927372285721,-1.9334077835083008,0.6686390532544378,2,3,0,0,0,0,-1.6446855349640828,7,outdoors,grass,51.51515151515152
1,Dak Prescott,61.4,21,34,188,0,0,0,0,0,0,329,9,1.6543752712656965,0.17288182720993506,0.5714285714285714,1,3,0,0,0,0,-0.270603415730875,7,outdoors,grass,45.45454545454545
1,Aaron Rodgers,55.8,22,30,244,4,0,4,-26,0,0,139,14,10.20475524963341,6.350380901632638,1.7553956834532374,1,-1,0,0,0,0,-1.8739020673092457,7,outdoors,fieldturf,51.51515151515152
1,Sam Darnold,52.6,16,23,150,0,0,1,-4,1,1,197,7,-6.831034911036733,7.339647954160517,0.7614213197969543,2,14,0,0,0,1,1.0163279618823369,7,outdoors,fieldturf,43.333333333333336
1,Jayden Daniels,50.5,19,30,233,1,0,3,-21,0,0,279,11,1.364757596165873,-1.2890843481853091,0.8351254480286738,11,68,0,0,0,3,3.198023238044698,7,outdoors,grass,77.77777777777779
1,Kyler Murray,49.4,21,29,163,2,0,5,-33,0,0,166,11,1.5247993258601382,-1.733811045515126,0.9819277108433736,7,38,0,0,0,4,2.7410602860618383,7,dome,sportturf,60.60606060606061
1,Jared Goff,48.2,31,39,225,1,1,4,-25,0,0,163,13,1.3743778578947283,11.339418903777474,1.3803680981595092,1,-1,0,0,0,0,0,7,outdoors,grass,32.5
1,J.J. McCarthy,47.1,13,20,143,2,1,3,-9,0,0,117,5,-9.816290898994502,-3.2609406113624573,1.2222222222222223,2,25,1,0,0,2,3.378993604099378,7,outdoors,grass,52.94117647058824
1,Spencer Rattler,45,27,46,214,0,0,1,-6,0,0,336,12,-3.9408611252955135,-4.9585028392512625,0.6369047619047619,4,29,0,0,0,1,1.8226003315648995,7,dome,sportturf,39.39393939393939
1,Drake Maye,42,30,46,287,1,1,4,-11,1,0,353,15,-0.32563244291394744,2.388444874021742,0.8130311614730878,4,11,0,0,0,0,-1.0414035002468154,7,outdoors,fieldturf,39.39393939393939
1,C.J. Stroud,40.2,19,27,188,0,1,3,-37,0,0,172,7,-4.065033344958763,-0.9746561447779336,1.0930232558139534,5,32,0,0,0,3,5.637464377312669,7,dome,matrixturf,39.130434782608695
1,Joe Flacco,30.6,31,45,290,1,2,2,-12,0,0,273,13,-1.8421275162300697,2.374263036818731,1.0622710622710625,2,6,0,0,0,1,0.13438333320664242,7,outdoors,grass,48.48484848484848
1,Bryce Young,22.8,18,35,154,1,2,1,-12,0,0,269,8,-15.40268957134174,-12.371582757024203,0.5724907063197026,5,40,0,1,1,2,1.8774604791542515,7,outdoors,grass,27.77777777777778
1,Russell Wilson,20.5,17,37,168,0,0,2,-11,0,0,226,9,-11.39383654077999,-13.457901123911142,0.7433628318584071,8,44,0,1,0,3,2.043119960755575,7,outdoors,grass,22.22222222222222
1,Bo Nix,15.6,25,40,176,1,2,1,-10,1,1,213,9,-7.6557667409744274,-1.6720025120554745,0.8262910798122066,8,18,0,0,0,2,-5.084191289963201,7,outdoors,grass,62.5
1,Cam Ward,10.3,12,28,112,0,0,6,-50,1,1,294,5,-13.389458418787804,-12.597031831741331,0.380952380952381,0,0,0,0,0,0,0,7,outdoors,grass,37.5
1,Tua Tagovailoa,2.4,14,23,114,1,2,3,-13,1,1,166,6,-14.372576010195072,-7.551020383834839,0.6867469879518072,1,7,0,0,0,0,0.4362863842397928,7,closed,fieldturf,19.51219512195122
2,Jared Goff,93.3,23,28,334,5,0,0,0,0,0,274,15,24.103420304085983,14.942416335855212,1.218978102189781,1,6,0,0,0,0,-0.523322684262447,7,dome,fieldturf,71.23287671232876
2,Patrick Mahomes,82.9,16,29,187,1,1,2,-14,0,0,309,7,-7.1535654113225045,-5.841067638890497,0.6051779935275081,7,66,1,0,0,5,6.408956878702156,9,outdoors,grass,45.94594594594595
2,Josh Allen,81,14,25,148,0,0,1,-1,0,0,121,8,-2.247475089648096,-9.384852129480112,1.2231404958677683,6,59,0,0,0,3,8.390083874110132,7,outdoors,fieldturf,75
2,Daniel Jones,80.9,23,34,316,1,0,1,-10,0,0,329,16,10.95338626059685,4.9739260565150865,0.96048632218845,6,2,1,0,0,2,-0.4525661934458185,7,closed,fieldturf,50.877192982456144
2,Lamar Jackson,79.3,19,29,225,4,0,3,-28,0,0,273,10,9.342703126255495,6.713613335575376,0.8241758241758241,2,13,0,0,0,0,0.840790797083173,7,outdoors,grass,70.6896551724138
2,Drake Maye,78.3,19,23,230,2,0,3,-19,0,0,134,9,14.99050014814068,13.996700229852095,1.7164179104477613,10,31,1,0,0,5,2.003204495529644,7,outdoors,grass,55.00000000000001
2,Justin Herbert,76.4,19,27,242,2,0,2,-6,0,0,244,8,10.168125412291896,0.33174598658526383,0.9918032786885246,9,31,0,2,1,4,-10.236853080510627,10,dome,grass,68.96551724137932
2,Russell Wilson,74,30,41,450,3,1,3,-28,1,0,522,15,17.073441614049575,13.41648392379284,0.8620689655172413,3,23,0,0,0,1,0.3662356305285357,7,closed,matrixturf,48.05194805194805
2,Baker Mayfield,72.5,25,38,215,2,0,4,-24,1,0,304,12,-0.643385174034916,1.9042374359236824,0.7072368421052632,3,33,0,0,0,3,5.293133454280905,8,closed,astroturf,51.28205128205128
2,Dak Prescott,70.3,38,52,361,2,1,3,-18,0,0,350,18,10.098487662582055,2.1017412153574138,1.0314285714285714,3,17,0,1,0,2,-1.3366780492720842,10,closed,matrixturf,51.94805194805194
2,Bo Nix,69.8,22,30,206,3,1,0,0,0,0,147,11,8.345343489918493,0.991099774837494,1.401360544217687,3,20,0,0,0,1,1.11090860737022,7,closed,fieldturf,49.122807017543856
2,Jake Browning,69.7,21,32,241,2,3,1,-7,0,0,282,11,-2.0213017329473897,3.616569022978506,0.8546099290780141,1,1,1,0,0,1,2.540374135132879,7,outdoors,fieldturf,53.44827586206896
2,Mac Jones,68,26,39,279,3,0,3,-12,1,1,254,15,2.688142357473266,-3.62963025507174,1.0984251968503935,6,6,0,1,0,2,-2.9806633263942786,7,dome,sportturf,55.319148936170215
2,Kyler Murray,66,17,25,220,1,1,1,-9,0,0,160,10,6.139767758614543,0.763731837272644,1.375,7,32,0,0,0,1,-1.663436288596131,7,closed,grass,55.10204081632652
2,Matthew Stafford,63.6,23,33,298,2,1,1,-8,0,0,262,12,9.779970589626965,10.765356570482254,1.1374045801526718,2,-6,0,0,0,0,-3.352748881239677,7,outdoors,grass,63.46153846153846
2,Spencer Rattler,53.3,25,34,207,3,0,3,-21,1,0,250,12,-2.823341653949246,3.784003240220687,0.828,4,14,0,0,0,2,3.653800187224988,7,dome,sportturf,44.680851063829785
2,Jordan Love,51.3,19,31,292,2,0,2,-23,0,0,408,14,6.662380209949733,10.36571275304865,0.7156862745098039,3,12,0,0,0,1,0.3213787729619071,4,outdoors,grass,60
2,Tua Tagovailoa,49.2,26,32,315,2,1,5,-18,0,0,251,15,9.932129502697004,13.74564841389656,1.254980079681275,0,0,0,0,0,0,0,7,outdoors,grass,45
2,Sam Darnold,48.1,22,33,295,2,2,2,-17,0,0,265,13,2.854062096416647,7.034775614738464,1.1132075471698113,0,0,0,0,0,0,0,7,outdoors,grass,64.58333333333334
2,Caleb Williams,46.4,19,30,207,2,1,4,-29,0,0,302,10,-0.9654794219241012,-5.639583170413971,0.6854304635761589,5,27,0,0,0,2,-3.638098270545015,6,dome,fieldturf,28.767123287671232
2,Jalen Hurts,45.5,15,22,101,0,0,2,-7,1,0,167,4,-4.85998605615568,4.396389211927142,0.6047904191616766,9,15,1,0,0,5,0.9748168520163744,10,outdoors,grass,54.054054054054056
2,Aaron Rodgers,41.2,18,33,203,1,2,3,-20,0,0,189,5,-7.686599437611664,-6.433451278456326,1.0740740740740742,1,3,0,0,0,0,-1.0814147219387795,7,outdoors,grass,35.41666666666667
2,Bryce Young,35,35,55,328,3,1,3,-25,1,1,375,19,3.2342329092731377,-2.3493665006925477,0.8746666666666667,2,2,0,0,0,0,-0.4225097907474265,7,closed,grass,44.89795918367347
2,Michael Penix Jr.,31.2,13,21,135,0,0,3,-27,0,0,132,5,-3.2441715903873147,-7.450161519504729,1.0227272727272727,1,-1,0,0,0,0,-1.6006159279495478,7,dome,sportturf,78.57142857142857
2,Cam Ward,27.7,19,33,175,1,0,5,-32,1,1,215,10,-6.7339741762074565,-4.793273537389694,0.813953488372093,4,8,0,0,0,2,-0.09805901580968213,7,outdoors,grass,36.53846153846153
2,Joe Flacco,26.1,25,45,199,1,1,2,-11,1,1,307,7,-26.738699900731607,-3.0992530678447925,0.6482084690553745,1,8,0,0,0,1,1.3432667991146443,7,outdoors,grass,29.310344827586203
2,Trevor Lawrence,24.1,24,42,271,3,2,1,-10,0,0,308,15,5.005488552057198,-4.982346514376198,0.8798701298701299,2,4,0,1,0,2,-1.2270142603753418,7,outdoors,fieldturf,46.55172413793103
2,Geno Smith,23.1,24,43,180,0,3,3,-30,0,0,291,8,-23.067928140179568,-15.258365453675736,0.6185567010309279,5,20,0,0,0,2,1.0859158706152812,8,dome,grass,31.03448275862069
2,C.J. Stroud,20.2,13,24,207,1,0,3,-25,0,0,195,7,-4.481482616525894,-9.786830648131993,1.0615384615384615,4,27,0,0,0,1,1.8889251031796448,8,closed,astroturf,48.717948717948715
2,Jayden Daniels,17.7,24,42,200,2,0,4,-21,0,0,279,10,-9.158630191520102,-7.198357805609703,0.7168458781362007,7,17,0,0,0,0,-2.190746269072406,4,outdoors,grass,40
2,J.J. McCarthy,6.2,11,21,158,0,2,6,-38,1,1,252,7,-17.96655729044881,-11.110292020298186,0.626984126984127,5,25,0,1,0,2,-1.9413699347060176,6,dome,sportturf,21.428571428571427
3,Daniel Jones,92.1,18,25,228,1,0,0,0,0,0,175,10,10.818640147236174,1.6586910486221311,1.302857142857143,4,27,0,0,0,2,4.92718964186497,7,outdoors,grass,67.21311475409836
3,Caleb Williams,88.2,19,28,298,4,0,0,0,0,0,250,11,17.979574728623284,3.6546007863112857,1.192,5,12,0,0,0,0,-0.1486020561424084,7,outdoors,grass,68.88888888888889
3,Lamar Jackson,73.5,21,27,288,3,0,7,-55,1,0,274,14,11.022880831304771,13.372031185362074,1.051094890510949,7,35,0,0,0,2,-1.1629311349825002,8,outdoors,grass,44.11764705882353
3,Tua Tagovailoa,73.1,22,34,146,2,1,0,0,0,0,204,11,0.14744083787081763,-1.6873112230589895,0.7156862745098039,2,10,0,1,0,2,0.2927044708048925,4,outdoors,a_turf,40.38461538461539
3,Jared Goff,71.7,20,28,202,1,0,0,0,0,0,211,11,14.249866356456977,12.977435611761534,0.957345971563981,4,6,0,1,0,2,-2.7981947184889577,8,outdoors,grass,55.88235294117647
3,Bryce Young,71.2,16,24,121,0,0,1,-7,0,0,133,7,-2.4837949486153077,-1.299610361456871,0.9097744360902256,2,8,1,0,0,2,1.6179113783873618,7,outdoors,grass,100
3,Geno Smith,69,19,29,289,3,0,5,-28,0,0,305,12,12.24070766654052,11.681264307763842,0.9475409836065574,2,5,0,0,0,2,4.009431233862415,6,outdoors,grass,36.92307692307693
3,Matthew Stafford,68.1,19,33,196,2,1,1,0,0,0,168,10,-2.479092506006727,-4.678381327539682,1.1666666666666667,0,0,0,0,0,0,0,7,outdoors,grass,44.06779661016949
3,Josh Allen,66.6,22,28,213,3,0,2,-10,0,0,111,12,10.64952215948613,7.680893937746684,1.9189189189189189,4,25,0,1,0,1,2.0526441030825495,4,outdoors,a_turf,59.61538461538461
3,Drake Maye,63.4,28,37,268,2,1,5,-18,1,1,207,13,1.4129189930099528,7.905837976270252,1.2946859903381642,7,45,0,0,0,5,2.2358674210263416,7,outdoors,fieldturf,40
3,Baker Mayfield,60.6,19,29,233,1,0,1,-8,1,0,232,12,8.269022356935064,1.1716819015042534,1.0043103448275863,4,44,0,0,0,2,5.684531551891723,6,outdoors,grass,51.78571428571429
3,Jalen Hurts,59.9,21,32,226,3,0,4,-24,1,1,274,9,-0.2115985595299862,5.956184168656667,0.8248175182481752,9,40,1,0,0,5,5.9633792688837275,7,outdoors,grass,55.932203389830505
3,Mac Jones,56.5,27,41,284,1,1,1,-2,0,0,309,14,1.5022151318471164,3.2555606020124337,0.919093851132686,1,-1,0,0,0,0,0.15732593732947286,7,outdoors,grass,51.61290322580645
3,Jordan Love,56.4,18,25,183,1,1,5,-34,0,0,48,8,-0.9422872209794448,-2.6773711442947388,3.8125,4,18,0,0,0,1,1.4942455049604175,10,outdoors,grass,43.47826086956522
3,Marcus Mariota,55.9,15,21,207,1,0,1,-8,0,0,158,7,10.782450092576104,14.572758972644806,1.3101265822784811,6,40,1,1,1,2,-1.9692518610593908,10,outdoors,grass,63.07692307692307
3,Kyler Murray,53,22,35,159,1,0,1,-5,0,0,177,8,-0.6186131590061501,-2.625567948116976,0.8983050847457628,6,37,0,0,0,2,2.604093028290663,7,outdoors,grass,48.38709677419355
3,C.J. Stroud,51.8,25,38,204,1,2,2,-20,0,0,288,8,-4.190346033706602,1.464213016960356,0.7083333333333334,4,22,0,0,0,1,0.5001627132296562,6,outdoors,grass,37.03703703703704
3,Spencer Rattler,51.3,28,39,218,1,1,2,-13,0,0,314,12,1.4428194655963993,7.23015505533952,0.6942675159235668,2,10,0,0,0,1,0.00112162012374028,7,outdoors,fieldturf,22.807017543859647
3,Patrick Mahomes,50.8,22,37,224,1,0,2,-23,2,0,319,13,8.23080711069923,-1.493738889694214,0.7021943573667712,5,2,0,0,0,0,-1.5214160526520573,7,outdoors,fieldturf,70.96774193548387
3,Aaron Rodgers,49.2,16,23,139,2,1,0,0,0,0,114,6,0.19340494932839647,4.534721103581515,1.219298245614035,4,1,0,0,0,0,-0.3620772061403841,7,outdoors,fieldturf,60
3,Tyrod Taylor,47.6,26,36,197,2,1,4,-29,1,1,161,13,-7.886901567328738,7.483880179268973,1.2236024844720497,8,48,0,0,0,3,2.165359917737078,7,outdoors,grass,48.214285714285715
3,Justin Herbert,47.1,28,47,300,1,1,5,-30,0,0,429,17,-2.3949824955743924,-4.159013960096571,0.6993006993006993,2,6,0,0,0,1,0.6098652885485509,6,dome,matrixturf,53.48837209302325
3,Bo Nix,43.9,14,25,153,1,0,2,-6,0,0,269,5,-1.5255322747893847,-8.01634334999582,0.5687732342007435,8,33,0,0,0,0,-1.4973021894693377,7,dome,matrixturf,46.51162790697674
3,Trevor Lawrence,38.6,20,40,222,0,1,2,-17,0,0,315,10,-9.546405788773784,-17.02903438555567,0.7047619047619048,2,9,0,0,0,1,1.6229719686089084,7,outdoors,grass,62.96296296296296
3,Dak Prescott,36.1,31,40,251,1,2,2,-17,0,0,201,12,-1.8964848527670273,10.85533713683104,1.2487562189054726,0,0,0,0,0,0,0,7,outdoors,grass,31.11111111111111
3,Cam Ward,26.9,23,38,219,1,1,4,-23,0,0,185,11,-12.524410886228845,-1.3854862135999344,1.1837837837837837,3,12,0,0,0,1,1.202066545956768,7,outdoors,grass,32.78688524590164
3,Joe Flacco,26.6,21,36,142,0,1,2,-17,0,0,254,7,-8.7097985782642,-3.435839441689578,0.5590551181102362,0,0,0,0,0,0,0,7,outdoors,grass,56.52173913043478
3,Jake Browning,26.2,19,27,140,1,2,3,-20,0,0,129,6,-18.071667482451065,0.3612574476462144,1.0852713178294573,1,3,0,0,0,1,0.13696190132759511,7,dome,sportturf,17.24137931034483
3,Carson Wentz,22.9,14,20,173,2,0,3,-19,0,0,181,9,9.443549821281032,3.8360655307769775,0.9558011049723756,2,4,0,0,0,0,-2.0862886102404445,7,dome,sportturf,82.75862068965517
3,Michael Penix Jr.,9.1,18,36,172,0,2,0,0,0,0,296,10,-18.804658700747623,-12.546850390294018,0.581081081081081,2,9,0,0,0,0,-0.6872316775843501,7,outdoors,grass,0
3,Russell Wilson,5.4,18,32,160,0,2,2,-9,0,0,284,7,-14.818524984584656,-4.926895797252655,0.5633802816901409,5,27,0,0,0,1,-2.4348573697670113,7,outdoors,fieldturf,29.03225806451613
4,Dak Prescott,93.7,31,40,319,3,0,1,0,0,0,327,17,22.430883390743485,13.1012120529225,0.9755351681957186,1,2,1,0,0,1,1.4368754375900608,7,closed,matrixturf,50
4,Drake Maye,92.5,14,17,203,2,0,1,0,0,0,133,8,19.27563390720752,20.40544915944338,1.5263157894736843,3,11,1,0,0,1,1.0013577818172053,7,outdoors,fieldturf,76.36363636363637
4,Josh Allen,91.2,16,22,209,2,1,3,-18,0,0,224,10,4.917184796040829,9.253221276131542,0.9330357142857144,7,45,1,0,0,3,2.554002413118724,10,outdoors,a_turf,62
4,Michael Penix Jr.,88.1,20,26,313,2,1,1,-6,0,0,274,14,18.28767629923104,11.439650104596064,1.1423357664233578,4,2,0,0,0,1,-0.6499657857348211,7,closed,fieldturf,55.73770491803278
4,Spencer Rattler,81.8,18,27,126,1,0,3,-17,1,0,120,7,-8.409940210783478,7.095380624135335,1.05,6,49,0,0,0,5,5.258954801000189,7,outdoors,a_turf,38
4,Justin Fields,80.6,20,27,226,1,0,2,-19,1,1,205,12,5.608728678049778,5.086048664870085,1.102439024390244,7,81,1,0,0,3,8.154663601468318,8,outdoors,grass,43.75
4,Marcus Mariota,74.2,16,27,156,2,1,2,-9,0,0,286,9,-0.04640425522495683,3.1432081013917923,0.5454545454545454,2,20,0,0,0,1,2.5233973432332277,7,closed,fieldturf,44.26229508196721
4,Bo Nix,74.1,29,42,326,2,1,0,0,0,0,280,17,13.279796198068652,-2.154946114335741,1.1642857142857144,6,7,1,0,0,1,1.4167469176463785,8,outdoors,grass,90.32258064516128
4,Patrick Mahomes,73.8,25,37,270,4,0,1,-6,0,0,259,15,16.188958369112918,5.857575876372201,1.0424710424710424,4,5,0,0,0,1,-2.5659796522231773,7,outdoors,grass,64.91228070175438
4,C.J. Stroud,72.5,22,28,233,2,0,2,-9,0,0,182,9,8.211450432493871,8.142503244536263,1.28021978021978,4,11,0,0,0,3,3.6828206320060417,7,closed,astroturf,100
4,Matthew Stafford,71.7,29,41,375,3,0,3,-15,0,0,342,15,14.293764206603946,5.447497591376305,1.0964912280701755,4,4,0,0,0,0,-6.023056055651978,7,dome,matrixturf,57.446808510638306
4,Sam Darnold,70,18,26,242,1,0,3,-13,1,0,237,11,9.92136531109626,6.929043804605802,1.021097046413502,1,24,0,0,0,1,1.4761712797917426,4,closed,grass,53.48837209302325
4,Trevor Lawrence,67.2,21,31,174,1,0,0,0,0,0,196,8,5.532238849337628,0.93662162621816,0.8877551020408163,7,7,0,0,0,2,0.5187262789695524,7,outdoors,grass,55.319148936170215
4,Jordan Love,62.7,31,43,337,3,0,1,-12,1,1,255,16,21.450974295086887,15.024238659275902,1.3215686274509804,3,28,0,0,0,1,2.7144359225640073,7,closed,matrixturf,50
4,Tua Tagovailoa,56.6,17,25,177,2,0,0,0,0,0,137,12,10.377943898333484,-1.6991593837738037,1.291970802919708,3,6,0,1,0,1,1.1304609752260149,11,outdoors,grass,56.25
4,Jared Goff,56.2,16,27,168,2,1,0,0,0,0,313,8,-1.0221093465403952,-0.491202712059021,0.536741214057508,0,0,0,0,0,0,0,6,dome,fieldturf,77.27272727272727
4,Brock Purdy,53.7,22,38,309,2,2,1,-3,1,1,306,17,3.371967635811135,-8.329106665946341,1.0098039215686274,2,13,0,0,0,2,1.4371513075311668,7,outdoors,grass,44.680851063829785
4,Jalen Hurts,52.8,15,24,130,2,0,2,-18,0,0,167,10,-1.2928640485042706,-4.997034619251887,0.7784431137724551,9,62,0,1,0,4,1.515934510563966,7,outdoors,grass,55.35714285714286
4,Daniel Jones,50.5,24,33,262,1,2,2,-14,1,0,313,12,4.143268179661794,7.550807576626539,0.8370607028753994,1,-1,0,0,0,0,0,7,dome,matrixturf,42.5531914893617
4,Bryce Young,48.4,18,30,150,1,0,1,-11,0,0,153,7,-8.936443562660584,-0.41157202078745914,0.9803921568627452,1,3,0,0,0,1,0.6461933569516987,7,outdoors,fieldturf,23.636363636363637
4,Jaxson Dart,47.4,13,20,111,1,0,5,-25,0,0,127,6,-4.536941834476309,-0.2881464205290142,0.8740157480314961,10,54,1,1,0,6,0.7341605551773682,7,outdoors,fieldturf,53.84615384615385
4,Caleb Williams,47,22,37,212,1,1,1,-10,0,0,246,10,-1.120958017301945,-11.36607618795501,0.8617886178861789,8,13,0,2,0,2,-5.583317335804607,7,dome,grass,51.02040816326531
4,Carson Wentz,42,30,46,350,2,2,6,-48,1,0,335,15,3.174312226501787,5.204265883990696,1.044776119402985,2,12,0,0,0,1,1.5836220781784505,7,outdoors,grass,46.666666666666664
4,Aaron Rodgers,41.1,18,22,200,1,0,2,-18,0,0,73,6,3.799732759834968,9.5908369530331,2.73972602739726,3,8,0,1,0,1,0.799423691292759,7,outdoors,grass,53.333333333333336
4,Justin Herbert,39.1,23,41,203,1,2,2,-17,0,0,265,8,-21.121796523494552,-5.677072468556855,0.7660377358490567,1,24,0,0,0,1,4.402144896259531,7,outdoors,fieldturf,46.15384615384615
4,Cam Ward,34.8,10,26,108,0,1,2,-15,0,0,190,5,-16.60359526718991,-24.49821518815082,0.5684210526315789,2,22,0,0,0,1,2.310665796743706,7,closed,astroturf,0
4,Kyler Murray,29.8,27,41,200,2,2,6,-36,0,0,238,13,-3.3043997842296657,-4.957857504487038,0.8403361344537815,5,41,0,0,0,1,0.07268717227270827,4,closed,grass,46.51162790697674
4,Lamar Jackson,29.8,14,20,147,1,1,3,-5,1,1,118,7,-5.220177533155578,6.717090474234687,1.2457627118644068,6,48,0,0,0,3,2.7846460063010454,6,outdoors,grass,35.08771929824561
4,Jake Browning,28.4,14,25,125,0,0,3,-19,0,0,200,3,-10.354677599800777,-4.895710132338784,0.625,3,4,0,0,0,1,0.571860229363665,8,outdoors,grass,9.67741935483871
4,Baker Mayfield,21.9,22,40,289,2,1,2,-17,1,0,319,7,-5.439326392272233,-10.171916622381945,0.9059561128526644,2,13,0,0,0,1,1.525527592166327,7,outdoors,grass,44.642857142857146
4,Geno Smith,20.4,14,21,117,2,3,0,0,0,0,97,6,-9.613629262534428,-3.583191335201263,1.2061855670103092,4,31,0,0,0,1,0.14608172286534682,7,dome,grass,48.97959183673469
4,Joe Flacco,11.7,16,34,184,0,2,3,-14,1,1,333,8,-19.947237710560973,-15.155589219295615,0.5525525525525525,3,-1,0,0,0,0,-1.5823307154350914,7,dome,fieldturf,22.727272727272727
5,C.J. Stroud,99.4,23,27,244,4,0,2,-17,0,0,206,13,18.24793267996667,19.440503473635072,1.1844660194174756,1,30,0,0,0,1,3.0421754902927205,7,outdoors,grass,81.48148148148148
5,Sam Darnold,96.5,28,34,341,4,1,0,0,0,0,275,18,23.413120006202856,16.30231229697957,1.24,0,0,0,0,0,0,0,10,outdoors,fieldturf,47.94520547945205
5,Baker Mayfield,93.4,29,33,379,2,0,1,-9,0,0,257,17,25.9806902520554,20.44649673625827,1.4747081712062258,5,15,0,0,0,1,-0.2815402104678526,7,outdoors,fieldturf,52.054794520547944
5,Dak Prescott,87.5,18,29,237,4,0,1,-1,0,0,232,12,11.848729786221256,-0.6138832441398075,1.021551724137931,7,28,0,0,0,2,0.7684650567243807,7,outdoors,fieldturf,62.71186440677966
5,Patrick Mahomes,81.2,29,41,318,1,1,0,0,0,0,401,15,2.664317194139585,6.204959228634834,0.7930174563591023,6,60,1,0,0,4,4.741758387419395,8,outdoors,grass,47.45762711864407
5,Daniel Jones,80.6,20,29,212,2,0,0,0,0,0,225,11,12.359543740560534,-1.1634295356684718,0.9422222222222222,1,2,0,0,0,1,0.44031776674091816,7,closed,fieldturf,86.95652173913044
5,Tua Tagovailoa,78.4,27,36,256,3,0,3,-27,0,0,287,13,11.485191292514582,14.81027743395637,0.89198606271777,1,5,0,0,0,0,-0.7019798825494945,6,outdoors,grass,47.05882352941176
5,Drake Maye,76.1,22,30,273,0,0,4,-6,0,0,213,13,9.731839577931728,13.75612137573106,1.2816901408450705,3,12,0,0,0,1,1.4493008595891297,7,outdoors,a_turf,53.48837209302325
5,Jayden Daniels,74.9,15,26,231,1,0,1,-5,0,0,239,9,14.006386082944797,-0.7532947737237682,0.9665271966527196,8,39,0,0,0,2,1.3084469948662445,7,dome,matrixturf,72.97297297297297
5,Mac Jones,67.4,33,49,342,2,0,1,-9,0,0,290,19,14.00177889080927,-0.9093616157770156,1.179310344827586,4,5,0,0,0,2,3.0037217009812593,4,dome,matrixturf,53.06122448979592
5,Bo Nix,64.9,24,39,242,1,0,2,-14,0,0,318,12,4.242067022660045,0.7757284988959631,0.7610062893081762,3,22,0,0,0,1,2.449062682688236,6,outdoors,grass,55.26315789473685
5,Jared Goff,63.5,19,23,258,3,0,4,-14,1,1,103,14,11.639841439959127,15.93622402711348,2.504854368932039,2,-2,0,0,0,0,-4.146353957999963,7,outdoors,fieldturf,60.65573770491803
5,Spencer Rattler,60.1,21,31,225,1,0,0,0,0,0,221,9,7.479521064558307,-3.1505967179934182,1.0180995475113122,6,21,0,0,0,3,0.06282697105780244,7,dome,sportturf,65
5,Matthew Stafford,55.8,30,47,389,3,0,1,-11,0,0,528,18,15.072453184221198,-3.2675007763116257,0.7367424242424242,1,0,0,1,1,1,-5.882432998390868,4,dome,matrixturf,46.93877551020408
5,Jalen Hurts,55.4,23,38,280,2,0,6,-23,0,0,416,11,0.5049775303469999,-2.2626442683709636,0.6730769230769231,2,3,0,0,0,0,-0.00692903017625212,7,outdoors,grass,44.73684210526316
5,Jaxson Dart,55.2,26,40,202,2,2,1,-3,1,1,328,10,-12.648555137915537,-1.743929317364326,0.6158536585365854,7,55,0,0,0,4,6.52695578429848,7,dome,sportturf,35
5,Carson Wentz,55.2,25,34,236,1,0,3,-16,0,0,237,13,8.69971042177006,6.860750371759588,0.9957805907172996,3,13,0,0,0,0,-1.6176431712228805,7,outdoors,grass,55.26315789473685
5,Josh Allen,54.2,22,31,253,2,1,1,-8,0,0,246,16,10.64589824559546,5.940981755654017,1.0284552845528456,9,53,0,1,1,4,-2.476147527631838,7,outdoors,a_turf,46.51162790697674
5,Justin Herbert,51.7,22,29,166,1,1,4,-24,0,0,110,9,-6.124441063523405,3.938473709698381,1.509090909090909,4,60,0,0,0,3,4.792321191285737,7,dome,matrixturf,27.027027027027028
5,Kyler Murray,48.3,23,31,220,0,0,3,-28,0,0,200,8,1.979036984499544,8.129388710548138,1.1,4,25,1,1,1,4,0.33434357814257964,10,closed,grass,48.837209302325576
5,Trevor Lawrence,45.8,18,25,221,1,1,3,-11,0,0,209,8,-0.7439143976450786,8.061216115951538,1.0574162679425838,10,54,2,1,1,7,2.307349296665052,8,outdoors,grass,52.54237288135594
5,Bryce Young,40.9,19,30,198,2,1,3,-19,1,1,244,12,-1.3048395836655962,8.688226231822261,0.8114754098360656,3,1,0,0,0,0,0.4145975969731808,7,outdoors,grass,52.94117647058824
5,Dillon Gabriel,38.4,19,33,190,2,0,2,-8,0,0,208,9,-2.2798502849765976,-6.815527845174074,0.9134615384615384,2,5,0,0,0,0,-1.2197015229612589,7,outdoors,grass,44.73684210526316
5,Cooper Rush,35.5,14,20,179,0,3,1,-16,0,0,163,7,-7.894956491922907,-0.31771227717399597,1.098159509202454,0,0,0,0,0,0,0,7,outdoors,grass,18.51851851851852
5,Cam Ward,28.7,21,39,265,0,1,2,-16,0,0,421,12,1.597718604147161,-9.621611318072755,0.6294536817102138,5,-6,0,0,0,0,-2.9490252816164415,7,closed,grass,51.162790697674424
5,Justin Fields,23.7,32,46,283,2,0,5,-49,0,0,308,14,3.908267046055964,5.117593841119246,0.9188311688311688,7,26,0,0,0,3,-1.126592796528712,6,outdoors,fieldturf,37.28813559322034
5,Jake Browning,16.8,26,40,251,3,3,2,-14,1,0,339,12,-8.766111446794405,0.0078507512807846,0.7404129793510325,4,31,0,0,0,2,3.536863392975647,6,outdoors,fieldturf,39.34426229508197
5,Geno Smith,15.2,25,36,228,0,2,4,-38,0,0,244,12,-10.903446787652872,-0.3144454624917772,0.9344262295081968,3,8,0,0,0,2,0.15506163879763335,7,closed,fieldturf,13.043478260869565
6,Drake Maye,95.4,18,26,261,3,0,1,-1,0,0,284,12,17.406637246674592,10.796038433909416,0.9190140845070424,9,28,0,1,0,4,-1.4007809894536625,7,dome,sportturf,56.81818181818182
6,Dak Prescott,91.7,25,34,261,3,0,0,0,0,0,189,12,17.745348571297626,7.128864263786989,1.380952380952381,2,-1,0,1,0,1,-0.7841542644309811,7,outdoors,grass,47.368421052631575
6,Jaxson Dart,91.7,17,25,195,1,0,2,-1,0,0,229,8,7.53858233615756,4.429148316383362,0.851528384279476,13,58,1,0,0,5,2.4029583042138256,4,outdoors,fieldturf,66.66666666666666
6,Baker Mayfield,82.2,17,23,256,2,0,1,-8,0,0,239,9,12.067489617715156,7.469806982123333,1.0711297071129706,3,14,0,1,0,2,0.33247184337233193,7,outdoors,grass,61.224489795918366
6,Jared Goff,80.5,23,29,203,2,0,1,-4,0,0,109,14,6.713151381118223,14.184024267726477,1.8623853211009176,1,7,0,0,0,1,1.1686080279760065,7,outdoors,grass,36.17021276595745
6,Patrick Mahomes,78.3,22,30,257,3,0,3,-14,1,0,154,16,15.57258388680734,7.661985499518258,1.6688311688311688,10,32,1,0,0,3,-1.523789657803718,6,outdoors,grass,63.82978723404256
6,Spencer Rattler,76.8,20,26,227,0,0,2,-4,0,0,221,7,3.9048227529301185,6.551737166368044,1.0271493212669682,4,20,0,0,0,3,1.795743475377094,7,dome,sportturf,43.18181818181818
6,Jordan Love,76.5,19,26,259,1,1,1,-3,0,0,246,11,7.356112143495093,6.610824282352741,1.0528455284552845,7,26,0,0,0,3,3.8625474365355026,14,outdoors,grass,60
6,Sam Darnold,76.3,16,27,295,2,0,1,-9,0,0,361,10,10.52449972709388,7.398529102404912,0.817174515235457,4,2,0,0,0,1,-4.867825389286736,7,outdoors,grass,62.5
6,Aaron Rodgers,72.4,21,30,235,2,0,0,0,0,0,223,11,9.599199736872942,8.184740769452063,1.053811659192825,1,1,0,0,0,0,-0.4179676565108821,14,outdoors,grass,71.875
6,Justin Herbert,68.8,29,38,264,2,0,1,-1,0,0,220,12,12.641889955414864,8.790127697743868,1.2,1,2,0,0,0,1,2.288495108950883,7,outdoors,grass,51.78571428571429
6,Joe Flacco,65.1,29,45,219,2,0,1,-6,0,0,269,12,6.496397113490076,4.669453985989094,0.8141263940520446,0,0,0,0,0,0,0,7,outdoors,grass,40
6,Jayden Daniels,64.8,19,26,211,3,1,3,-6,1,0,212,11,6.435357536926994,11.14691657324632,0.9952830188679244,10,52,0,1,1,3,-2.78354306332767,8,outdoors,grass,48.97959183673469
6,Jacoby Brissett,61.3,27,44,320,2,1,2,-8,0,0,391,17,6.258094309852431,4.625235918240669,0.8184143222506394,3,19,0,0,0,3,2.1492226129048504,7,closed,fieldturf,46.55172413793103
6,Matthew Stafford,60.6,17,26,181,1,0,2,-14,1,1,229,10,0.9594451738590664,0.7012727168890146,0.7903930131004366,4,1,0,1,0,1,-2.1202274800743908,10,outdoors,grass,85
6,Daniel Jones,60.4,22,30,212,2,1,1,-7,0,0,204,13,2.8482230268754942,3.748948772748311,1.03921568627451,5,20,1,0,0,3,2.8024345925659873,7,closed,fieldturf,53.44827586206896
6,Tyler Huntley,55,10,15,68,0,0,4,-23,0,0,86,3,-7.255764254368842,11.392816786582651,0.7906976744186046,3,39,0,0,0,2,5.787207700486761,7,outdoors,grass,15
6,Tua Tagovailoa,54.8,21,32,205,1,3,2,-9,0,0,214,10,-0.03338861474947796,2.047500836438146,0.9579439252336448,1,4,0,0,0,0,-0.1801726319827139,7,outdoors,grass,48.214285714285715
6,Trevor Lawrence,53.8,27,42,258,2,0,7,-44,0,0,320,13,-0.38684652255145546,-2.139047710668473,0.80625,3,9,0,0,0,1,2.3072855297941715,6,outdoors,grass,37.5
6,Bryce Young,52,17,25,199,3,1,1,-5,0,0,154,11,2.201376390146385,13.688871406373524,1.292207792207792,3,5,0,0,0,0,-0.312853037570457,7,outdoors,grass,52.63157894736842
6,Michael Penix Jr.,43.2,20,32,250,1,0,2,-17,0,0,232,10,-0.41926983085160874,-6.361269758593652,1.0775862068965518,2,6,0,0,0,0,0.2949061302933842,15,closed,fieldturf,63.1578947368421
6,Bo Nix,34,19,30,174,1,0,1,-6,0,0,153,9,5.107167024033728,3.521407567537748,1.1372549019607845,5,24,0,0,0,1,0.1575998246553354,7,outdoors,grass,54.166666666666664
6,Geno Smith,30.7,17,23,174,1,1,2,-16,0,0,58,9,0.5693263779394329,2.7602197035499243,3,4,-3,0,0,0,0,-3.640906317334157,7,dome,grass,66.66666666666666
6,Dillon Gabriel,30.4,29,52,221,0,0,6,-38,0,0,314,10,-13.877616212263888,-10.223544111438828,0.7038216560509554,0,0,0,0,0,0,0,7,outdoors,grass,28.125
6,Caleb Williams,28.1,17,29,252,1,0,3,-16,0,0,246,10,3.275814118387534,-8.219391313092462,1.024390243902439,4,-2,1,0,0,2,-0.8059559170939865,15,outdoors,grass,51.02040816326531
6,Jalen Hurts,27.8,24,33,283,1,1,3,-17,0,0,316,14,2.1615822567789524,9.212653245776892,0.8955696202531646,7,13,1,0,0,2,0.01409083473845385,4,outdoors,fieldturf,33.33333333333333
6,Mac Jones,19.5,27,39,347,0,2,6,-51,1,0,378,10,-4.42705243935853,7.158802489976625,0.917989417989418,5,13,0,0,0,2,-0.03902782342629507,10,outdoors,grass,38.775510204081634
6,Cooper Rush,19.4,11,19,72,0,1,0,0,0,0,132,3,-5.103429209696493,-9.353375591729815,0.5454545454545454,1,0,0,1,1,1,-5.581122012459673,7,outdoors,grass,15
6,Josh Allen,16.3,15,26,180,2,2,4,-23,0,0,287,8,-7.167852376616793,-7.8905483851066,0.627177700348432,6,42,0,2,0,3,-1.2744316004100256,8,closed,fieldturf,36.84210526315789
6,Cam Ward,12.4,26,38,222,1,1,6,-62,2,2,253,11,-14.68072225380456,5.549942921189701,0.8774703557312253,0,0,0,0,0,0,0,7,dome,grass,33.33333333333333
6,Justin Fields,7.3,9,17,45,0,0,9,-55,0,0,94,2,-20.7214580506014,-14.768174476921558,0.4787234042553192,7,31,0,0,0,2,0.833700378085207,7,outdoors,grass,45.83333333333333
7,Jalen Hurts,96.2,19,23,326,3,0,3,-10,0,0,284,9,18.90667418378871,17.924261611440908,1.147887323943662,4,-10,0,0,0,1,-0.4728640335379168,10,dome,sportturf,56.00000000000001
7,Drake Maye,96,21,23,222,2,0,4,-22,0,0,185,12,9.747935889102669,24.75561434807985,1.2,8,62,0,0,0,3,3.3703267303062603,7,outdoors,grass,70.45454545454545
7,Daniel Jones,90.5,23,34,288,2,0,1,-7,0,0,334,14,14.861354353612416,5.181318800896406,0.8622754491017964,5,7,0,0,0,1,-2.951565495459363,7,dome,matrixturf,61.29032258064516
7,Patrick Mahomes,89.5,26,35,286,3,0,1,-4,0,0,207,16,19.33917764713534,6.071546761428609,1.3816425120772946,4,28,0,0,0,2,2.561337215185631,7,outdoors,grass,100
7,Dak Prescott,85.4,21,30,264,3,0,1,-7,0,0,212,11,7.193154708318104,0.4078780611356099,1.2452830188679245,5,7,0,1,0,2,0.24554991448530927,7,closed,matrixturf,66.66666666666666
7,Matthew Stafford,81.3,21,33,182,5,0,0,0,0,0,363,14,8.782921106321737,4.221847292148706,0.5013774104683195,2,1,0,0,0,0,-0.3499063071794808,7,outdoors,grass,83.33333333333334
7,Bo Nix,81.1,27,50,279,2,0,2,-14,0,0,393,15,-1.4068489084650624,-10.86830369063786,0.7099236641221374,5,48,2,1,0,5,8.098573407623917,7,outdoors,grass,50.76923076923077
7,Joe Flacco,75.4,31,47,342,3,0,2,-14,0,0,337,16,15.144058558264485,1.6087773773405287,1.0148367952522257,5,3,0,0,0,2,0.6021418346137026,4,outdoors,fieldturf,51.5625
7,Aaron Rodgers,71,23,34,249,4,2,0,0,0,0,309,12,13.311911904311271,4.880153861912814,0.8058252427184466,1,6,0,0,0,0,0.2769366401480511,4,outdoors,fieldturf,48.4375
7,Jordan Love,66.5,19,29,179,1,0,1,-11,0,0,190,10,6.063561517960258,-3.0207430677754536,0.9421052631578948,4,22,0,1,0,1,2.1919703998137265,7,closed,grass,54
7,Jaxson Dart,64.9,15,33,283,3,1,4,-15,0,0,342,12,8.377084178893828,-16.977408076777603,0.827485380116959,5,11,1,0,0,2,1.6323352097533643,10,outdoors,grass,49.23076923076923
7,Mac Jones,60.4,17,26,152,0,1,1,-2,0,0,132,10,1.968226376034634,1.154978449145953,1.1515151515151516,5,11,0,0,0,2,-1.2371380354161374,7,outdoors,grass,66.66666666666666
7,Bryce Young,60.1,15,25,138,1,0,1,-12,0,0,126,8,0.10843127592712463,-3.1979637841383615,1.0952380952380951,2,10,0,0,0,0,-0.4953622529283166,7,outdoors,fieldturf,68.42105263157895
7,Justin Herbert,52.9,37,55,420,3,2,3,-29,0,0,451,19,5.819126800481275,2.804653180970086,0.9312638580931264,6,31,0,0,0,4,3.702075535140466,7,dome,matrixturf,38.70967741935484
7,Carson Wentz,50.8,26,42,313,0,2,2,-15,0,0,421,13,-2.276972435588654,-0.5390525609254837,0.7434679334916865,4,28,0,1,0,4,-1.1279590128119006,14,dome,sportturf,44
7,Sam Darnold,44.8,17,31,213,1,1,2,-15,1,1,271,9,-5.613761459817213,-2.2683278790542056,0.7859778597785978,3,1,0,0,0,0,2.1308203345397487,8,outdoors,fieldturf,58.69565217391305
7,Jayden Daniels,42.4,12,22,156,1,0,2,-5,1,1,195,6,-5.883244332449976,-9.57804989247095,0.8,8,35,1,0,0,4,2.4041968798120505,6,closed,matrixturf,33.33333333333333
7,Michael Penix Jr.,30.4,21,38,241,1,0,2,-11,1,1,357,13,-6.737357140441047,-5.806361552741793,0.6750700280112045,2,6,0,0,0,0,1.0540452108252794,6,outdoors,grass,33.33333333333333
7,C.J. Stroud,28.5,23,49,229,1,1,3,-31,0,0,424,13,-13.52440370475038,-14.157423377037048,0.5400943396226415,2,25,0,0,0,0,2.765487407683395,15,outdoors,fieldturf,41.30434782608695
7,Jared Goff,27.1,20,29,241,1,1,4,-26,1,1,157,9,-8.635040956975383,-1.297557353973389,1.535031847133758,2,7,0,0,0,1,0.34115019626915455,8,dome,fieldturf,72.72727272727273
7,Caleb Williams,26.6,15,26,172,0,1,1,-8,0,0,220,10,2.149814817582892,-3.2287707328796387,0.7818181818181819,4,-2,0,2,0,2,-6.159746414540941,6,outdoors,grass,65
7,Dillon Gabriel,26,13,18,116,0,0,2,-14,0,0,86,6,0.8498010866597445,0.2349817090564304,1.3488372093023255,4,12,0,0,0,0,-2.4199657787103206,7,outdoors,grass,83.78378378378379
7,Jacoby Brissett,24.1,25,36,279,2,0,6,-43,1,1,312,13,1.0358332606710152,4.730957395890179,0.8942307692307693,6,26,0,0,0,2,-1.6910157848033125,7,closed,grass,46
7,Spencer Rattler,23.2,20,32,233,2,3,4,-24,1,1,386,9,-12.238946060688937,0.39530425302443967,0.6036269430051814,2,12,0,0,0,1,1.558918301248923,7,outdoors,grass,35
7,Cam Ward,22.4,25,34,255,1,1,5,-39,1,1,226,14,-11.742684764254212,6.665890011936426,1.1283185840707963,0,0,0,0,0,0,0,7,outdoors,grass,29.545454545454547
7,Baker Mayfield,18.3,28,50,228,1,1,4,-18,1,0,478,11,-25.048290733687832,-9.447585046291351,0.4769874476987448,0,0,0,0,0,0,0,8,dome,fieldturf,27.27272727272727
7,Tyrod Taylor,11.4,10,22,126,0,2,3,-12,0,0,280,6,-4.2649520011409265,-8.843950182199478,0.45,3,11,0,0,0,0,-1.3239179755568582,7,outdoors,fieldturf,31.57894736842105
7,Justin Fields,10.1,6,12,46,0,0,3,-21,0,0,87,2,-9.234413881145883,-15.384784069928257,0.5287356321839081,4,22,0,0,0,2,0.6859810619498603,7,outdoors,fieldturf,31.57894736842105
7,Trevor Lawrence,9.3,23,48,296,1,0,7,-32,0,0,522,14,-13.934148005980758,-12.520551681518556,0.5670498084291188,2,18,0,0,0,1,-1.661429207015317,7,outdoors,grass,16.666666666666664
7,Geno Smith,6.1,10,16,67,0,0,1,-5,0,0,50,2,-9.709725162945688,-7.966534495353699,1.34,2,1,0,1,0,1,-2.252616052981466,7,outdoors,grass,0
7,Tua Tagovailoa,4.2,12,23,100,0,3,2,-13,0,0,158,5,-23.489218928981693,-12.486346607858485,0.6329113924050633,3,6,0,2,0,2,-3.4081611649156947,7,outdoors,grass,16.216216216216218
8,Justin Herbert,97.7,18,25,227,3,1,2,-15,0,0,206,13,11.607531543715911,9.111668666203816,1.1019417475728157,7,62,0,0,0,4,3.7669064418878406,4,dome,matrixturf,78.72340425531915
8,Jordan Love,90.9,29,37,360,3,0,0,0,0,0,194,17,22.352007517259448,13.540970938546318,1.8556701030927836,1,-1,0,0,0,0,-1.7844917481997982,7,outdoors,grass,58.333333333333336
8,C.J. Stroud,90.3,30,39,318,2,1,0,0,0,0,338,16,19.188032113091264,8.515917784289309,0.940828402366864,7,30,0,0,0,4,4.349941031890921,6,closed,astroturf,63.41463414634146
8,Tyler Huntley,88.3,17,22,186,1,0,2,-8,0,0,209,8,5.315543281004171,10.720725492997603,0.8899521531100478,8,53,0,0,0,5,3.238632596330717,14,outdoors,grass,65.21739130434783
8,Bo Nix,81.7,19,29,247,4,1,0,0,0,0,299,15,14.092828136220142,8.968410944497144,0.8260869565217391,1,-1,0,0,0,0,0,7,outdoors,grass,64.70588235294117
8,Mac Jones,78,19,32,193,2,1,2,-18,0,0,319,10,-2.791569479173515,-2.3466238091068883,0.6050156739811913,2,23,0,0,0,2,1.7281502711120993,7,closed,astroturf,36.58536585365854
8,Drake Maye,72.4,18,24,282,3,1,6,-37,1,0,277,11,6.421182738901681,18.714007476101752,1.0180505415162455,7,50,0,0,0,2,-0.9539888980798424,7,outdoors,fieldturf,71.11111111111111
8,Caleb Williams,67,25,38,285,0,1,1,-9,0,0,310,13,1.0999335164201207,7.888272830418178,0.9193548387096774,3,24,0,0,0,1,0.00819781821337528,7,outdoors,grass,34.78260869565217
8,Jalen Hurts,66.2,15,20,179,4,0,4,-28,0,0,147,10,8.026514688373709,9.823632687330246,1.217687074829932,4,22,0,0,0,2,4.6464646708918735,7,outdoors,grass,65.51724137931035
8,Daniel Jones,65.6,21,29,272,3,0,3,-16,0,0,258,14,13.842817138787025,13.392132406051342,1.054263565891473,1,3,0,0,0,0,-0.29471827019006014,7,closed,fieldturf,73.07692307692307
8,Justin Fields,63.8,21,32,244,1,0,0,0,0,0,180,12,15.048117506835036,3.8013474694613754,1.3555555555555556,11,31,0,0,0,3,-0.7882476306548343,7,outdoors,fieldturf,50.64935064935064
8,Tua Tagovailoa,63.6,20,26,205,4,0,1,-8,0,0,104,10,9.609911366660778,1.8620650355632489,1.9711538461538465,0,0,0,0,0,0,0,7,closed,fieldturf,77.27272727272727
8,Dak Prescott,63.1,19,31,188,0,2,2,-15,0,0,214,9,-4.384394332819756,-3.0328272811828123,0.8785046728971962,6,31,0,0,0,2,2.3882623733370565,7,outdoors,grass,35.294117647058826
8,Jaxson Dart,59.4,14,24,193,1,0,5,-15,0,0,235,9,3.372110629519341,1.8181299621408635,0.8212765957446808,6,17,1,0,0,2,4.05043692648178,7,outdoors,grass,34.48275862068966
8,Patrick Mahomes,56.4,25,34,299,3,2,3,-15,0,0,219,16,13.728703663044143,10.903219971805813,1.365296803652968,4,30,0,0,0,1,0.15241792023880407,8,outdoors,grass,80
8,Marcus Mariota,55.2,21,30,213,1,2,2,-13,0,0,162,9,-7.404169346555136,1.1250343918800354,1.3148148148148149,8,28,0,1,0,1,0.24715378804830831,8,outdoors,grass,20
8,Baker Mayfield,47.2,15,24,152,0,0,3,-28,1,1,162,8,-1.770362463950527,-9.644939750432968,0.9382716049382716,0,0,0,0,0,0,0,6,dome,sportturf,88.46153846153845
8,Joe Flacco,44.4,21,34,223,2,0,1,-6,0,0,216,11,3.1859004099274553,-8.001695799105095,1.0324074074074074,2,14,1,0,0,2,3.031572385196341,10,outdoors,fieldturf,49.35064935064935
8,Josh Allen,41.8,12,19,163,1,0,2,-20,0,0,116,8,7.693339027595142,-7.160081361469469,1.4051724137931034,3,7,2,0,0,2,1.6869563992659096,13,outdoors,grass,81.63265306122449
8,Kirk Cousins,37.5,21,31,173,0,0,1,-5,0,0,285,7,-5.867928963794839,2.4710270762443542,0.6070175438596491,2,2,0,0,0,0,0.08780237822793424,7,closed,fieldturf,22.727272727272727
8,Cam Ward,33.4,22,38,259,1,1,4,-31,0,0,328,13,-7.903359759788102,-7.154050952679402,0.7896341463414634,2,4,0,0,0,0,-0.6311460047727451,7,closed,fieldturf,26.923076923076923
8,Carson Wentz,31.4,15,27,144,1,1,5,-27,1,0,114,8,-12.73999706881145,-12.355125294281889,1.263157894736842,0,0,0,0,0,0,0,4,dome,matrixturf,21.27659574468085
8,Aaron Rodgers,30.8,24,36,219,2,0,3,-17,0,0,240,10,-4.052352931075593,4.962281417101622,0.9125,0,0,0,0,0,0,0,10,outdoors,grass,41.66666666666667
8,Dillon Gabriel,20.1,21,35,156,2,2,1,-11,0,0,195,7,-19.84580293446636,-5.337651480327953,0.8,1,13,0,0,0,1,0.7576488046906888,7,outdoors,fieldturf,28.88888888888889
8,Spencer Rattler,10.9,15,21,136,0,1,3,-19,0,0,178,6,-7.02503782459728,5.585299581289291,0.7640449438202247,3,12,0,1,1,2,-5.514085419010371,7,dome,sportturf,11.538461538461538
8,Tyler Shough,5.8,17,30,128,0,1,2,-18,0,0,241,7,-15.057858266751282,-13.857510487238564,0.5311203319502075,3,12,0,0,0,1,0.7570369653403759,7,dome,sportturf,11.538461538461538
8,Andy Dalton,5.3,16,24,175,0,1,7,-45,1,1,195,11,-12.860889769130974,3.698212037915769,0.8974358974358975,2,1,0,1,1,1,-5.657050234382041,7,outdoors,grass,18.367346938775512
9,Sam Darnold,97.4,21,24,330,4,1,0,0,0,0,207,13,22.447935086084,23.53871576488018,1.5942028985507246,0,0,0,0,0,0,0,13,outdoors,grass,73.07692307692307
9,Lamar Jackson,93.1,18,23,204,4,0,2,-16,0,0,207,11,10.401708490913734,18.104419889657393,0.9855072463768116,5,14,0,0,0,1,-1.0403277160949074,4,outdoors,grass,82.35294117647058
9,Michael Penix Jr.,92,22,37,221,3,0,1,-4,1,0,304,13,3.742431711216262,4.721757944892435,0.7269736842105263,2,19,0,0,0,1,1.7629495654837228,7,outdoors,fieldturf,48.93617021276596
9,Josh Allen,81.9,23,26,273,1,0,3,-10,0,0,133,13,9.603388036164688,18.442466139793396,2.0526315789473686,6,19,2,0,0,4,4.411365523439599,7,outdoors,a_turf,57.14285714285714
9,Matthew Stafford,77.9,24,32,281,4,0,2,-14,0,0,319,14,11.838741028613722,12.67982307941683,0.8808777429467085,4,-4,0,0,0,0,-3.1278429226367734,14,dome,matrixturf,77.27272727272727
9,Mac Jones,76.4,19,24,235,2,0,2,-14,1,1,160,13,13.49070095318574,12.027716636657717,1.46875,4,4,0,0,0,1,0.9162408240372316,7,outdoors,fieldturf,58.620689655172406
9,Joe Flacco,73.6,31,47,470,4,2,3,-21,1,1,427,22,16.731745319796122,2.815685404671563,1.100702576112412,1,-1,0,0,0,0,0,7,outdoors,fieldturf,47.19101123595505
9,Geno Smith,69.6,29,39,284,4,1,2,-10,0,0,162,17,11.396392546725169,1.5299597068836814,1.7530864197530864,5,9,0,0,0,2,-0.3389338374254294,14,dome,grass,49.15254237288136
9,Caleb Williams,65.2,20,34,280,3,0,2,-9,0,0,285,15,14.034130709070611,-0.8982624738447128,0.9824561403508772,5,53,0,0,0,2,2.0947412076056935,7,outdoors,fieldturf,52.80898876404494
9,Tyler Shough,63.9,15,24,176,1,1,1,-9,0,0,219,8,-0.0887682109605521,-2.8694724259169204,0.8036529680365296,1,2,0,0,0,0,-0.3151968374149874,7,dome,matrixturf,22.727272727272727
9,Jordan Love,63.8,26,37,273,0,1,1,-8,0,0,325,13,5.899998472000961,9.10083600452968,0.84,1,1,0,0,0,0,-0.5242297351360321,7,outdoors,grass,44.827586206896555
9,Trevor Lawrence,60.7,23,34,220,0,1,1,-4,0,0,289,9,-0.7571493166335208,-0.00479510336211233,0.7612456747404844,9,24,2,0,0,4,2.7369585533039067,14,dome,grass,50.84745762711864
9,Jayden Daniels,59.2,16,22,153,0,1,4,-20,0,0,125,8,-1.3299716647306925,4.00167065007346,1.224,10,51,1,0,0,2,0.46449410932837054,6,outdoors,grass,26.923076923076923
9,Bo Nix,59.1,18,37,173,2,1,1,-2,0,0,441,9,-3.500159671231928,-10.228743447976951,0.3922902494331066,3,36,0,0,0,1,1.773768063214079,7,closed,astroturf,54.54545454545454
9,Jaxson Dart,57.5,24,33,191,2,0,2,-12,0,0,217,7,1.7102711593444475,3.736145608127117,0.880184331797235,8,56,1,0,0,5,6.95511569007067,7,outdoors,fieldturf,41.37931034482759
9,Justin Herbert,56.7,19,29,250,2,1,6,-38,0,0,311,12,1.8336171157623544,6.475198268890381,0.8038585209003215,9,57,1,0,0,6,4.05699666478904,10,outdoors,grass,57.446808510638306
9,Patrick Mahomes,55,15,34,250,0,1,3,-24,0,0,493,10,-1.6827208378137617,-4.3897662697167235,0.5070993914807302,1,5,0,0,0,0,0.560683838382829,6,outdoors,a_turf,42.857142857142854
9,Jared Goff,54.5,25,37,284,2,0,5,-44,0,0,249,11,4.1288096063833954,-2.515587459007899,1.140562248995984,0,0,0,0,0,0,0,13,dome,fieldturf,47.05882352941176
9,Aaron Rodgers,53.5,25,35,203,1,0,3,-16,0,0,103,10,0.01095416924599268,-2.64782224382673,1.970873786407767,2,0,0,0,0,0,-0.7289761539723258,7,outdoors,grass,57.446808510638306
9,Jacoby Brissett,51.4,21,31,261,2,0,5,-40,0,0,248,14,7.010368498253448,7.376096371946664,1.0524193548387095,5,4,1,1,0,2,0.06003726943163201,15,closed,matrixturf,61.36363636363637
9,Davis Mills,50.1,17,30,137,0,0,2,-16,0,0,245,7,-5.678505135843193,-13.140104248605926,0.5591836734693878,2,7,0,0,0,0,-0.21920302044600248,7,closed,astroturf,45.45454545454545
9,Drake Maye,47.9,19,29,259,2,1,6,-38,2,1,310,14,0.42372684842472275,5.3275637328624725,0.8354838709677419,8,20,0,0,0,2,0.329444587463513,7,outdoors,fieldturf,51.06382978723404
9,J.J. McCarthy,46.3,14,25,143,2,1,5,-27,0,0,258,8,-7.4183446173490415,-0.12288896933845853,0.5542635658914729,9,12,1,1,0,2,1.1650585746974684,10,dome,fieldturf,52.94117647058824
9,Bryce Young,38.3,11,20,102,0,1,1,0,1,0,125,6,-3.305482862138888,-11.497365173540617,0.816,2,9,0,0,0,2,3.561962750274688,7,outdoors,grass,55.172413793103445
9,Dak Prescott,29.3,24,39,250,1,1,5,-40,0,0,400,14,-4.5026787937891255,-0.4851244390010834,0.625,4,34,0,0,0,1,1.7570169743848965,8,closed,matrixturf,38.63636363636363
9,Tua Tagovailoa,24.1,25,40,261,0,1,2,-16,0,0,271,12,3.5116250164788205,-2.951435382301743,0.96309963099631,1,1,0,0,0,0,-1.4328270184341818,4,outdoors,grass,17.647058823529413
9,Cam Ward,14.1,12,21,145,0,0,4,-27,1,0,183,7,-1.692690688505536,-11.784661525771732,0.7923497267759563,2,6,0,1,0,1,-1.248431619722396,7,outdoors,grass,42.5531914893617
9,Daniel Jones,12.9,31,50,342,1,3,5,-29,2,2,432,17,-16.25802781872842,-1.6291015471021335,0.7916666666666666,3,4,1,1,0,2,4.533278831280768,7,outdoors,grass,42.5531914893617
10,Jared Goff,94,25,33,320,3,0,0,0,0,0,163,19,25.34362703664474,14.49127366145452,1.9631901840490795,0,0,0,0,0,0,0,7,outdoors,grass,66.66666666666666
10,Matthew Stafford,87.8,24,36,280,4,0,1,-5,0,0,332,20,22.63015853331308,10.5948607711231,0.8433734939759037,3,-3,0,0,0,0,-3.1898163429577835,7,outdoors,grass,61.76470588235294
10,Mac Jones,85.4,33,39,319,3,1,0,0,0,0,282,16,18.252678949662485,14.974827949817364,1.1312056737588652,1,3,0,0,0,1,0.38789569766959175,7,outdoors,grass,38.23529411764706
10,Marcus Mariota,78.1,16,22,213,2,0,2,-18,0,0,288,9,10.92373223727344,14.25039998509667,0.7395833333333334,5,22,0,0,0,1,0.6304876592475921,7,outdoors,grass,33.33333333333333
10,Jaxson Dart,73.6,19,29,242,0,0,2,-12,0,0,270,10,3.4402063399511795,8.720799618297153,0.8962962962962963,6,66,2,1,1,4,4.053942573547829,7,outdoors,grass,45.45454545454545
10,Caleb Williams,73.5,20,36,220,1,0,0,0,0,0,345,11,-6.061366754207314,-8.151408698823717,0.6376811594202898,8,63,1,0,0,3,4.51357507755165,7,outdoors,grass,54.54545454545454
10,Tua Tagovailoa,67,15,21,173,2,2,0,0,0,0,188,9,9.007470136275517,5.901699690591721,0.9202127659574468,2,-1,0,0,0,0,0,10,outdoors,grass,69.76744186046511
10,Baker Mayfield,65.5,28,43,273,3,0,2,-15,0,0,282,14,0.9682208392788594,-2.538804813872936,0.9680851063829788,0,0,0,0,0,0,0,14,outdoors,grass,45.09803921568628
10,Davis Mills,65.5,27,45,292,2,1,2,-10,0,0,427,17,0.7544076708290387,-3.2593265853144904,0.6838407494145199,3,20,1,1,0,2,0.6820059707826004,7,closed,astroturf,55.38461538461539
10,Tyler Shough,62.8,19,27,282,2,0,2,-16,0,0,259,9,11.777017397178302,10.37093412417632,1.0888030888030888,4,-3,0,0,0,0,-5.325220056169201,7,outdoors,grass,70.83333333333334
10,Lamar Jackson,53.3,17,29,176,1,0,1,-7,0,0,119,9,-1.3897965507582768,-13.4963293160711,1.4789915966386555,9,36,0,0,0,3,0.9730698811472394,10,dome,sportturf,58.69565217391305
10,Dillon Gabriel,49.3,17,32,167,2,0,6,-47,0,0,200,8,-7.389529405771441,-16.412143409252167,0.835,5,54,0,0,0,3,4.882196272606961,14,outdoors,fieldturf,42.5531914893617
10,Drake Maye,48.5,16,31,270,2,1,1,-1,0,0,350,9,6.266848459315952,-5.857704477063541,0.7714285714285715,7,13,0,0,0,0,-5.03541002899874,7,outdoors,grass,54.90196078431373
10,Jordan Love,42.5,20,36,176,0,0,3,-19,1,1,304,10,-8.137690771834327,-6.4590897975545944,0.5789473684210527,5,28,0,1,0,3,1.6890881280996837,8,outdoors,grass,41.17647058823529
10,Jalen Hurts,33.6,15,26,183,1,0,0,0,0,0,229,8,8.49402574551641,-0.7928240558375483,0.7991266375545851,5,27,0,1,1,1,-5.195477146509802,15,outdoors,grass,58.82352941176471
10,Trevor Lawrence,31,13,23,158,1,1,5,-39,2,1,146,7,-7.292075384233066,-14.426665979882944,1.082191780821918,5,35,0,0,0,2,-0.20427860610652715,7,closed,astroturf,44.61538461538462
10,Jacoby Brissett,30.7,22,44,258,2,0,5,-52,2,2,324,13,-11.871959152092924,-9.89091832970464,0.7962962962962963,4,31,0,0,0,1,1.9740081977797672,6,outdoors,fieldturf,33.33333333333333
10,Justin Herbert,30.5,20,33,220,1,0,5,-21,0,0,156,7,-6.661067343007555,-14.103084441387292,1.4102564102564104,5,19,0,0,0,2,0.18589713040273637,7,dome,matrixturf,71.42857142857143
10,Josh Allen,30,28,40,306,2,1,3,-17,0,0,404,12,4.186331392542459,7.705256801385146,0.7574257425742574,4,31,0,1,1,2,-0.7899328941130079,7,outdoors,grass,30.23255813953488
10,Daniel Jones,28.4,19,26,255,1,1,7,-59,3,1,209,10,-2.113338494551453,3.072657034947322,1.2200956937799043,7,53,0,0,0,3,2.087481080146972,7,closed,grass,55.35714285714286
10,Bo Nix,25.5,16,28,150,1,2,1,-9,0,0,247,5,-6.544006506850952,-7.191638206994092,0.6072874493927125,5,-2,0,0,0,2,-4.926363215723541,4,outdoors,grass,58.82352941176471
10,Michael Penix Jr.,23.5,12,28,177,1,0,3,-27,1,1,288,10,-8.050063597610325,-16.349718928337097,0.6145833333333334,1,-1,0,0,0,0,0,7,closed,grass,44.642857142857146
10,Justin Fields,18.2,6,11,54,1,1,3,-12,0,0,38,1,-10.175787572690751,-13.657003912058745,1.4210526315789471,7,28,0,0,0,2,-0.3866259119516653,14,outdoors,fieldturf,57.446808510638306
10,J.J. McCarthy,16.9,20,42,248,1,2,1,-3,0,0,458,9,-9.892118250213404,-11.627759984353691,0.5414847161572053,5,48,0,0,0,1,0.03952766029397026,7,dome,sportturf,41.30434782608695
10,Bryce Young,16.6,17,25,124,0,1,2,-22,0,0,162,6,-11.4978759260794,2.757819061693938,0.7654320987654321,2,6,0,1,1,2,-4.270385249576066,7,outdoors,grass,29.166666666666668
10,Geno Smith,11,16,26,143,0,1,6,-29,0,0,57,7,-16.31954670541179,-6.650788336992264,2.508771929824561,3,7,0,0,0,1,-1.2251901265699416,4,outdoors,grass,41.17647058823529
10,Aaron Rodgers,4.2,16,31,161,1,2,3,-13,1,0,251,6,-18.09004052675284,-10.830245379890714,0.6414342629482072,0,0,0,0,0,0,0,7,dome,matrixturf,28.57142857142857
11,Michael Penix Jr.,89.8,13,16,175,0,0,0,0,0,0,129,8,10.74121231713798,15.59100866317749,1.3565891472868217,1,9,0,0,0,0,0.9993381411768496,7,closed,fieldturf,47.368421052631575
11,Dak Prescott,87,25,33,268,4,0,1,-1,1,1,232,16,8.562692845276407,8.717983216047287,1.1551724137931034,4,-4,0,0,0,0,-6.04564963222947,14,dome,grass,67.3469387755102
11,Drake Maye,83.7,25,34,281,1,0,1,-10,0,0,399,16,12.246038138652798,13.539707118814642,0.7042606516290727,4,2,0,0,0,0,-0.6089769885875285,4,outdoors,fieldturf,65.85365853658537
11,Jordan Love,77.9,13,24,174,2,0,2,-12,0,0,290,10,10.40877283333987,-1.8089668258376743,0.6,2,7,0,0,0,0,-0.5671764763537794,6,outdoors,fieldturf,57.446808510638306
11,Baker Mayfield,75.4,16,28,173,1,1,1,-8,1,1,196,6,-8.958836055104404,-8.347461952103508,0.8826530612244898,5,39,1,0,0,4,8.257450924196746,7,outdoors,a_turf,42.10526315789473
11,Bryce Young,74.8,31,45,448,3,0,5,-29,0,0,278,20,14.242022988657276,2.1731023761359127,1.6115107913669064,1,-1,0,0,0,0,0,7,closed,fieldturf,52.63157894736842
11,Brock Purdy,71.2,19,26,200,3,0,1,-14,0,0,188,13,8.642695559272799,10.061668038368223,1.0638297872340423,1,-7,0,0,0,0,-1.604405589925591,7,closed,grass,65.07936507936508
11,Josh Allen,67,19,30,317,3,2,0,0,0,0,346,13,12.440862808616592,-0.8126414815584818,0.916184971098266,6,40,3,0,0,5,4.209419261926087,7,outdoors,a_turf,57.89473684210527
11,Cam Ward,63.6,24,37,194,1,0,3,-23,1,1,268,10,-2.71816846039732,-1.9957180238432355,0.7238805970149254,3,33,0,0,0,2,2.844660746457521,14,outdoors,grass,44.827586206896555
11,Justin Fields,61.9,15,26,116,1,0,2,-11,0,0,205,5,-7.414159964653663,-4.870751619338989,0.5658536585365853,11,67,1,1,1,7,2.0381707825581543,4,outdoors,fieldturf,34.146341463414636
11,Trevor Lawrence,60.8,14,22,153,1,1,0,0,0,0,194,11,2.3877489911101293,-1.5698545358397744,0.788659793814433,5,9,1,0,0,1,-0.49439779549720697,7,outdoors,grass,85.36585365853658
11,Patrick Mahomes,53.4,29,45,276,1,1,3,-27,0,0,324,13,1.151241861704671,-2.7892577786778294,0.8518518518518519,1,3,0,0,0,0,-0.33135655929800123,14,outdoors,grass,46.34146341463415
11,Jameis Winston,51.7,19,29,201,0,1,2,-7,1,1,219,10,6.399802807543892,0.5008329605234081,0.9178082191780822,3,10,1,0,0,2,2.014679512445582,7,outdoors,fieldturf,42.5531914893617
11,Marcus Mariota,48.6,20,30,213,1,1,1,-6,0,0,221,10,4.053688162648051,2.292767886457772,0.9638009049773756,4,49,0,0,0,1,1.2816778247943148,7,outdoors,grass,44.827586206896555
11,Matthew Stafford,47.6,15,28,130,2,0,0,0,0,0,146,6,-4.049926161009353,-16.569474449864142,0.8904109589041096,0,0,0,0,0,0,0,7,dome,matrixturf,52.5
11,Bo Nix,40.3,24,37,295,0,0,2,-12,0,0,317,11,5.053020263566832,3.6520092827933177,0.9305993690851736,3,8,0,0,0,0,-1.0223448709183929,10,outdoors,grass,53.65853658536586
11,Davis Mills,36.4,26,41,274,1,0,4,-34,0,0,350,13,-0.15799854809233072,-0.02506718039512634,0.7828571428571428,2,14,0,0,0,0,-0.14153745491057634,7,outdoors,grass,55.172413793103445
11,Caleb Williams,30.2,16,32,193,0,0,2,-13,0,0,385,6,-0.9484717985872968,-9.485139059168953,0.5012987012987012,4,26,0,1,0,3,-0.5993179944925942,7,dome,sportturf,52.77777777777778
11,Lamar Jackson,30.1,14,25,193,0,2,5,-26,0,0,199,9,-12.848054744788678,-8.797862887382507,0.9698492462311558,4,10,0,0,0,1,1.5867712767212652,7,outdoors,grass,58.97435897435898
11,Tua Tagovailoa,27.8,14,20,171,0,0,3,-29,0,0,135,8,1.9614673138904752,2.0625826716423035,1.2666666666666666,0,0,0,0,0,0,0,7,outdoors,grass,55.172413793103445
11,Jalen Hurts,27.1,14,28,135,0,0,1,-11,0,0,362,6,-8.38929800431808,-9.799184732966951,0.3729281767955801,10,31,1,1,0,4,-4.0514959389402065,6,outdoors,grass,64
11,Joe Flacco,26,23,40,199,1,1,1,-7,0,0,285,9,-9.329388562074028,-9.606239810968058,0.6982456140350877,1,-1,0,0,0,0,0,14,outdoors,grass,26.08695652173913
11,Jacoby Brissett,25.9,47,57,452,2,2,0,0,0,0,388,18,9.212935896495566,12.436020800045558,1.1649484536082475,2,-2,0,0,0,1,-0.9429980251006782,7,closed,grass,34.92063492063492
11,Sam Darnold,24.8,29,44,279,0,4,0,0,0,0,342,15,-13.136533367589896,0.01855755136126563,0.8157894736842105,2,11,0,0,0,1,1.0570863859611563,7,dome,matrixturf,47.5
11,Justin Herbert,22,10,18,81,0,1,2,-18,0,0,68,3,-14.244363311345335,-8.171386271715164,1.1911764705882353,3,21,0,0,0,1,1.0191460280911997,7,outdoors,grass,14.634146341463412
11,J.J. McCarthy,19.9,16,32,150,1,2,0,0,0,0,309,10,-13.061916102694454,-15.244286600500343,0.4854368932038835,0,0,0,0,0,0,0,7,dome,sportturf,47.22222222222222
11,Geno Smith,17.2,27,42,238,1,1,4,-29,0,0,220,12,-14.232012563434278,-3.2263241517238126,1.0818181818181818,4,14,0,0,0,1,2.851824729470536,11,dome,grass,32.6530612244898
11,Jared Goff,9.5,14,37,255,1,1,2,-12,0,0,246,10,-14.263226809680678,-30.07149224479993,1.0365853658536586,1,-1,0,0,0,0,0,7,outdoors,grass,36
11,Shedeur Sanders,1.8,4,16,47,0,1,2,-27,1,0,110,2,-14.408387282746844,-34.8081511259079,0.4272727272727273,3,16,0,0,0,1,0.3020878836978227,7,outdoors,grass,41.02564102564102
12,Jordan Love,82.5,14,21,139,0,0,1,-4,0,0,176,8,5.490758609189893,4.44863498210907,0.7897727272727273,3,15,0,0,0,1,0.5334066734649241,7,outdoors,grass,79.3103448275862
12,Jameis Winston,81.5,18,36,366,2,1,1,-4,0,0,396,16,10.519610372842294,-5.405657851334774,0.9242424242424242,4,13,0,0,0,1,2.2734544266713783,7,dome,fieldturf,44.26229508196721
12,Matthew Stafford,77.6,25,35,273,3,0,1,-10,0,0,249,16,8.219429925997625,4.716209366041071,1.0963855421686748,0,0,0,0,0,0,0,7,dome,matrixturf,82.92682926829268
12,Cam Ward,77.4,28,42,256,1,0,4,-24,0,0,195,12,2.119718929560406,4.87278456750669,1.3128205128205128,6,37,1,0,0,4,6.531205462175421,7,outdoors,grass,44.44444444444444
12,Caleb Williams,67.5,19,35,239,3,0,1,-10,1,1,328,11,0.5364274792325929,-3.924371600151062,0.7286585365853658,4,21,0,0,0,1,2.9611396754626185,7,outdoors,grass,52.54237288135594
12,Tyrod Taylor,66.1,17,28,222,1,1,3,-18,0,0,288,10,0.7697196948200404,-1.4548066589567397,0.7708333333333334,5,19,0,0,0,2,1.103012795560062,10,outdoors,grass,30.303030303030305
12,Drake Maye,63.6,22,35,294,1,1,1,-9,0,0,297,12,6.7743000405394485,-0.4191146655516191,0.98989898989899,5,22,0,0,0,2,-0.4896504337333307,10,outdoors,fieldturf,56.52173913043478
12,Patrick Mahomes,62.6,29,46,352,0,1,4,-6,0,0,351,15,8.500650892524233,1.1543809674506964,1.002849002849003,4,30,0,0,0,2,3.091787411016412,7,outdoors,grass,53.48837209302325
12,Dak Prescott,60.6,23,36,354,2,1,1,-6,0,0,366,17,4.564077011044182,1.4702287742069788,0.9672131147540984,5,9,1,0,0,1,-0.25622322340495884,6,closed,matrixturf,53.333333333333336
12,Daniel Jones,58.5,19,31,181,2,0,0,0,0,0,139,6,1.4296765363172348,-5.146127554678148,1.3021582733812949,3,16,0,0,0,2,2.042600152664818,14,outdoors,grass,46.51162790697674
12,Mason Rudolph,54.5,24,31,171,1,1,2,-12,1,1,196,8,-5.817271571839228,8.868385514905375,0.8724489795918368,3,7,0,0,0,2,1.3411726071499288,7,outdoors,grass,47.45762711864407
12,Jalen Hurts,50.5,27,39,289,1,0,1,-13,0,0,293,14,8.190091875261315,6.52964860200882,0.9863481228668942,7,33,2,0,0,3,2.4675599007168785,7,closed,matrixturf,46.666666666666664
12,Brock Purdy,49.5,23,32,193,1,3,0,0,0,0,195,11,-3.168522982927289,1.4753536321222782,0.9897435897435898,6,16,0,0,0,4,3.569029780162964,8,outdoors,grass,68.96551724137932
12,Kirk Cousins,45,16,23,199,2,1,3,-18,1,0,169,7,-3.414532629392796,7.1835677325725555,1.1775147928994083,2,5,0,0,0,1,0.08065286319470033,7,dome,sportturf,70.58823529411765
12,Sam Darnold,40.6,16,26,244,2,0,1,-5,0,0,245,9,9.42420726075015,2.109574556350708,0.9959183673469388,1,-1,0,0,0,0,-1.570423363824375,7,outdoors,grass,55.55555555555556
12,Jacoby Brissett,39.6,33,49,317,1,0,6,-44,0,0,383,15,-8.52208694641657,3.1136570374170938,0.8276762402088773,3,20,0,0,0,2,2.092911479761824,7,closed,grass,47.05882352941176
12,Lamar Jackson,34.7,13,23,153,0,0,1,-10,0,0,224,7,-0.07102452922358271,1.1591093242168429,0.6830357142857143,7,11,0,0,0,0,-1.8611008976921344,7,outdoors,grass,69.6969696969697
12,Baker Mayfield,32.8,9,19,41,1,2,2,-12,0,0,153,3,-18.236453417455778,-20.4684878096861,0.2679738562091503,4,19,0,0,0,3,2.1672394181368873,7,dome,matrixturf,17.073170731707318
12,Trevor Lawrence,32.4,18,30,256,3,3,3,-19,1,1,271,13,-9.005758199020079,-2.96487808227539,0.9446494464944648,5,29,0,0,0,2,3.0439647826133296,7,closed,grass,52.94117647058824
12,Tyler Shough,32.1,30,43,243,0,1,5,-29,0,0,314,11,-10.291987417184494,0.02825884591965448,0.7738853503184714,7,22,0,1,1,3,-5.01006244844757,14,dome,sportturf,29.411764705882355
12,Josh Allen,28.8,24,34,253,0,2,8,-70,0,0,161,9,-7.277763720803338,0.7711865939199924,1.5714285714285714,5,20,0,0,0,2,3.3795876095537096,4,closed,astroturf,45.23809523809524
12,Davis Mills,27.1,16,30,153,2,0,0,0,0,0,231,7,-6.352323018502744,-7.499050136123385,0.6623376623376623,2,4,0,0,0,0,1.1148106044856831,4,closed,astroturf,54.761904761904766
12,Joe Flacco,26.3,19,37,183,1,1,1,-10,0,0,327,9,-14.464443949752756,-6.9879438840981685,0.5596330275229358,1,3,0,0,0,1,0.2431981675326824,7,outdoors,fieldturf,43.47826086956522
12,Jared Goff,23.1,28,42,279,2,1,3,-22,0,0,221,13,-6.8733894155409985,-2.8875761910488733,1.262443438914027,0,0,0,0,0,0,0,7,dome,fieldturf,55.73770491803278
12,Bryce Young,14.2,18,29,169,1,2,1,-8,0,0,171,9,-9.992723701494928,-2.5994314087761774,0.9883040935672516,4,15,0,0,0,1,0.9587131352745928,8,outdoors,grass,31.03448275862069
12,J.J. McCarthy,13.6,12,19,87,0,2,5,-35,0,0,100,3,-16.463835103171725,-4.204098052448696,0.87,2,10,0,1,0,2,-0.419953690841794,7,outdoors,grass,20.689655172413794
12,Geno Smith,13.1,30,44,285,1,0,10,-77,2,1,361,15,-20.258941511998373,0.5469675574983869,0.7894736842105263,3,8,0,0,0,1,-0.3632343197823502,6,dome,grass,29.411764705882355
12,Shedeur Sanders,8.6,11,20,209,1,1,1,-3,0,0,195,4,1.9820752221727345,-6.131654812230004,1.0717948717948718,1,-1,0,0,0,0,0,7,dome,grass,70.58823529411765
12,Teddy Bridgewater,6.8,8,15,62,0,0,2,-21,0,0,98,2,-12.498526949668303,-16.29420667886734,0.6326530612244898,1,6,0,0,0,0,-0.01880608359351754,7,dome,matrixturf,17.073170731707318
13,Jordan Love,95,18,30,234,4,0,0,0,0,0,343,11,16.350408765736013,0.8530517076623851,0.6822157434402333,5,4,0,0,0,0,-3.063761448895093,4,dome,fieldturf,56.36363636363636
13,Dak Prescott,87,27,39,320,2,1,0,0,0,0,257,15,14.553953173174932,4.838724313555537,1.245136186770428,3,-2,0,0,0,0,-2.540770127263386,4,closed,matrixturf,52.54237288135594
13,Patrick Mahomes,83.7,23,34,261,4,0,3,-18,0,0,240,12,14.157640327583067,4.746995307505131,1.0875,3,30,0,0,0,3,3.8034051355789416,4,closed,matrixturf,47.45762711864407
13,Jared Goff,82.9,20,26,256,2,0,3,-23,0,0,166,12,9.494504789796594,4.296960395116073,1.5421686746987953,1,24,0,0,0,1,1.3226023281458763,4,dome,fieldturf,43.63636363636363
13,Bryce Young,81.4,15,20,206,3,0,2,-12,0,0,155,8,14.25771617126884,8.80542203783989,1.3290322580645162,5,23,0,0,0,1,0.7974721914241121,6,outdoors,grass,52.54237288135594
13,Tyrod Taylor,80.5,19,33,172,1,0,2,-13,0,0,319,8,-0.968703565033632,-1.6333287762057396,0.5391849529780565,8,44,1,0,0,4,4.083437741239322,7,outdoors,fieldturf,52.94117647058824
13,Brock Purdy,78.1,16,29,168,1,0,1,-7,0,0,252,11,3.4148892117576763,9.48565926240838,0.6666666666666666,2,4,1,0,0,1,1.030466253461782,6,outdoors,grass,76.47058823529412
13,Josh Allen,70.7,15,23,123,1,1,0,0,0,0,39,9,5.398728491622023,-8.480159743972447,3.1538461538461537,8,38,1,0,0,4,5.232281033648178,10,outdoors,grass,78.78787878787878
13,Drake Maye,70.6,24,31,282,2,0,3,-6,0,0,245,14,11.539165703912136,15.77816883722941,1.1510204081632651,6,12,0,0,0,3,1.8030660520193351,8,outdoors,fieldturf,68.75
13,Daniel Jones,67.6,14,27,201,2,0,1,-6,0,0,198,9,0.6210259530715807,-8.84944748878479,1.0151515151515151,1,1,0,1,0,1,-0.6375139974988997,7,closed,fieldturf,44.44444444444444
13,Trevor Lawrence,66.8,16,27,229,2,0,3,-27,0,0,270,13,4.863736678089481,4.199545741081238,0.8481481481481481,3,25,0,0,0,1,2.3790682825492695,7,outdoors,grass,89.28571428571429
13,Justin Herbert,66.6,15,20,151,2,1,3,-11,0,0,192,11,7.317836725861903,10.827508568763731,0.7864583333333334,3,8,0,0,0,0,-0.9559459814336152,14,dome,matrixturf,68.88888888888889
13,C.J. Stroud,63.6,22,35,276,0,1,2,-20,0,0,392,14,7.595687960062666,6.048811133950949,0.7040816326530612,1,0,0,0,0,1,-1.2208818444050848,10,closed,fieldturf,55.55555555555556
13,Bo Nix,62.8,29,45,321,1,1,1,-6,1,0,189,17,9.88027036314034,-4.023081618686055,1.6984126984126984,2,16,0,0,0,1,1.780602453276515,14,outdoors,grass,50.943396226415096
13,Jaxson Dart,59.5,17,24,139,1,0,2,-11,0,0,184,4,-4.815171926937066,3.5155829042196274,0.7554347826086957,4,20,0,0,0,3,-0.9226996821817012,8,outdoors,fieldturf,31.25
13,Jacoby Brissett,59.4,29,40,301,2,1,2,-10,0,0,289,16,5.769273175322185,11.05167479128451,1.041522491349481,3,16,0,0,0,1,-0.4398160634445958,7,outdoors,grass,45.94594594594595
13,Geno Smith,58.9,18,23,165,2,1,5,-40,1,0,75,9,-2.135615331266308,12.157199599526145,2.2,2,-6,0,0,0,0,-1.2640367486746982,7,dome,matrixturf,31.11111111111111
13,Baker Mayfield,57.8,18,28,194,1,0,2,-10,1,0,208,8,1.7500612158833175,-0.5803908293063824,0.9326923076923076,6,27,0,0,0,1,-2.5854694225126877,7,outdoors,grass,54.054054054054056
13,Marcus Mariota,55.8,28,50,294,2,1,2,-18,1,0,598,17,-0.3392852788820585,3.2220691442489624,0.4916387959866221,10,55,0,0,0,5,4.4068106666672975,14,outdoors,grass,49.056603773584904
13,Joe Burrow,53.9,24,46,261,2,0,1,-7,0,0,380,11,6.142689269761428,-5.978283557024869,0.6868421052631579,3,8,0,0,0,2,1.5669831417035311,4,outdoors,grass,69.56521739130434
13,Caleb Williams,49.4,17,36,154,1,1,2,-10,0,0,252,10,-6.028513783271149,-12.467103637754915,0.6111111111111112,5,13,0,0,0,4,1.9006831630249508,5,outdoors,grass,61.53846153846154
13,Kirk Cousins,31.7,21,33,234,1,0,2,-12,0,0,154,12,5.853858310111897,-0.8298612890704986,1.5194805194805194,0,0,0,0,0,0,0,7,outdoors,fieldturf,47.05882352941176
13,Tyler Shough,29.8,26,38,239,2,1,4,-26,1,1,269,12,-11.17374750818414,9.799112642512602,0.8884758364312267,6,18,0,0,0,1,1.9733371998737568,7,outdoors,grass,44.73684210526316
13,Matthew Stafford,25.2,18,28,243,2,2,2,-16,1,1,221,12,-3.512069752730895,3.4452046509142273,1.0995475113122173,1,-1,0,0,0,0,0,7,outdoors,grass,47.45762711864407
13,Sam Darnold,23.2,14,26,128,0,0,4,-34,2,1,93,8,-8.514976311607233,-15.94495345716891,1.3763440860215057,0,0,0,0,0,0,0,7,outdoors,fieldturf,100
13,Lamar Jackson,21.3,17,32,246,0,1,3,-23,2,2,381,8,-11.811996963922866,-6.798954904079437,0.6456692913385826,6,27,0,0,0,3,2.1194004201097414,4,outdoors,grass,30.434782608695656
13,Cam Ward,19.3,24,38,141,0,0,3,-20,1,0,248,4,-20.3992894543822,-1.6733853306089128,0.5685483870967742,1,7,0,0,0,1,1.4716385826468468,7,outdoors,grass,10.714285714285714
13,Jalen Hurts,16.3,19,34,230,2,1,0,0,0,0,334,11,2.19848314169032,0.5673018097877502,0.688622754491018,4,31,0,1,1,1,-3.308735893195262,5,outdoors,grass,38.46153846153847
13,Shedeur Sanders,16.3,16,25,149,1,0,3,-34,0,0,173,7,-3.9443025094806217,0.3105070103298534,0.861271676300578,1,6,0,0,0,0,-1.4424316210788677,7,outdoors,grass,23.52941176470588
13,Tua Tagovailoa,9.5,12,23,157,0,1,4,-23,0,0,232,8,-8.047162546331096,-1.271800696849823,0.6767241379310345,4,4,0,0,0,0,-1.553854288067669,14,outdoors,grass,55.26315789473685
13,Aaron Rodgers,6.8,10,21,117,0,0,1,-9,1,1,93,4,-9.5785145421396,-20.151339392913016,1.2580645161290325,1,0,0,0,0,1,-2.177859874209389,7,outdoors,grass,21.21212121212121
13,Max Brosmer,5.8,19,30,126,0,4,4,-30,0,0,167,6,-29.14437764865579,-4.164899628737877,0.7544910179640718,1,-1,0,0,0,0,0,7,outdoors,fieldturf,0
14,Josh Allen,96.9,22,28,251,3,0,3,-18,0,0,129,13,16.701261836904568,12.483755416340298,1.945736434108527,9,78,1,0,0,4,5.032552997782476,7,outdoors,a_turf,53.42465753424658
14,Matthew Stafford,86.7,22,31,281,3,0,0,0,0,0,223,13,15.409675605792277,4.055153458349166,1.2600896860986548,0,0,0,0,0,0,0,7,closed,grass,72.58064516129032
14,Joe Burrow,81.6,25,36,284,4,2,1,-8,0,0,329,18,8.175821986326017,7.009764760732651,0.8632218844984803,0,0,0,0,0,0,0,10,outdoors,a_turf,46.57534246575342
14,Trevor Lawrence,80.5,17,30,244,2,0,0,0,0,0,335,10,11.446817514329236,-4.104318122069041,0.7283582089552239,4,16,0,0,0,3,4.684593385143671,7,outdoors,grass,65.45454545454545
14,Bo Nix,77.2,31,38,212,0,0,3,-8,0,0,216,14,5.895924786257751,10.979730553097196,0.9814814814814816,3,15,1,0,0,1,2.346522589563392,7,dome,grass,58.536585365853654
14,J.J. McCarthy,76.1,16,23,163,3,0,4,-12,0,0,153,13,9.261102716423526,0.1439519550489343,1.065359477124183,6,19,0,0,0,2,-1.6736114153754895,7,dome,sportturf,100
14,Jordan Love,75.6,17,25,234,3,1,1,-14,0,0,311,9,8.027323357702699,12.038747901501862,0.752411575562701,1,-1,0,0,0,0,0,10,outdoors,grass,57.14285714285714
14,Tyler Shough,74.1,13,20,144,0,1,3,-23,0,0,158,9,1.7832198767634715,-2.251250296831131,0.9113924050632912,7,55,2,0,0,3,3.138486186042428,7,outdoors,grass,54.54545454545454
14,Lamar Jackson,72.5,19,35,219,1,1,2,-16,0,0,257,9,-5.129352546305684,-5.037570270625028,0.8521400778210116,7,43,1,0,0,3,5.786086091597099,10,outdoors,grass,44.89795918367347
14,Sam Darnold,65.9,20,30,249,3,1,2,-13,0,0,255,12,10.041374834340722,-0.26424725850423175,0.976470588235294,3,23,0,0,0,2,1.183864290418569,7,closed,fieldturf,80.43478260869566
14,Aaron Rodgers,59,23,34,284,1,0,0,0,0,0,212,7,10.56656205523317,4.322721018935695,1.339622641509434,2,0,1,0,0,1,1.364533119427506,7,outdoors,grass,55.10204081632652
14,Shedeur Sanders,54.7,23,42,364,3,1,2,-13,0,0,305,13,6.886805881192169,-4.73575862614732,1.1934426229508197,3,29,1,0,0,2,1.8482707368240223,7,outdoors,grass,48.333333333333336
14,Riley Leonard,53,18,29,145,0,1,1,-9,0,0,171,8,-4.2289014082036704,-1.9263898504191432,0.847953216374269,2,5,1,0,0,1,2.1521473960601725,7,outdoors,grass,34.54545454545455
14,Dak Prescott,52.5,31,47,376,1,2,5,-50,1,0,497,17,1.0007189599864177,1.232050010498534,0.7565392354124748,3,14,0,0,0,2,0.6431932353880256,7,dome,fieldturf,40.54054054054054
14,Geno Smith,51.5,13,21,116,1,0,3,-19,0,0,151,7,-2.6853824941790663,5.479704671435886,0.7682119205298014,1,4,0,0,0,0,-0.13523954979609698,7,dome,grass,41.46341463414634
14,Baker Mayfield,48.8,14,30,122,1,1,0,0,0,0,230,4,-9.81600643074352,-16.479784463133132,0.5304347826086957,6,42,0,0,0,3,2.696225996420253,7,outdoors,grass,45.45454545454545
14,Jacoby Brissett,47,25,44,271,2,1,3,-8,0,0,352,15,-3.2885501382786293,-8.447311479936946,0.7698863636363636,4,22,0,0,0,1,0.8931301077175293,7,closed,grass,27.419354838709676
14,Jared Goff,42.5,25,34,309,1,0,1,-10,0,0,229,10,12.198009743105478,9.59008643704076,1.3493449781659388,2,-2,0,0,0,0,0,7,dome,fieldturf,59.45945945945946
14,Caleb Williams,35.1,19,35,186,2,1,1,-9,0,0,298,12,-0.1788737771114857,1.8537400024277824,0.6241610738255033,4,15,0,0,0,2,1.570332998293452,9,outdoors,grass,42.857142857142854
14,C.J. Stroud,34.6,15,31,203,1,0,3,-17,0,0,305,7,0.1888540767831728,-6.10207838040811,0.6655737704918033,2,5,0,0,0,1,0.33032185689080507,7,outdoors,grass,66.66666666666666
14,Justin Herbert,32.5,12,26,139,1,1,7,-33,2,1,270,5,-15.577254686101282,-15.622795794321144,0.5148148148148148,10,66,0,0,0,4,3.215437400916129,8,dome,matrixturf,53.65853658536586
14,Jalen Hurts,25.1,21,40,240,0,4,1,-9,0,0,408,12,-16.236034230799348,-10.747973934600228,0.5882352941176471,4,8,0,0,0,0,-0.5704656292218715,10,dome,matrixturf,46.34146341463415
14,Patrick Mahomes,20.5,14,33,160,0,3,2,-12,0,0,289,8,-22.3309291034004,-14.852203171828698,0.5536332179930796,7,59,0,0,0,1,4.226667002425529,10,outdoors,grass,33.33333333333333
14,Cam Ward,19.3,14,28,117,2,1,1,-9,0,0,174,6,-8.783842270087916,-10.56651532649994,0.6724137931034483,2,4,0,0,0,1,0.25452920323004946,7,outdoors,grass,51.66666666666667
14,Kirk Cousins,18.3,15,30,162,0,2,1,-8,0,0,204,6,-15.373345657525777,-12.767703937632698,0.7941176470588235,0,0,0,0,0,0,0,7,closed,fieldturf,19.565217391304348
14,Tua Tagovailoa,18.2,13,21,127,1,0,1,-8,0,0,95,8,1.6633908300718758,-9.189208632423764,1.3368421052631578,1,0,0,1,0,1,-0.8717197522055358,7,outdoors,fieldturf,77.27272727272727
14,Jayden Daniels,13.2,9,20,78,0,1,1,-1,0,0,61,4,-11.26465104916133,-17.664978466928005,1.278688524590164,4,16,0,0,0,1,-0.6526412916136906,7,dome,sportturf,0
14,Brady Cook,5.9,14,30,163,0,2,6,-27,1,0,271,8,-17.79291854590123,-18.191554320269617,0.6014760147601476,1,0,0,1,0,1,-2.195512855425477,7,outdoors,fieldturf,22.727272727272727
15,Jalen Hurts,96.9,12,15,175,3,0,1,-4,0,0,104,9,12.753809875184851,14.580761194229126,1.6826923076923077,7,39,0,0,0,4,6.11102660279721,6,outdoors,grass,100
15,Trevor Lawrence,96,20,32,330,5,0,0,0,0,0,346,16,23.76585617640673,12.163385429552624,0.953757225433526,5,51,1,0,0,3,5.348590982641326,7,outdoors,grass,70.58823529411765
15,Jared Goff,88.2,25,41,338,3,0,1,-12,0,0,347,17,12.801599703498884,-0.5944612779115376,0.9740634005763688,0,0,0,0,0,0,0,10,dome,matrixturf,45.33333333333333
15,Bo Nix,86.8,23,34,302,4,0,0,0,0,0,323,15,20.588175864482764,8.582598064094782,0.934984520123839,7,10,0,0,0,2,-0.3147691650665365,7,outdoors,grass,56.666666666666664
15,Brock Purdy,85.9,23,30,295,3,0,2,-3,1,1,251,18,17.847383699292173,20.512004515954427,1.1752988047808766,7,44,0,0,0,4,4.206604496808723,14,outdoors,grass,60.65573770491803
15,J.J. McCarthy,84.9,15,24,250,2,1,0,0,0,0,249,11,12.018167156590202,1.6888683040936787,1.0040160642570282,4,15,1,0,0,2,2.9703560369089246,7,closed,matrixturf,56.666666666666664
15,Josh Allen,82.6,19,28,193,3,0,2,-12,0,0,270,11,9.4544446764339245,10.389750966658958,0.7148148148148148,11,48,0,0,0,4,-0.4946397207095288,7,outdoors,fieldturf,53.03030303030303
15,Bryce Young,77.3,15,24,163,1,0,1,-9,0,0,205,7,7.697387703885038,7.088887244462967,0.7951219512195122,7,49,0,0,0,4,2.518546510138549,14,dome,sportturf,45.94594594594595
15,Jordan Love,76.4,24,40,276,1,2,3,-29,0,0,452,12,-0.5307070007615726,6.805002358224657,0.6106194690265486,3,29,0,0,0,2,5.279459428275004,7,outdoors,grass,43.333333333333336
15,Matthew Stafford,73.9,24,38,368,2,1,2,-8,0,0,471,20,8.236465174336454,-0.5515403653445997,0.7813163481953291,1,2,0,0,0,0,-0.7871588605921715,7,dome,matrixturf,54.666666666666664
15,Caleb Williams,67.8,17,28,242,2,0,3,-23,0,0,275,12,3.286935054832288,1.4367245965533786,0.88,3,13,0,1,0,2,-0.09004058048594743,7,outdoors,grass,91.17647058823528
15,Dak Prescott,65.9,23,38,294,0,0,2,-9,0,0,276,12,0.9589329863363228,-4.063695073127747,1.065217391304348,1,2,0,0,0,0,-0.2696112525300123,10,closed,matrixturf,43.333333333333336
15,Kirk Cousins,64.5,30,44,373,3,0,1,-8,1,0,337,19,17.24538291011718,7.697924971580505,1.1068249258160237,0,0,0,0,0,0,0,4,outdoors,grass,50.877192982456144
15,Drake Maye,63.4,14,23,155,0,1,3,-16,0,0,244,7,-3.4051079509954434,-0.5315368825739081,0.6352459016393442,4,43,2,0,0,4,4.374963442533044,13,outdoors,fieldturf,46.96969696969697
15,Tyler Shough,59.9,24,32,272,1,0,5,-16,0,0,265,14,8.612198973488773,4.05088807305982,1.0264150943396226,8,32,0,0,0,2,4.52138540634769,7,dome,sportturf,54.054054054054056
15,C.J. Stroud,57,22,29,260,3,0,1,-4,0,0,117,13,15.128921640948636,11.928566144062923,2.2222222222222223,6,10,0,1,0,2,0.21097749122085308,7,closed,astroturf,66.66666666666666
15,Aaron Rodgers,56.2,23,27,224,2,0,3,-23,0,0,92,11,11.127134462120011,10.425291017249778,2.4347826086956523,0,0,0,0,0,0,0,8,outdoors,grass,65.11627906976744
15,Patrick Mahomes,56.1,16,28,189,0,1,5,-21,0,0,214,8,-3.5684775030283937,-5.313470845039074,0.883177570093458,2,15,1,0,0,1,2.3485550456680357,7,outdoors,grass,44.827586206896555
15,Justin Herbert,53.8,19,29,210,1,1,4,-9,0,0,198,9,0.4335792132866323,5.869502746141874,1.0606060606060606,2,0,0,0,0,0,-1.1618411605013534,6,outdoors,grass,55.172413793103445
15,Jacoby Brissett,53.4,27,40,249,3,1,2,-14,0,0,256,14,-1.7912137348465622,1.1547101171393144,0.97265625,3,6,0,0,0,1,0.24056004080921412,7,closed,astroturf,33.33333333333333
15,Philip Rivers,52.2,18,27,120,1,1,1,-2,0,0,142,8,-2.533307095480697,-0.4007951571391179,0.8450704225352113,1,0,0,1,0,1,-1.1464567719958725,7,outdoors,fieldturf,47.05882352941176
15,Baker Mayfield,51.7,19,34,277,2,1,5,-27,0,0,359,16,4.4169295726699644,-1.1208205483853817,0.7715877437325905,1,1,0,0,0,0,-0.7868982772392372,4,outdoors,grass,49.122807017543856
15,Brady Cook,47.7,22,33,176,1,3,3,-22,0,0,213,11,-7.775062257372366,3.109535481780767,0.8262910798122066,6,39,0,0,0,2,0.0593398530036211,7,outdoors,grass,29.411764705882355
15,Sam Darnold,39.8,22,36,271,0,0,1,-7,0,0,241,9,4.553901994692429,0.5525342442772605,1.12448132780083,4,5,0,1,0,2,-0.5844321723561734,7,outdoors,fieldturf,52.94117647058824
15,Cam Ward,37.4,18,29,170,2,0,0,0,0,0,171,8,1.7431885870741957,-2.7442482886491,0.9941520467836256,1,2,0,0,0,1,1.767592507880181,7,outdoors,grass,39.34426229508197
15,Jaxson Dart,35.3,20,36,246,2,1,1,-8,0,0,426,12,1.278513007953507,-3.797667154244014,0.5774647887323944,9,63,0,1,0,2,3.921337974083144,13,outdoors,fieldturf,42
15,Marcus Mariota,34.2,10,19,211,1,0,2,-16,2,1,259,10,1.5052960998015448,4.1520943865180016,0.8146718146718147,10,43,0,0,0,0,1.4485725040501338,7,outdoors,fieldturf,57.99999999999999
15,Joe Burrow,17.3,25,39,225,0,2,3,-27,0,0,284,10,-13.749246517487336,2.6324328035116196,0.7922535211267606,2,5,0,0,0,0,-1.713920352747664,7,outdoors,fieldturf,0
15,Tua Tagovailoa,12.2,22,28,253,2,1,4,-31,0,0,171,15,2.64083932511881,15.509115274135883,1.47953216374269,1,1,0,0,0,0,-1.180723954923451,8,outdoors,grass,34.883720930232556
15,Shedeur Sanders,6.5,18,35,177,0,3,5,-35,0,0,303,7,-22.947253412075973,-4.563810315824324,0.5841584158415841,2,24,0,0,0,1,1.304397229105234,7,outdoors,grass,8.823529411764707
15,Kenny Pickett,5.5,15,25,64,0,1,4,-35,0,0,106,4,-16.72820816631429,-10.130075097084044,0.6037735849056604,2,7,0,0,0,1,0.16540665947832167,7,outdoors,grass,0
16,Justin Herbert,93.3,23,29,300,2,0,0,0,0,0,269,15,23.74632158860467,18.78742820450238,1.1152416356877324,8,42,1,1,0,3,-0.6329364923774703,7,closed,matrixturf,66.66666666666666
16,Matthew Stafford,89.6,29,49,457,3,0,0,0,0,0,477,17,26.13978706189596,-2.744625757137934,0.958071278825996,2,6,0,0,0,0,-0.5652381323743612,4,outdoors,fieldturf,49.333333333333336
16,Brock Purdy,88.6,25,34,295,5,1,1,0,1,0,324,20,20.52938874952356,12.416314265944742,0.910493827160494,2,11,0,0,0,1,2.1698193810880184,8,closed,fieldturf,64
16,Trevor Lawrence,87.9,23,36,279,3,0,5,-14,0,0,281,12,9.17898456061692,5.511070106710706,0.99288256227758,6,20,1,0,0,5,3.0462317656492814,7,outdoors,grass,62.96296296296296
16,Joe Burrow,87.1,25,32,309,4,0,2,-11,0,0,182,16,20.577636317057937,15.812070270379383,1.6978021978021978,2,6,0,0,0,1,1.9888171715429053,7,outdoors,grass,68.18181818181817
16,Drake Maye,81.7,31,44,380,2,1,3,-6,1,1,474,17,14.748430786356934,12.496597922983623,0.8016877637130801,10,25,0,1,0,4,-4.259177191008348,7,outdoors,grass,53.84615384615385
16,Caleb Williams,80.1,19,34,250,2,0,0,0,0,0,331,10,5.730147249812788,0.6091309004816515,0.7552870090634441,3,30,0,0,0,1,3.072534947481472,6,outdoors,grass,57.89473684210527
16,Kirk Cousins,79.5,21,35,197,2,1,1,-7,0,0,197,11,8.094143539450123,-6.863564077545615,1,5,-3,1,1,1,3,-1.1451632203243207,10,closed,grass,57.77777777777777
16,Malik Willis,78.1,9,11,121,1,0,2,-6,0,0,90,6,7.545146690901612,20.27661746198481,1.3444444444444446,10,44,0,1,0,4,2.599537460540887,6,outdoors,grass,42.10526315789473
16,Jalen Hurts,77.4,22,30,185,2,0,2,-7,1,0,201,11,7.481149165453108,7.547666697666563,0.9203980099502488,7,40,0,0,0,3,1.4912218553945422,6,outdoors,grass,61.702127659574465
16,Geno Smith,76.9,16,23,201,2,1,3,-31,0,0,190,8,1.660395369748585,4.943414438854564,1.0578947368421052,0,0,0,0,0,0,0,7,closed,astroturf,47.72727272727273
16,C.J. Stroud,75.1,23,35,187,1,0,0,0,0,0,305,10,2.8858946117398543,-1.5157653128399569,0.6131147540983607,4,0,0,1,0,1,-5.823401534347795,7,closed,astroturf,52.27272727272727
16,Dak Prescott,75,21,30,244,2,0,1,-6,0,0,304,12,12.773347127090965,3.985550800959269,0.8026315789473685,2,14,0,0,0,1,-0.18794923881068823,7,closed,matrixturf,33.33333333333333
16,Bryce Young,73,21,32,191,2,0,2,-17,0,0,256,9,3.869500598785282,6.729625982622946,0.74609375,4,20,0,0,0,0,0.7972845909534954,7,outdoors,grass,53.48837209302325
16,Baker Mayfield,60.2,18,26,145,1,1,2,-18,0,0,151,9,2.8406915773513415,1.3597065210342407,0.9602649006622516,4,49,0,0,0,2,3.9166876488598064,10,outdoors,grass,46.51162790697674
16,Aaron Rodgers,56.9,27,41,266,1,0,2,-15,0,0,335,14,11.02383730131656,-1.3820029403034009,0.7940298507462686,2,9,0,0,0,0,-1.120367526775226,6,dome,fieldturf,54.71698113207547
16,Philip Rivers,52.2,23,35,277,2,1,2,-23,1,0,335,13,2.88488870732986,-1.169902767453875,0.826865671641791,0,0,0,0,0,0,0,8,closed,fieldturf,36
16,Jared Goff,48.8,34,54,364,3,0,3,-18,0,0,315,19,10.85180149512316,-7.189259334252431,1.1555555555555554,1,-1,0,0,0,0,0,7,dome,fieldturf,45.28301886792453
16,Josh Allen,46,12,19,130,0,0,2,-35,0,0,121,6,-8.47162467874642,-0.8783014284239875,1.0743801652892562,7,17,0,0,0,2,0.8688689016853459,7,outdoors,grass,53.48837209302325
16,J.J. McCarthy,39.5,9,14,108,0,1,3,-25,1,1,71,5,-8.341475736894443,-3.5681720290865218,1.5211267605633805,2,20,1,0,0,1,3.820021412393544,7,outdoors,fieldturf,55.172413793103445
16,Sam Darnold,36.2,22,34,270,2,2,4,-26,0,0,202,11,-2.733909410249675,1.3444929353652462,1.3366336633663367,3,7,0,0,0,1,0.3689882345497608,4,outdoors,fieldturf,50.66666666666667
16,Cam Ward,34.6,21,28,228,2,0,2,-16,0,0,163,11,6.7691199562978,10.43735632189998,1.3987730061349692,4,9,0,0,0,1,-4.205044235044625,7,outdoors,grass,74.28571428571429
16,Bo Nix,30.8,28,47,352,1,1,1,-8,0,0,449,14,0.28978906611595145,-3.132745720770048,0.7839643652561247,4,11,0,1,1,2,-6.4153945069992915,7,outdoors,grass,37.03703703703704
16,Jacoby Brissett,30.1,16,31,203,1,1,2,-15,0,0,228,9,-2.3956815187122373,-13.592558379830985,0.8903508771929824,1,5,0,0,0,1,0.6373369076754898,7,closed,grass,42.22222222222222
16,Tyler Shough,30,32,49,308,1,0,3,-18,0,0,387,16,2.715971924839229,-1.516262992568638,0.7958656330749354,2,8,0,0,0,0,-0.2752481629140675,7,dome,sportturf,82.85714285714286
16,Quinn Ewers,28.8,20,30,260,0,2,0,0,0,0,261,14,4.669538128830027,1.5516849427387631,0.9961685823754788,2,5,0,0,0,0,-3.5543508025584742,6,outdoors,grass,31.818181818181817
16,Shedeur Sanders,27.7,20,29,157,1,2,2,-21,0,0,54,8,-11.66789667433574,1.3728872493461326,2.907407407407407,4,49,0,0,0,2,5.121283457963727,7,outdoors,grass,46.51162790697674
16,Chris Oladokun,22.5,11,16,111,0,0,4,-44,1,0,80,4,-5.791025835023842,-1.6638477643330891,1.3875,2,7,0,0,0,0,-1.0193739521782843,7,outdoors,grass,25.71428571428571
16,Jaxson Dart,5,7,13,33,0,1,5,-20,0,0,84,1,-17.058195303693548,-17.342952352303726,0.3928571428571429,2,7,0,0,0,1,0.5067866676254198,7,outdoors,fieldturf,44.827586206896555
16,Brady Cook,3.3,22,35,188,0,1,8,-57,1,1,163,6,-21.28726561672206,-11.822786751915428,1.1533742331288344,1,2,0,0,0,0,-1.1635841124225408,7,dome,sportturf,17.142857142857142
17,Drake Maye,99.8,19,21,256,5,0,1,-1,0,0,181,15,29.20305700111203,29.301114593233383,1.4143646408839778,3,22,0,0,0,2,3.7167211283231154,7,outdoors,fieldturf,80.76923076923077
17,Malik Willis,94.2,18,21,288,1,0,1,-9,0,0,260,11,18.09736126777716,21.340339950152806,1.1076923076923078,9,60,2,1,1,5,-1.5022963917320675,7,outdoors,grass,36.92307692307693
17,Tyler Huntley,91.2,16,20,107,1,0,1,0,0,0,80,6,6.459272869196532,10.441548153758047,1.3375,8,60,0,0,0,5,4.826031491742469,6,outdoors,grass,63.07692307692307
17,Brock Purdy,84.1,24,33,303,3,1,1,-7,0,0,253,17,12.721325602731667,5.033049168008747,1.1976284584980237,6,28,2,0,0,3,3.4222996377793606,6,outdoors,grass,52.5
17,Jaxson Dart,83.7,22,30,207,0,0,2,-19,0,0,157,9,2.9834533862314583,4.899843191278392,1.3184713375796178,9,48,2,0,0,6,8.513515426253434,7,dome,grass,77.27272727272727
17,Tyler Shough,81.5,22,27,333,2,0,2,-13,1,0,282,11,18.168133304804503,19.823629436669528,1.180851063829787,4,6,0,0,0,0,-0.8790102528873831,7,outdoors,grass,56.666666666666664
17,Bo Nix,79,26,38,182,1,1,1,-7,0,0,206,12,2.9315951828450646,3.6181969417108073,0.883495145631068,9,42,1,0,0,4,5.079035855422262,4,outdoors,grass,60.60606060606061
17,Trevor Lawrence,76.9,23,37,263,0,1,2,-14,0,0,362,12,6.407494063077719,-0.2252337900367943,0.7265193370165746,8,26,2,0,0,4,-0.5685546166496351,7,closed,fieldturf,57.49999999999999
17,Caleb Williams,71.9,25,42,330,2,0,0,0,0,0,303,16,17.85968087814908,-2.6844049875552836,1.0891089108910892,5,18,0,0,0,2,0.16709638509200886,8,outdoors,grass,47.5
17,Kirk Cousins,71,13,20,126,1,0,0,0,0,0,167,9,4.9234958693196536,0.4969857633113861,0.7544910179640718,1,1,0,0,0,0,-0.34064475214108825,8,closed,fieldturf,52.94117647058824
17,Joe Burrow,68.5,24,31,305,2,0,3,-20,0,0,253,16,19.040834557091937,13.484671609155065,1.2055335968379446,3,2,0,0,0,1,1.6612778447160963,7,outdoors,fieldturf,72.54901960784314
17,Baker Mayfield,65.1,33,44,346,2,2,3,-19,2,1,360,14,1.7452288423128512,9.299012476747686,0.9611111111111112,3,16,0,0,0,2,2.3968048420501873,7,outdoors,grass,45.94594594594595
17,Dak Prescott,59.4,19,37,307,2,0,6,-38,0,0,382,13,11.738209206610886,-10.96162216530906,0.8036649214659686,4,24,0,0,0,3,0.5467728912481107,4,outdoors,grass,56.60377358490566
17,Josh Allen,55.3,23,35,262,0,0,5,-51,1,1,251,11,-9.433623532924567,-0.39322881987600616,1.043824701195219,7,27,2,1,0,4,3.9713253771478776,7,outdoors,a_turf,48
17,Cam Ward,54.1,21,40,251,2,0,4,-23,1,1,373,12,-8.58679033683069,-0.292186439037323,0.6729222520107239,2,10,0,0,0,0,-0.02958134049549699,7,outdoors,grass,43.333333333333336
17,C.J. Stroud,50.7,16,28,244,2,2,0,0,0,0,256,9,-4.726699392707863,-7.463044501267946,0.953125,4,0,0,0,0,0,-1.991905721835792,6,dome,matrixturf,55.55555555555556
17,Justin Herbert,47.6,21,32,236,1,1,5,-35,1,0,280,11,-8.8967715913491,1.1519169615161031,0.8428571428571429,6,37,0,1,0,2,0.9962482122937216,6,dome,matrixturf,44.44444444444444
17,Chris Oladokun,45.2,13,22,66,1,0,1,-9,0,0,112,4,-8.538842391839088,-1.7960478365421295,0.5892857142857143,2,11,0,0,0,0,0.2502366171393078,4,outdoors,grass,39.39393939393939
17,Matthew Stafford,41,22,38,269,2,3,3,-21,0,0,513,10,-2.7485058022918993,-3.0521249605549707,0.5243664717348928,0,0,0,0,0,0,0,11,closed,fieldturf,47.05882352941176
17,Jalen Hurts,39.5,13,27,110,1,0,1,-2,0,0,258,6,-5.003836322525522,-2.0993914116512644,0.4263565891472868,3,5,0,0,0,0,1.6311505116755145,8,outdoors,a_turf,52
17,Shedeur Sanders,36.2,17,23,186,1,2,2,-2,0,0,189,9,-5.503952378665726,7.93348447136257,0.984126984126984,4,20,0,0,0,0,0.43790172785520554,7,outdoors,grass,68.42105263157895
17,Quinn Ewers,34.7,14,22,172,2,0,2,-19,0,0,196,6,4.75685915748536,0.39217146960171784,0.8775510204081632,4,5,0,1,0,2,-1.032333998940885,7,outdoors,grass,54.054054054054056
17,Jared Goff,28.5,18,29,197,1,2,5,-34,1,1,199,12,-7.942518796557058,-9.006532923928622,0.9899497487437184,3,2,0,2,2,3,-9.788632262090688,4,dome,sportturf,30.303030303030305
17,Jacoby Brissett,28,21,37,212,2,0,4,-21,0,0,285,9,-0.7665200301562436,-5.66900977066585,0.743859649122807,0,0,0,0,0,0,0,7,outdoors,fieldturf,27.450980392156865
17,Geno Smith,27.5,20,28,176,1,2,3,-24,0,0,151,8,-4.807327864756445,7.47623649927286,1.1655629139072847,1,1,0,0,0,0,-0.8207931905053556,7,dome,grass,22.727272727272727
17,Sam Darnold,24.3,18,27,147,1,1,3,-22,1,1,141,8,-7.614296408668432,0.7474059095749488,1.0425531914893618,3,2,0,0,0,0,-5.928102289035451,10,outdoors,grass,72.97297297297297
17,Josh Johnson,21.3,15,23,198,0,0,1,-8,0,0,167,10,3.8668416299230666,4.837956740742638,1.18562874251497,2,10,0,0,0,0,-0.11399759887717664,5,outdoors,grass,43.39622641509434
17,Bryce Young,19.7,14,24,54,0,1,2,-14,0,0,43,3,-21.083584432897624,-7.111440669922602,1.255813953488372,9,27,1,0,0,3,-2.016493190312758,7,outdoors,grass,27.027027027027028
17,Philip Rivers,18.4,17,30,147,1,1,2,-12,0,0,240,9,-11.547117179092474,-9.688687118990668,0.6125,1,-1,0,0,0,0,0,6,closed,fieldturf,42.5
17,Aaron Rodgers,18.3,21,39,168,0,0,2,-8,1,0,228,9,-12.288341161524132,-9.123148950370584,0.7368421052631579,1,6,0,0,0,0,-0.15989060944411904,7,outdoors,grass,31.57894736842105
17,Brady Cook,13.9,19,33,152,0,1,1,-12,0,0,147,5,-15.155894567652666,-6.989774204069568,1.034013605442177,2,1,0,0,0,2,-0.5045525266323239,7,outdoors,fieldturf,19.230769230769234
17,Max Brosmer,8.8,9,16,51,0,0,7,-48,1,0,67,2,-17.56102286337363,-9.38992244856698,0.7611940298507462,2,16,0,0,0,1,1.8020107054617256,4,dome,sportturf,69.6969696969697
18,Mitchell Trubisky,90.7,22,29,259,4,0,0,0,0,0,199,16,22.484979077882834,12.69439650433404,1.3015075376884422,5,5,0,0,0,0,-2.909626185428351,7,outdoors,a_turf,81.3953488372093
18,Josh Johnson,88.8,14,22,131,1,1,0,0,0,0,123,9,4.4713646327930885,6.251351300038789,1.065040650406504,9,45,1,1,1,5,-3.906335411069449,10,outdoors,grass,58.536585365853654
18,Drake Maye,87.1,14,18,191,1,0,0,0,0,0,207,7,8.704066870734533,24.37955606728792,0.9227053140096618,5,41,0,0,0,3,4.718002898676787,7,outdoors,fieldturf,79.16666666666666
18,Matthew Stafford,85.5,25,40,259,4,0,1,-7,0,0,359,16,15.790981256604956,-1.8891859698939968,0.7214484679665738,1,3,0,0,0,0,-0.2608190809842199,6,dome,matrixturf,64.91228070175438
18,Riley Leonard,83.9,21,34,270,2,1,1,-8,1,1,307,10,1.852419717111808,1.089800614863634,0.8794788273615635,3,21,1,0,0,3,3.689711079379777,7,closed,astroturf,44.11764705882353
18,Trevor Lawrence,82.3,22,30,255,3,0,2,-16,0,0,289,15,10.174540717827018,11.807300304544382,0.8823529411764706,2,11,0,0,0,1,1.390131801366806,7,outdoors,grass,85.41666666666666
18,Baker Mayfield,73.5,16,22,203,1,1,2,-5,1,0,142,12,6.785642816727309,5.47834038734436,1.4295774647887325,4,31,0,0,0,2,2.550765930890418,6,outdoors,grass,53.333333333333336
18,J.J. McCarthy,68.5,14,23,182,0,0,0,0,0,0,175,9,7.575353343418948,-0.6627277894453569,1.04,2,7,0,0,0,2,-0.5353156215860508,10,dome,sportturf,84.21052631578947
18,Joe Burrow,67.8,29,39,236,3,1,2,-14,0,0,193,16,-3.44213337778626,6.812598909202375,1.2227979274611398,2,17,0,0,0,1,1.7067217039875686,7,outdoors,fieldturf,47.368421052631575
18,Jared Goff,66.4,27,42,331,1,1,2,-15,0,0,250,17,12.297426850869888,5.419437421692742,1.324,0,0,0,0,0,0,0,10,outdoors,grass,54.285714285714285
18,Aaron Rodgers,65.6,31,47,294,1,0,2,-4,0,0,325,14,7.450878767431444,1.2173842977393756,0.9046153846153846,1,20,0,0,0,1,1.8905530885094777,7,outdoors,grass,52
18,Tyler Shough,60.8,23,35,259,1,1,4,-27,0,0,281,10,-2.610019976324868,-1.691332459449768,0.9217081850533808,3,34,1,0,0,2,2.4376692943333182,7,closed,fieldturf,47.22222222222222
18,C.J. Stroud,59.2,14,23,169,1,0,0,0,0,0,139,7,4.116059748357543,-4.567932798748925,1.2158273381294964,2,5,1,0,0,1,0.7971470797201619,8,closed,astroturf,55.88235294117647
18,Caleb Williams,56.6,20,33,212,2,1,1,-7,0,0,260,10,-1.4431514345777687,0.05988201190685403,0.8153846153846154,1,1,0,0,0,0,-0.4986654566600919,7,outdoors,grass,45.714285714285715
18,Lamar Jackson,53.2,11,18,238,3,1,3,-16,0,0,177,5,8.699688167113292,2.5776792098494137,1.344632768361582,4,9,0,0,0,2,0.09616836878208623,8,outdoors,grass,48
18,Jaxson Dart,50.3,22,32,230,2,0,4,-11,1,0,174,14,13.778075418760707,6.334623886692908,1.3218390804597702,5,32,0,0,0,1,1.048600910730395,7,outdoors,fieldturf,66.66666666666666
18,Bryce Young,44.9,24,35,266,2,1,0,0,0,0,253,13,6.423850143753606,11.256302694479624,1.051383399209486,2,-1,0,1,0,1,-1.4993633158737794,6,outdoors,grass,46.666666666666664
18,Bo Nix,44,14,23,141,0,0,4,-17,0,0,26,6,-5.750905688056726,-12.681854030360348,5.423076923076923,8,49,0,0,0,3,3.4612892254954204,10,outdoors,grass,86.36363636363636
18,Jacoby Brissett,42.9,22,31,243,2,1,6,-33,1,1,232,12,-3.086792809573717,13.315247606348107,1.0474137931034482,3,19,0,0,0,1,0.23457666218746456,7,dome,matrixturf,35.08771929824561
18,Sam Darnold,36.3,20,26,198,0,0,2,-17,0,0,126,11,4.779637816391724,6.9315295953017015,1.5714285714285714,6,9,0,1,0,2,-2.0489672491094097,6,outdoors,grass,81.25
18,Quinn Ewers,35.1,16,23,137,1,1,4,-20,0,0,164,7,-8.63801070458212,3.1515641056973003,0.8353658536585366,1,9,0,0,0,0,0.9149772927630692,7,outdoors,fieldturf,20.833333333333336
18,Kirk Cousins,26.1,18,32,180,1,1,4,-21,0,0,221,11,-5.5532181065601005,-6.603640417257945,0.8144796380090498,3,0,0,0,0,0,-1.5841498447116464,6,closed,fieldturf,52.77777777777778
18,Brady Cook,24.6,11,22,60,1,0,1,-7,0,0,73,5,-6.332719674377469,-19.890870695764367,0.821917808219178,3,7,0,0,0,1,-0.4840300565119833,7,outdoors,a_turf,18.6046511627907
18,Brock Purdy,23.9,19,27,127,0,1,3,-7,0,0,129,8,-13.559072515919308,3.171529703670078,0.9844961240310076,2,21,0,0,0,1,0.9203100914601235,6,outdoors,grass,18.75
18,Tanner McKee,22.2,21,40,241,1,1,3,-14,0,0,383,13,-6.156729802117727,-1.3910784440882065,0.6292428198433421,2,3,0,0,0,0,-0.9614844333846122,7,outdoors,grass,41.46341463414634
18,Trey Lance,19.7,20,44,136,0,1,4,-32,1,1,395,7,-31.4968801013859,-11.003399287399493,0.34430379746835443,9,69,0,0,0,4,3.1848307533655316,8,outdoors,grass,13.636363636363637
18,Aidan O'Connell,16.3,10,22,102,0,0,1,-5,0,0,184,5,-5.86369217034538,-23.571797934445467,0.5543478260869565,1,7,0,0,0,0,0.15677049686200917,7,dome,grass,53.84615384615385
18,Shedeur Sanders,11.8,11,22,111,0,0,6,-29,1,1,196,4,-9.69716329078816,-11.779612302780151,0.5663265306122449,3,26,0,0,0,1,2.211836172849871,7,outdoors,fieldturf,52.63157894736842
18,Brandon Allen,9.9,17,30,72,0,1,1,-7,0,0,109,3,-24.02839085522935,-13.082239627838137,0.6605504587155964,0,0,0,0,0,0,0,7,outdoors,grass,14.583333333333334
18,Shane Buechele,5.6,7,14,88,0,0,5,-22,0,0,138,4,-6.825472935443697,-16.771898361352775,0.6376811594202898,1,4,0,0,0,0,-0.834705842891708,10,dome,grass,46.15384615384615
18,Chris Oladokun,1.6,11,17,58,0,0,3,-40,1,1,85,2,-15.793260905534137,-8.352303329636069,0.6823529411764706,1,0,0,1,1,0,-4.800101317814551,10,dome,grass,46.15384615384615
